[2025-07-02 22:37:55] live.ERROR: Uncaught ReflectionException: Class "App\Policies\ModelPolicy" does not exist in Command line code:1
Stack trace:
#0 Command line code(1): ReflectionClass->__construct('App\\Policies\\Mo...')
#1 [internal function]: {closure}('App\\Policies\\Mo...', 'App\\Model')
#2 Command line code(1): array_map(Object(Closure), Array, Array)
#3 {main}
  thrown {"exception":"[object] (Symfony\\Component\\ErrorHandler\\Error\\FatalError(code: 0): Uncaught ReflectionException: Class \"App\\Policies\\ModelPolicy\" does not exist in Command line code:1
Stack trace:
#0 Command line code(1): ReflectionClass->__construct('App\\\\Policies\\\\Mo...')
#1 [internal function]: {closure}('App\\\\Policies\\\\Mo...', 'App\\\\Model')
#2 Command line code(1): array_map(Object(Closure), Array, Array)
#3 {main}
  thrown at Command line code:1)
[stacktrace]
#0 E:\\wamp64\\www\\techsense\\vendor\\laravel\\framework\\src\\Illuminate\\Foundation\\Bootstrap\\HandleExceptions.php(259): Symfony\\Component\\ErrorHandler\\Error\\FatalError->__construct(message: ''Uncaught Refle...', code: '0', error: '['type' => 1, '...', traceOffset: '0', traceArgs: '???', trace: '???')
#1 E:\\wamp64\\www\\techsense\\vendor\\laravel\\framework\\src\\Illuminate\\Foundation\\Bootstrap\\HandleExceptions.php(246): Illuminate\\Foundation\\Bootstrap\\HandleExceptions->fatalErrorFromPhpError(error: '['type' => 1, '...', traceOffset: '0')
#2 E:\\wamp64\\www\\techsense\\vendor\\laravel\\framework\\src\\Illuminate\\Foundation\\Bootstrap\\HandleExceptions.php(270): Illuminate\\Foundation\\Bootstrap\\HandleExceptions->handleShutdown()
#3 E:\\wamp64\\www\\techsense\\vendor\\laravel\\framework\\src\\Illuminate\\Foundation\\Bootstrap\\HandleExceptions.php(0): Illuminate\\Foundation\\Bootstrap\\HandleExceptions->Illuminate\\Foundation\\Bootstrap\\{closure:E:\\wamp64\\www\\techsense\\vendor\\laravel\\framework\\src\\Illuminate\\Foundation\\Bootstrap\\HandleExceptions.php:269-271}()
#4 {main}
"} 
[2025-07-02 22:38:42] live.ERROR: Uncaught ReflectionException: Class "App\Policies\ModelPolicy" does not exist in Command line code:1
Stack trace:
#0 Command line code(1): ReflectionClass->__construct('App\\Policies\\Mo...')
#1 [internal function]: {closure}('App\\Policies\\Mo...', 'App\\Model')
#2 Command line code(1): array_map(Object(Closure), Array, Array)
#3 {main}
  thrown {"exception":"[object] (Symfony\\Component\\ErrorHandler\\Error\\FatalError(code: 0): Uncaught ReflectionException: Class \"App\\Policies\\ModelPolicy\" does not exist in Command line code:1
Stack trace:
#0 Command line code(1): ReflectionClass->__construct('App\\\\Policies\\\\Mo...')
#1 [internal function]: {closure}('App\\\\Policies\\\\Mo...', 'App\\\\Model')
#2 Command line code(1): array_map(Object(Closure), Array, Array)
#3 {main}
  thrown at Command line code:1)
[stacktrace]
#0 E:\\wamp64\\www\\techsense\\vendor\\laravel\\framework\\src\\Illuminate\\Foundation\\Bootstrap\\HandleExceptions.php(259): Symfony\\Component\\ErrorHandler\\Error\\FatalError->__construct(message: ''Uncaught Refle...', code: '0', error: '['type' => 1, '...', traceOffset: '0', traceArgs: '???', trace: '???')
#1 E:\\wamp64\\www\\techsense\\vendor\\laravel\\framework\\src\\Illuminate\\Foundation\\Bootstrap\\HandleExceptions.php(246): Illuminate\\Foundation\\Bootstrap\\HandleExceptions->fatalErrorFromPhpError(error: '['type' => 1, '...', traceOffset: '0')
#2 E:\\wamp64\\www\\techsense\\vendor\\laravel\\framework\\src\\Illuminate\\Foundation\\Bootstrap\\HandleExceptions.php(270): Illuminate\\Foundation\\Bootstrap\\HandleExceptions->handleShutdown()
#3 E:\\wamp64\\www\\techsense\\vendor\\laravel\\framework\\src\\Illuminate\\Foundation\\Bootstrap\\HandleExceptions.php(0): Illuminate\\Foundation\\Bootstrap\\HandleExceptions->Illuminate\\Foundation\\Bootstrap\\{closure:E:\\wamp64\\www\\techsense\\vendor\\laravel\\framework\\src\\Illuminate\\Foundation\\Bootstrap\\HandleExceptions.php:269-271}()
#4 {main}
"} 
[2025-07-02 22:39:42] live.ERROR: Uncaught ReflectionException: Class "App\Policies\ModelPolicy" does not exist in Command line code:1
Stack trace:
#0 Command line code(1): ReflectionClass->__construct('App\\Policies\\Mo...')
#1 [internal function]: {closure}('App\\Policies\\Mo...', 'App\\Model')
#2 Command line code(1): array_map(Object(Closure), Array, Array)
#3 {main}
  thrown {"exception":"[object] (Symfony\\Component\\ErrorHandler\\Error\\FatalError(code: 0): Uncaught ReflectionException: Class \"App\\Policies\\ModelPolicy\" does not exist in Command line code:1
Stack trace:
#0 Command line code(1): ReflectionClass->__construct('App\\\\Policies\\\\Mo...')
#1 [internal function]: {closure}('App\\\\Policies\\\\Mo...', 'App\\\\Model')
#2 Command line code(1): array_map(Object(Closure), Array, Array)
#3 {main}
  thrown at Command line code:1)
[stacktrace]
#0 E:\\wamp64\\www\\techsense\\vendor\\laravel\\framework\\src\\Illuminate\\Foundation\\Bootstrap\\HandleExceptions.php(259): Symfony\\Component\\ErrorHandler\\Error\\FatalError->__construct(message: ''Uncaught Refle...', code: '0', error: '['type' => 1, '...', traceOffset: '0', traceArgs: '???', trace: '???')
#1 E:\\wamp64\\www\\techsense\\vendor\\laravel\\framework\\src\\Illuminate\\Foundation\\Bootstrap\\HandleExceptions.php(246): Illuminate\\Foundation\\Bootstrap\\HandleExceptions->fatalErrorFromPhpError(error: '['type' => 1, '...', traceOffset: '0')
#2 E:\\wamp64\\www\\techsense\\vendor\\laravel\\framework\\src\\Illuminate\\Foundation\\Bootstrap\\HandleExceptions.php(270): Illuminate\\Foundation\\Bootstrap\\HandleExceptions->handleShutdown()
#3 E:\\wamp64\\www\\techsense\\vendor\\laravel\\framework\\src\\Illuminate\\Foundation\\Bootstrap\\HandleExceptions.php(0): Illuminate\\Foundation\\Bootstrap\\HandleExceptions->Illuminate\\Foundation\\Bootstrap\\{closure:E:\\wamp64\\www\\techsense\\vendor\\laravel\\framework\\src\\Illuminate\\Foundation\\Bootstrap\\HandleExceptions.php:269-271}()
#4 {main}
"} 
[2025-07-02 22:40:42] live.ERROR: Uncaught ReflectionException: Class "App\Policies\ModelPolicy" does not exist in Command line code:1
Stack trace:
#0 Command line code(1): ReflectionClass->__construct('App\\Policies\\Mo...')
#1 [internal function]: {closure}('App\\Policies\\Mo...', 'App\\Model')
#2 Command line code(1): array_map(Object(Closure), Array, Array)
#3 {main}
  thrown {"exception":"[object] (Symfony\\Component\\ErrorHandler\\Error\\FatalError(code: 0): Uncaught ReflectionException: Class \"App\\Policies\\ModelPolicy\" does not exist in Command line code:1
Stack trace:
#0 Command line code(1): ReflectionClass->__construct('App\\\\Policies\\\\Mo...')
#1 [internal function]: {closure}('App\\\\Policies\\\\Mo...', 'App\\\\Model')
#2 Command line code(1): array_map(Object(Closure), Array, Array)
#3 {main}
  thrown at Command line code:1)
[stacktrace]
#0 E:\\wamp64\\www\\techsense\\vendor\\laravel\\framework\\src\\Illuminate\\Foundation\\Bootstrap\\HandleExceptions.php(259): Symfony\\Component\\ErrorHandler\\Error\\FatalError->__construct(message: ''Uncaught Refle...', code: '0', error: '['type' => 1, '...', traceOffset: '0', traceArgs: '???', trace: '???')
#1 E:\\wamp64\\www\\techsense\\vendor\\laravel\\framework\\src\\Illuminate\\Foundation\\Bootstrap\\HandleExceptions.php(246): Illuminate\\Foundation\\Bootstrap\\HandleExceptions->fatalErrorFromPhpError(error: '['type' => 1, '...', traceOffset: '0')
#2 E:\\wamp64\\www\\techsense\\vendor\\laravel\\framework\\src\\Illuminate\\Foundation\\Bootstrap\\HandleExceptions.php(270): Illuminate\\Foundation\\Bootstrap\\HandleExceptions->handleShutdown()
#3 E:\\wamp64\\www\\techsense\\vendor\\laravel\\framework\\src\\Illuminate\\Foundation\\Bootstrap\\HandleExceptions.php(0): Illuminate\\Foundation\\Bootstrap\\HandleExceptions->Illuminate\\Foundation\\Bootstrap\\{closure:E:\\wamp64\\www\\techsense\\vendor\\laravel\\framework\\src\\Illuminate\\Foundation\\Bootstrap\\HandleExceptions.php:269-271}()
#4 {main}
"} 
[2025-07-02 22:41:42] live.ERROR: Uncaught ReflectionException: Class "App\Policies\ModelPolicy" does not exist in Command line code:1
Stack trace:
#0 Command line code(1): ReflectionClass->__construct('App\\Policies\\Mo...')
#1 [internal function]: {closure}('App\\Policies\\Mo...', 'App\\Model')
#2 Command line code(1): array_map(Object(Closure), Array, Array)
#3 {main}
  thrown {"exception":"[object] (Symfony\\Component\\ErrorHandler\\Error\\FatalError(code: 0): Uncaught ReflectionException: Class \"App\\Policies\\ModelPolicy\" does not exist in Command line code:1
Stack trace:
#0 Command line code(1): ReflectionClass->__construct('App\\\\Policies\\\\Mo...')
#1 [internal function]: {closure}('App\\\\Policies\\\\Mo...', 'App\\\\Model')
#2 Command line code(1): array_map(Object(Closure), Array, Array)
#3 {main}
  thrown at Command line code:1)
[stacktrace]
#0 E:\\wamp64\\www\\techsense\\vendor\\laravel\\framework\\src\\Illuminate\\Foundation\\Bootstrap\\HandleExceptions.php(259): Symfony\\Component\\ErrorHandler\\Error\\FatalError->__construct(message: ''Uncaught Refle...', code: '0', error: '['type' => 1, '...', traceOffset: '0', traceArgs: '???', trace: '???')
#1 E:\\wamp64\\www\\techsense\\vendor\\laravel\\framework\\src\\Illuminate\\Foundation\\Bootstrap\\HandleExceptions.php(246): Illuminate\\Foundation\\Bootstrap\\HandleExceptions->fatalErrorFromPhpError(error: '['type' => 1, '...', traceOffset: '0')
#2 E:\\wamp64\\www\\techsense\\vendor\\laravel\\framework\\src\\Illuminate\\Foundation\\Bootstrap\\HandleExceptions.php(270): Illuminate\\Foundation\\Bootstrap\\HandleExceptions->handleShutdown()
#3 E:\\wamp64\\www\\techsense\\vendor\\laravel\\framework\\src\\Illuminate\\Foundation\\Bootstrap\\HandleExceptions.php(0): Illuminate\\Foundation\\Bootstrap\\HandleExceptions->Illuminate\\Foundation\\Bootstrap\\{closure:E:\\wamp64\\www\\techsense\\vendor\\laravel\\framework\\src\\Illuminate\\Foundation\\Bootstrap\\HandleExceptions.php:269-271}()
#4 {main}
"} 
[2025-07-02 22:42:42] live.ERROR: Uncaught ReflectionException: Class "App\Policies\ModelPolicy" does not exist in Command line code:1
Stack trace:
#0 Command line code(1): ReflectionClass->__construct('App\\Policies\\Mo...')
#1 [internal function]: {closure}('App\\Policies\\Mo...', 'App\\Model')
#2 Command line code(1): array_map(Object(Closure), Array, Array)
#3 {main}
  thrown {"exception":"[object] (Symfony\\Component\\ErrorHandler\\Error\\FatalError(code: 0): Uncaught ReflectionException: Class \"App\\Policies\\ModelPolicy\" does not exist in Command line code:1
Stack trace:
#0 Command line code(1): ReflectionClass->__construct('App\\\\Policies\\\\Mo...')
#1 [internal function]: {closure}('App\\\\Policies\\\\Mo...', 'App\\\\Model')
#2 Command line code(1): array_map(Object(Closure), Array, Array)
#3 {main}
  thrown at Command line code:1)
[stacktrace]
#0 E:\\wamp64\\www\\techsense\\vendor\\laravel\\framework\\src\\Illuminate\\Foundation\\Bootstrap\\HandleExceptions.php(259): Symfony\\Component\\ErrorHandler\\Error\\FatalError->__construct(message: ''Uncaught Refle...', code: '0', error: '['type' => 1, '...', traceOffset: '0', traceArgs: '???', trace: '???')
#1 E:\\wamp64\\www\\techsense\\vendor\\laravel\\framework\\src\\Illuminate\\Foundation\\Bootstrap\\HandleExceptions.php(246): Illuminate\\Foundation\\Bootstrap\\HandleExceptions->fatalErrorFromPhpError(error: '['type' => 1, '...', traceOffset: '0')
#2 E:\\wamp64\\www\\techsense\\vendor\\laravel\\framework\\src\\Illuminate\\Foundation\\Bootstrap\\HandleExceptions.php(270): Illuminate\\Foundation\\Bootstrap\\HandleExceptions->handleShutdown()
#3 E:\\wamp64\\www\\techsense\\vendor\\laravel\\framework\\src\\Illuminate\\Foundation\\Bootstrap\\HandleExceptions.php(0): Illuminate\\Foundation\\Bootstrap\\HandleExceptions->Illuminate\\Foundation\\Bootstrap\\{closure:E:\\wamp64\\www\\techsense\\vendor\\laravel\\framework\\src\\Illuminate\\Foundation\\Bootstrap\\HandleExceptions.php:269-271}()
#4 {main}
"} 
[2025-07-02 22:43:42] live.ERROR: Uncaught ReflectionException: Class "App\Policies\ModelPolicy" does not exist in Command line code:1
Stack trace:
#0 Command line code(1): ReflectionClass->__construct('App\\Policies\\Mo...')
#1 [internal function]: {closure}('App\\Policies\\Mo...', 'App\\Model')
#2 Command line code(1): array_map(Object(Closure), Array, Array)
#3 {main}
  thrown {"exception":"[object] (Symfony\\Component\\ErrorHandler\\Error\\FatalError(code: 0): Uncaught ReflectionException: Class \"App\\Policies\\ModelPolicy\" does not exist in Command line code:1
Stack trace:
#0 Command line code(1): ReflectionClass->__construct('App\\\\Policies\\\\Mo...')
#1 [internal function]: {closure}('App\\\\Policies\\\\Mo...', 'App\\\\Model')
#2 Command line code(1): array_map(Object(Closure), Array, Array)
#3 {main}
  thrown at Command line code:1)
[stacktrace]
#0 E:\\wamp64\\www\\techsense\\vendor\\laravel\\framework\\src\\Illuminate\\Foundation\\Bootstrap\\HandleExceptions.php(259): Symfony\\Component\\ErrorHandler\\Error\\FatalError->__construct(message: ''Uncaught Refle...', code: '0', error: '['type' => 1, '...', traceOffset: '0', traceArgs: '???', trace: '???')
#1 E:\\wamp64\\www\\techsense\\vendor\\laravel\\framework\\src\\Illuminate\\Foundation\\Bootstrap\\HandleExceptions.php(246): Illuminate\\Foundation\\Bootstrap\\HandleExceptions->fatalErrorFromPhpError(error: '['type' => 1, '...', traceOffset: '0')
#2 E:\\wamp64\\www\\techsense\\vendor\\laravel\\framework\\src\\Illuminate\\Foundation\\Bootstrap\\HandleExceptions.php(270): Illuminate\\Foundation\\Bootstrap\\HandleExceptions->handleShutdown()
#3 E:\\wamp64\\www\\techsense\\vendor\\laravel\\framework\\src\\Illuminate\\Foundation\\Bootstrap\\HandleExceptions.php(0): Illuminate\\Foundation\\Bootstrap\\HandleExceptions->Illuminate\\Foundation\\Bootstrap\\{closure:E:\\wamp64\\www\\techsense\\vendor\\laravel\\framework\\src\\Illuminate\\Foundation\\Bootstrap\\HandleExceptions.php:269-271}()
#4 {main}
"} 
[2025-07-02 22:44:42] live.ERROR: Uncaught ReflectionException: Class "App\Policies\ModelPolicy" does not exist in Command line code:1
Stack trace:
#0 Command line code(1): ReflectionClass->__construct('App\\Policies\\Mo...')
#1 [internal function]: {closure}('App\\Policies\\Mo...', 'App\\Model')
#2 Command line code(1): array_map(Object(Closure), Array, Array)
#3 {main}
  thrown {"exception":"[object] (Symfony\\Component\\ErrorHandler\\Error\\FatalError(code: 0): Uncaught ReflectionException: Class \"App\\Policies\\ModelPolicy\" does not exist in Command line code:1
Stack trace:
#0 Command line code(1): ReflectionClass->__construct('App\\\\Policies\\\\Mo...')
#1 [internal function]: {closure}('App\\\\Policies\\\\Mo...', 'App\\\\Model')
#2 Command line code(1): array_map(Object(Closure), Array, Array)
#3 {main}
  thrown at Command line code:1)
[stacktrace]
#0 E:\\wamp64\\www\\techsense\\vendor\\laravel\\framework\\src\\Illuminate\\Foundation\\Bootstrap\\HandleExceptions.php(259): Symfony\\Component\\ErrorHandler\\Error\\FatalError->__construct(message: ''Uncaught Refle...', code: '0', error: '['type' => 1, '...', traceOffset: '0', traceArgs: '???', trace: '???')
#1 E:\\wamp64\\www\\techsense\\vendor\\laravel\\framework\\src\\Illuminate\\Foundation\\Bootstrap\\HandleExceptions.php(246): Illuminate\\Foundation\\Bootstrap\\HandleExceptions->fatalErrorFromPhpError(error: '['type' => 1, '...', traceOffset: '0')
#2 E:\\wamp64\\www\\techsense\\vendor\\laravel\\framework\\src\\Illuminate\\Foundation\\Bootstrap\\HandleExceptions.php(270): Illuminate\\Foundation\\Bootstrap\\HandleExceptions->handleShutdown()
#3 E:\\wamp64\\www\\techsense\\vendor\\laravel\\framework\\src\\Illuminate\\Foundation\\Bootstrap\\HandleExceptions.php(0): Illuminate\\Foundation\\Bootstrap\\HandleExceptions->Illuminate\\Foundation\\Bootstrap\\{closure:E:\\wamp64\\www\\techsense\\vendor\\laravel\\framework\\src\\Illuminate\\Foundation\\Bootstrap\\HandleExceptions.php:269-271}()
#4 {main}
"} 
[2025-07-02 22:45:42] live.ERROR: Uncaught ReflectionException: Class "App\Policies\ModelPolicy" does not exist in Command line code:1
Stack trace:
#0 Command line code(1): ReflectionClass->__construct('App\\Policies\\Mo...')
#1 [internal function]: {closure}('App\\Policies\\Mo...', 'App\\Model')
#2 Command line code(1): array_map(Object(Closure), Array, Array)
#3 {main}
  thrown {"exception":"[object] (Symfony\\Component\\ErrorHandler\\Error\\FatalError(code: 0): Uncaught ReflectionException: Class \"App\\Policies\\ModelPolicy\" does not exist in Command line code:1
Stack trace:
#0 Command line code(1): ReflectionClass->__construct('App\\\\Policies\\\\Mo...')
#1 [internal function]: {closure}('App\\\\Policies\\\\Mo...', 'App\\\\Model')
#2 Command line code(1): array_map(Object(Closure), Array, Array)
#3 {main}
  thrown at Command line code:1)
[stacktrace]
#0 E:\\wamp64\\www\\techsense\\vendor\\laravel\\framework\\src\\Illuminate\\Foundation\\Bootstrap\\HandleExceptions.php(259): Symfony\\Component\\ErrorHandler\\Error\\FatalError->__construct(message: ''Uncaught Refle...', code: '0', error: '['type' => 1, '...', traceOffset: '0', traceArgs: '???', trace: '???')
#1 E:\\wamp64\\www\\techsense\\vendor\\laravel\\framework\\src\\Illuminate\\Foundation\\Bootstrap\\HandleExceptions.php(246): Illuminate\\Foundation\\Bootstrap\\HandleExceptions->fatalErrorFromPhpError(error: '['type' => 1, '...', traceOffset: '0')
#2 E:\\wamp64\\www\\techsense\\vendor\\laravel\\framework\\src\\Illuminate\\Foundation\\Bootstrap\\HandleExceptions.php(270): Illuminate\\Foundation\\Bootstrap\\HandleExceptions->handleShutdown()
#3 E:\\wamp64\\www\\techsense\\vendor\\laravel\\framework\\src\\Illuminate\\Foundation\\Bootstrap\\HandleExceptions.php(0): Illuminate\\Foundation\\Bootstrap\\HandleExceptions->Illuminate\\Foundation\\Bootstrap\\{closure:E:\\wamp64\\www\\techsense\\vendor\\laravel\\framework\\src\\Illuminate\\Foundation\\Bootstrap\\HandleExceptions.php:269-271}()
#4 {main}
"} 
[2025-07-02 22:46:42] live.ERROR: Uncaught ReflectionException: Class "App\Policies\ModelPolicy" does not exist in Command line code:1
Stack trace:
#0 Command line code(1): ReflectionClass->__construct('App\\Policies\\Mo...')
#1 [internal function]: {closure}('App\\Policies\\Mo...', 'App\\Model')
#2 Command line code(1): array_map(Object(Closure), Array, Array)
#3 {main}
  thrown {"exception":"[object] (Symfony\\Component\\ErrorHandler\\Error\\FatalError(code: 0): Uncaught ReflectionException: Class \"App\\Policies\\ModelPolicy\" does not exist in Command line code:1
Stack trace:
#0 Command line code(1): ReflectionClass->__construct('App\\\\Policies\\\\Mo...')
#1 [internal function]: {closure}('App\\\\Policies\\\\Mo...', 'App\\\\Model')
#2 Command line code(1): array_map(Object(Closure), Array, Array)
#3 {main}
  thrown at Command line code:1)
[stacktrace]
#0 E:\\wamp64\\www\\techsense\\vendor\\laravel\\framework\\src\\Illuminate\\Foundation\\Bootstrap\\HandleExceptions.php(259): Symfony\\Component\\ErrorHandler\\Error\\FatalError->__construct(message: ''Uncaught Refle...', code: '0', error: '['type' => 1, '...', traceOffset: '0', traceArgs: '???', trace: '???')
#1 E:\\wamp64\\www\\techsense\\vendor\\laravel\\framework\\src\\Illuminate\\Foundation\\Bootstrap\\HandleExceptions.php(246): Illuminate\\Foundation\\Bootstrap\\HandleExceptions->fatalErrorFromPhpError(error: '['type' => 1, '...', traceOffset: '0')
#2 E:\\wamp64\\www\\techsense\\vendor\\laravel\\framework\\src\\Illuminate\\Foundation\\Bootstrap\\HandleExceptions.php(270): Illuminate\\Foundation\\Bootstrap\\HandleExceptions->handleShutdown()
#3 E:\\wamp64\\www\\techsense\\vendor\\laravel\\framework\\src\\Illuminate\\Foundation\\Bootstrap\\HandleExceptions.php(0): Illuminate\\Foundation\\Bootstrap\\HandleExceptions->Illuminate\\Foundation\\Bootstrap\\{closure:E:\\wamp64\\www\\techsense\\vendor\\laravel\\framework\\src\\Illuminate\\Foundation\\Bootstrap\\HandleExceptions.php:269-271}()
#4 {main}
"} 
[2025-07-02 22:47:42] live.ERROR: Uncaught ReflectionException: Class "App\Policies\ModelPolicy" does not exist in Command line code:1
Stack trace:
#0 Command line code(1): ReflectionClass->__construct('App\\Policies\\Mo...')
#1 [internal function]: {closure}('App\\Policies\\Mo...', 'App\\Model')
#2 Command line code(1): array_map(Object(Closure), Array, Array)
#3 {main}
  thrown {"exception":"[object] (Symfony\\Component\\ErrorHandler\\Error\\FatalError(code: 0): Uncaught ReflectionException: Class \"App\\Policies\\ModelPolicy\" does not exist in Command line code:1
Stack trace:
#0 Command line code(1): ReflectionClass->__construct('App\\\\Policies\\\\Mo...')
#1 [internal function]: {closure}('App\\\\Policies\\\\Mo...', 'App\\\\Model')
#2 Command line code(1): array_map(Object(Closure), Array, Array)
#3 {main}
  thrown at Command line code:1)
[stacktrace]
#0 E:\\wamp64\\www\\techsense\\vendor\\laravel\\framework\\src\\Illuminate\\Foundation\\Bootstrap\\HandleExceptions.php(259): Symfony\\Component\\ErrorHandler\\Error\\FatalError->__construct(message: ''Uncaught Refle...', code: '0', error: '['type' => 1, '...', traceOffset: '0', traceArgs: '???', trace: '???')
#1 E:\\wamp64\\www\\techsense\\vendor\\laravel\\framework\\src\\Illuminate\\Foundation\\Bootstrap\\HandleExceptions.php(246): Illuminate\\Foundation\\Bootstrap\\HandleExceptions->fatalErrorFromPhpError(error: '['type' => 1, '...', traceOffset: '0')
#2 E:\\wamp64\\www\\techsense\\vendor\\laravel\\framework\\src\\Illuminate\\Foundation\\Bootstrap\\HandleExceptions.php(270): Illuminate\\Foundation\\Bootstrap\\HandleExceptions->handleShutdown()
#3 E:\\wamp64\\www\\techsense\\vendor\\laravel\\framework\\src\\Illuminate\\Foundation\\Bootstrap\\HandleExceptions.php(0): Illuminate\\Foundation\\Bootstrap\\HandleExceptions->Illuminate\\Foundation\\Bootstrap\\{closure:E:\\wamp64\\www\\techsense\\vendor\\laravel\\framework\\src\\Illuminate\\Foundation\\Bootstrap\\HandleExceptions.php:269-271}()
#4 {main}
"} 
[2025-07-02 22:48:42] live.ERROR: Uncaught ReflectionException: Class "App\Policies\ModelPolicy" does not exist in Command line code:1
Stack trace:
#0 Command line code(1): ReflectionClass->__construct('App\\Policies\\Mo...')
#1 [internal function]: {closure}('App\\Policies\\Mo...', 'App\\Model')
#2 Command line code(1): array_map(Object(Closure), Array, Array)
#3 {main}
  thrown {"exception":"[object] (Symfony\\Component\\ErrorHandler\\Error\\FatalError(code: 0): Uncaught ReflectionException: Class \"App\\Policies\\ModelPolicy\" does not exist in Command line code:1
Stack trace:
#0 Command line code(1): ReflectionClass->__construct('App\\\\Policies\\\\Mo...')
#1 [internal function]: {closure}('App\\\\Policies\\\\Mo...', 'App\\\\Model')
#2 Command line code(1): array_map(Object(Closure), Array, Array)
#3 {main}
  thrown at Command line code:1)
[stacktrace]
#0 E:\\wamp64\\www\\techsense\\vendor\\laravel\\framework\\src\\Illuminate\\Foundation\\Bootstrap\\HandleExceptions.php(259): Symfony\\Component\\ErrorHandler\\Error\\FatalError->__construct(message: ''Uncaught Refle...', code: '0', error: '['type' => 1, '...', traceOffset: '0', traceArgs: '???', trace: '???')
#1 E:\\wamp64\\www\\techsense\\vendor\\laravel\\framework\\src\\Illuminate\\Foundation\\Bootstrap\\HandleExceptions.php(246): Illuminate\\Foundation\\Bootstrap\\HandleExceptions->fatalErrorFromPhpError(error: '['type' => 1, '...', traceOffset: '0')
#2 E:\\wamp64\\www\\techsense\\vendor\\laravel\\framework\\src\\Illuminate\\Foundation\\Bootstrap\\HandleExceptions.php(270): Illuminate\\Foundation\\Bootstrap\\HandleExceptions->handleShutdown()
#3 E:\\wamp64\\www\\techsense\\vendor\\laravel\\framework\\src\\Illuminate\\Foundation\\Bootstrap\\HandleExceptions.php(0): Illuminate\\Foundation\\Bootstrap\\HandleExceptions->Illuminate\\Foundation\\Bootstrap\\{closure:E:\\wamp64\\www\\techsense\\vendor\\laravel\\framework\\src\\Illuminate\\Foundation\\Bootstrap\\HandleExceptions.php:269-271}()
#4 {main}
"} 
[2025-07-02 22:49:42] live.ERROR: Uncaught ReflectionException: Class "App\Policies\ModelPolicy" does not exist in Command line code:1
Stack trace:
#0 Command line code(1): ReflectionClass->__construct('App\\Policies\\Mo...')
#1 [internal function]: {closure}('App\\Policies\\Mo...', 'App\\Model')
#2 Command line code(1): array_map(Object(Closure), Array, Array)
#3 {main}
  thrown {"exception":"[object] (Symfony\\Component\\ErrorHandler\\Error\\FatalError(code: 0): Uncaught ReflectionException: Class \"App\\Policies\\ModelPolicy\" does not exist in Command line code:1
Stack trace:
#0 Command line code(1): ReflectionClass->__construct('App\\\\Policies\\\\Mo...')
#1 [internal function]: {closure}('App\\\\Policies\\\\Mo...', 'App\\\\Model')
#2 Command line code(1): array_map(Object(Closure), Array, Array)
#3 {main}
  thrown at Command line code:1)
[stacktrace]
#0 E:\\wamp64\\www\\techsense\\vendor\\laravel\\framework\\src\\Illuminate\\Foundation\\Bootstrap\\HandleExceptions.php(259): Symfony\\Component\\ErrorHandler\\Error\\FatalError->__construct(message: ''Uncaught Refle...', code: '0', error: '['type' => 1, '...', traceOffset: '0', traceArgs: '???', trace: '???')
#1 E:\\wamp64\\www\\techsense\\vendor\\laravel\\framework\\src\\Illuminate\\Foundation\\Bootstrap\\HandleExceptions.php(246): Illuminate\\Foundation\\Bootstrap\\HandleExceptions->fatalErrorFromPhpError(error: '['type' => 1, '...', traceOffset: '0')
#2 E:\\wamp64\\www\\techsense\\vendor\\laravel\\framework\\src\\Illuminate\\Foundation\\Bootstrap\\HandleExceptions.php(270): Illuminate\\Foundation\\Bootstrap\\HandleExceptions->handleShutdown()
#3 E:\\wamp64\\www\\techsense\\vendor\\laravel\\framework\\src\\Illuminate\\Foundation\\Bootstrap\\HandleExceptions.php(0): Illuminate\\Foundation\\Bootstrap\\HandleExceptions->Illuminate\\Foundation\\Bootstrap\\{closure:E:\\wamp64\\www\\techsense\\vendor\\laravel\\framework\\src\\Illuminate\\Foundation\\Bootstrap\\HandleExceptions.php:269-271}()
#4 {main}
"} 
[2025-07-02 22:50:42] live.ERROR: Uncaught ReflectionException: Class "App\Policies\ModelPolicy" does not exist in Command line code:1
Stack trace:
#0 Command line code(1): ReflectionClass->__construct('App\\Policies\\Mo...')
#1 [internal function]: {closure}('App\\Policies\\Mo...', 'App\\Model')
#2 Command line code(1): array_map(Object(Closure), Array, Array)
#3 {main}
  thrown {"exception":"[object] (Symfony\\Component\\ErrorHandler\\Error\\FatalError(code: 0): Uncaught ReflectionException: Class \"App\\Policies\\ModelPolicy\" does not exist in Command line code:1
Stack trace:
#0 Command line code(1): ReflectionClass->__construct('App\\\\Policies\\\\Mo...')
#1 [internal function]: {closure}('App\\\\Policies\\\\Mo...', 'App\\\\Model')
#2 Command line code(1): array_map(Object(Closure), Array, Array)
#3 {main}
  thrown at Command line code:1)
[stacktrace]
#0 E:\\wamp64\\www\\techsense\\vendor\\laravel\\framework\\src\\Illuminate\\Foundation\\Bootstrap\\HandleExceptions.php(259): Symfony\\Component\\ErrorHandler\\Error\\FatalError->__construct(message: ''Uncaught Refle...', code: '0', error: '['type' => 1, '...', traceOffset: '0', traceArgs: '???', trace: '???')
#1 E:\\wamp64\\www\\techsense\\vendor\\laravel\\framework\\src\\Illuminate\\Foundation\\Bootstrap\\HandleExceptions.php(246): Illuminate\\Foundation\\Bootstrap\\HandleExceptions->fatalErrorFromPhpError(error: '['type' => 1, '...', traceOffset: '0')
#2 E:\\wamp64\\www\\techsense\\vendor\\laravel\\framework\\src\\Illuminate\\Foundation\\Bootstrap\\HandleExceptions.php(270): Illuminate\\Foundation\\Bootstrap\\HandleExceptions->handleShutdown()
#3 E:\\wamp64\\www\\techsense\\vendor\\laravel\\framework\\src\\Illuminate\\Foundation\\Bootstrap\\HandleExceptions.php(0): Illuminate\\Foundation\\Bootstrap\\HandleExceptions->Illuminate\\Foundation\\Bootstrap\\{closure:E:\\wamp64\\www\\techsense\\vendor\\laravel\\framework\\src\\Illuminate\\Foundation\\Bootstrap\\HandleExceptions.php:269-271}()
#4 {main}
"} 
[2025-07-02 22:51:42] live.ERROR: Uncaught ReflectionException: Class "App\Policies\ModelPolicy" does not exist in Command line code:1
Stack trace:
#0 Command line code(1): ReflectionClass->__construct('App\\Policies\\Mo...')
#1 [internal function]: {closure}('App\\Policies\\Mo...', 'App\\Model')
#2 Command line code(1): array_map(Object(Closure), Array, Array)
#3 {main}
  thrown {"exception":"[object] (Symfony\\Component\\ErrorHandler\\Error\\FatalError(code: 0): Uncaught ReflectionException: Class \"App\\Policies\\ModelPolicy\" does not exist in Command line code:1
Stack trace:
#0 Command line code(1): ReflectionClass->__construct('App\\\\Policies\\\\Mo...')
#1 [internal function]: {closure}('App\\\\Policies\\\\Mo...', 'App\\\\Model')
#2 Command line code(1): array_map(Object(Closure), Array, Array)
#3 {main}
  thrown at Command line code:1)
[stacktrace]
#0 E:\\wamp64\\www\\techsense\\vendor\\laravel\\framework\\src\\Illuminate\\Foundation\\Bootstrap\\HandleExceptions.php(259): Symfony\\Component\\ErrorHandler\\Error\\FatalError->__construct(message: ''Uncaught Refle...', code: '0', error: '['type' => 1, '...', traceOffset: '0', traceArgs: '???', trace: '???')
#1 E:\\wamp64\\www\\techsense\\vendor\\laravel\\framework\\src\\Illuminate\\Foundation\\Bootstrap\\HandleExceptions.php(246): Illuminate\\Foundation\\Bootstrap\\HandleExceptions->fatalErrorFromPhpError(error: '['type' => 1, '...', traceOffset: '0')
#2 E:\\wamp64\\www\\techsense\\vendor\\laravel\\framework\\src\\Illuminate\\Foundation\\Bootstrap\\HandleExceptions.php(270): Illuminate\\Foundation\\Bootstrap\\HandleExceptions->handleShutdown()
#3 E:\\wamp64\\www\\techsense\\vendor\\laravel\\framework\\src\\Illuminate\\Foundation\\Bootstrap\\HandleExceptions.php(0): Illuminate\\Foundation\\Bootstrap\\HandleExceptions->Illuminate\\Foundation\\Bootstrap\\{closure:E:\\wamp64\\www\\techsense\\vendor\\laravel\\framework\\src\\Illuminate\\Foundation\\Bootstrap\\HandleExceptions.php:269-271}()
#4 {main}
"} 
[2025-07-02 22:52:42] live.ERROR: Uncaught ReflectionException: Class "App\Policies\ModelPolicy" does not exist in Command line code:1
Stack trace:
#0 Command line code(1): ReflectionClass->__construct('App\\Policies\\Mo...')
#1 [internal function]: {closure}('App\\Policies\\Mo...', 'App\\Model')
#2 Command line code(1): array_map(Object(Closure), Array, Array)
#3 {main}
  thrown {"exception":"[object] (Symfony\\Component\\ErrorHandler\\Error\\FatalError(code: 0): Uncaught ReflectionException: Class \"App\\Policies\\ModelPolicy\" does not exist in Command line code:1
Stack trace:
#0 Command line code(1): ReflectionClass->__construct('App\\\\Policies\\\\Mo...')
#1 [internal function]: {closure}('App\\\\Policies\\\\Mo...', 'App\\\\Model')
#2 Command line code(1): array_map(Object(Closure), Array, Array)
#3 {main}
  thrown at Command line code:1)
[stacktrace]
#0 E:\\wamp64\\www\\techsense\\vendor\\laravel\\framework\\src\\Illuminate\\Foundation\\Bootstrap\\HandleExceptions.php(259): Symfony\\Component\\ErrorHandler\\Error\\FatalError->__construct(message: ''Uncaught Refle...', code: '0', error: '['type' => 1, '...', traceOffset: '0', traceArgs: '???', trace: '???')
#1 E:\\wamp64\\www\\techsense\\vendor\\laravel\\framework\\src\\Illuminate\\Foundation\\Bootstrap\\HandleExceptions.php(246): Illuminate\\Foundation\\Bootstrap\\HandleExceptions->fatalErrorFromPhpError(error: '['type' => 1, '...', traceOffset: '0')
#2 E:\\wamp64\\www\\techsense\\vendor\\laravel\\framework\\src\\Illuminate\\Foundation\\Bootstrap\\HandleExceptions.php(270): Illuminate\\Foundation\\Bootstrap\\HandleExceptions->handleShutdown()
#3 E:\\wamp64\\www\\techsense\\vendor\\laravel\\framework\\src\\Illuminate\\Foundation\\Bootstrap\\HandleExceptions.php(0): Illuminate\\Foundation\\Bootstrap\\HandleExceptions->Illuminate\\Foundation\\Bootstrap\\{closure:E:\\wamp64\\www\\techsense\\vendor\\laravel\\framework\\src\\Illuminate\\Foundation\\Bootstrap\\HandleExceptions.php:269-271}()
#4 {main}
"} 
[2025-07-02 22:53:42] live.ERROR: Uncaught ReflectionException: Class "App\Policies\ModelPolicy" does not exist in Command line code:1
Stack trace:
#0 Command line code(1): ReflectionClass->__construct('App\\Policies\\Mo...')
#1 [internal function]: {closure}('App\\Policies\\Mo...', 'App\\Model')
#2 Command line code(1): array_map(Object(Closure), Array, Array)
#3 {main}
  thrown {"exception":"[object] (Symfony\\Component\\ErrorHandler\\Error\\FatalError(code: 0): Uncaught ReflectionException: Class \"App\\Policies\\ModelPolicy\" does not exist in Command line code:1
Stack trace:
#0 Command line code(1): ReflectionClass->__construct('App\\\\Policies\\\\Mo...')
#1 [internal function]: {closure}('App\\\\Policies\\\\Mo...', 'App\\\\Model')
#2 Command line code(1): array_map(Object(Closure), Array, Array)
#3 {main}
  thrown at Command line code:1)
[stacktrace]
#0 E:\\wamp64\\www\\techsense\\vendor\\laravel\\framework\\src\\Illuminate\\Foundation\\Bootstrap\\HandleExceptions.php(259): Symfony\\Component\\ErrorHandler\\Error\\FatalError->__construct(message: ''Uncaught Refle...', code: '0', error: '['type' => 1, '...', traceOffset: '0', traceArgs: '???', trace: '???')
#1 E:\\wamp64\\www\\techsense\\vendor\\laravel\\framework\\src\\Illuminate\\Foundation\\Bootstrap\\HandleExceptions.php(246): Illuminate\\Foundation\\Bootstrap\\HandleExceptions->fatalErrorFromPhpError(error: '['type' => 1, '...', traceOffset: '0')
#2 E:\\wamp64\\www\\techsense\\vendor\\laravel\\framework\\src\\Illuminate\\Foundation\\Bootstrap\\HandleExceptions.php(270): Illuminate\\Foundation\\Bootstrap\\HandleExceptions->handleShutdown()
#3 E:\\wamp64\\www\\techsense\\vendor\\laravel\\framework\\src\\Illuminate\\Foundation\\Bootstrap\\HandleExceptions.php(0): Illuminate\\Foundation\\Bootstrap\\HandleExceptions->Illuminate\\Foundation\\Bootstrap\\{closure:E:\\wamp64\\www\\techsense\\vendor\\laravel\\framework\\src\\Illuminate\\Foundation\\Bootstrap\\HandleExceptions.php:269-271}()
#4 {main}
"} 
[2025-07-02 22:54:42] live.ERROR: Uncaught ReflectionException: Class "App\Policies\ModelPolicy" does not exist in Command line code:1
Stack trace:
#0 Command line code(1): ReflectionClass->__construct('App\\Policies\\Mo...')
#1 [internal function]: {closure}('App\\Policies\\Mo...', 'App\\Model')
#2 Command line code(1): array_map(Object(Closure), Array, Array)
#3 {main}
  thrown {"exception":"[object] (Symfony\\Component\\ErrorHandler\\Error\\FatalError(code: 0): Uncaught ReflectionException: Class \"App\\Policies\\ModelPolicy\" does not exist in Command line code:1
Stack trace:
#0 Command line code(1): ReflectionClass->__construct('App\\\\Policies\\\\Mo...')
#1 [internal function]: {closure}('App\\\\Policies\\\\Mo...', 'App\\\\Model')
#2 Command line code(1): array_map(Object(Closure), Array, Array)
#3 {main}
  thrown at Command line code:1)
[stacktrace]
#0 E:\\wamp64\\www\\techsense\\vendor\\laravel\\framework\\src\\Illuminate\\Foundation\\Bootstrap\\HandleExceptions.php(259): Symfony\\Component\\ErrorHandler\\Error\\FatalError->__construct(message: ''Uncaught Refle...', code: '0', error: '['type' => 1, '...', traceOffset: '0', traceArgs: '???', trace: '???')
#1 E:\\wamp64\\www\\techsense\\vendor\\laravel\\framework\\src\\Illuminate\\Foundation\\Bootstrap\\HandleExceptions.php(246): Illuminate\\Foundation\\Bootstrap\\HandleExceptions->fatalErrorFromPhpError(error: '['type' => 1, '...', traceOffset: '0')
#2 E:\\wamp64\\www\\techsense\\vendor\\laravel\\framework\\src\\Illuminate\\Foundation\\Bootstrap\\HandleExceptions.php(270): Illuminate\\Foundation\\Bootstrap\\HandleExceptions->handleShutdown()
#3 E:\\wamp64\\www\\techsense\\vendor\\laravel\\framework\\src\\Illuminate\\Foundation\\Bootstrap\\HandleExceptions.php(0): Illuminate\\Foundation\\Bootstrap\\HandleExceptions->Illuminate\\Foundation\\Bootstrap\\{closure:E:\\wamp64\\www\\techsense\\vendor\\laravel\\framework\\src\\Illuminate\\Foundation\\Bootstrap\\HandleExceptions.php:269-271}()
#4 {main}
"} 
[2025-07-02 22:55:42] live.ERROR: Uncaught ReflectionException: Class "App\Policies\ModelPolicy" does not exist in Command line code:1
Stack trace:
#0 Command line code(1): ReflectionClass->__construct('App\\Policies\\Mo...')
#1 [internal function]: {closure}('App\\Policies\\Mo...', 'App\\Model')
#2 Command line code(1): array_map(Object(Closure), Array, Array)
#3 {main}
  thrown {"exception":"[object] (Symfony\\Component\\ErrorHandler\\Error\\FatalError(code: 0): Uncaught ReflectionException: Class \"App\\Policies\\ModelPolicy\" does not exist in Command line code:1
Stack trace:
#0 Command line code(1): ReflectionClass->__construct('App\\\\Policies\\\\Mo...')
#1 [internal function]: {closure}('App\\\\Policies\\\\Mo...', 'App\\\\Model')
#2 Command line code(1): array_map(Object(Closure), Array, Array)
#3 {main}
  thrown at Command line code:1)
[stacktrace]
#0 E:\\wamp64\\www\\techsense\\vendor\\laravel\\framework\\src\\Illuminate\\Foundation\\Bootstrap\\HandleExceptions.php(259): Symfony\\Component\\ErrorHandler\\Error\\FatalError->__construct(message: ''Uncaught Refle...', code: '0', error: '['type' => 1, '...', traceOffset: '0', traceArgs: '???', trace: '???')
#1 E:\\wamp64\\www\\techsense\\vendor\\laravel\\framework\\src\\Illuminate\\Foundation\\Bootstrap\\HandleExceptions.php(246): Illuminate\\Foundation\\Bootstrap\\HandleExceptions->fatalErrorFromPhpError(error: '['type' => 1, '...', traceOffset: '0')
#2 E:\\wamp64\\www\\techsense\\vendor\\laravel\\framework\\src\\Illuminate\\Foundation\\Bootstrap\\HandleExceptions.php(270): Illuminate\\Foundation\\Bootstrap\\HandleExceptions->handleShutdown()
#3 E:\\wamp64\\www\\techsense\\vendor\\laravel\\framework\\src\\Illuminate\\Foundation\\Bootstrap\\HandleExceptions.php(0): Illuminate\\Foundation\\Bootstrap\\HandleExceptions->Illuminate\\Foundation\\Bootstrap\\{closure:E:\\wamp64\\www\\techsense\\vendor\\laravel\\framework\\src\\Illuminate\\Foundation\\Bootstrap\\HandleExceptions.php:269-271}()
#4 {main}
"} 
[2025-07-02 22:56:42] live.ERROR: Uncaught ReflectionException: Class "App\Policies\ModelPolicy" does not exist in Command line code:1
Stack trace:
#0 Command line code(1): ReflectionClass->__construct('App\\Policies\\Mo...')
#1 [internal function]: {closure}('App\\Policies\\Mo...', 'App\\Model')
#2 Command line code(1): array_map(Object(Closure), Array, Array)
#3 {main}
  thrown {"exception":"[object] (Symfony\\Component\\ErrorHandler\\Error\\FatalError(code: 0): Uncaught ReflectionException: Class \"App\\Policies\\ModelPolicy\" does not exist in Command line code:1
Stack trace:
#0 Command line code(1): ReflectionClass->__construct('App\\\\Policies\\\\Mo...')
#1 [internal function]: {closure}('App\\\\Policies\\\\Mo...', 'App\\\\Model')
#2 Command line code(1): array_map(Object(Closure), Array, Array)
#3 {main}
  thrown at Command line code:1)
[stacktrace]
#0 E:\\wamp64\\www\\techsense\\vendor\\laravel\\framework\\src\\Illuminate\\Foundation\\Bootstrap\\HandleExceptions.php(259): Symfony\\Component\\ErrorHandler\\Error\\FatalError->__construct(message: ''Uncaught Refle...', code: '0', error: '['type' => 1, '...', traceOffset: '0', traceArgs: '???', trace: '???')
#1 E:\\wamp64\\www\\techsense\\vendor\\laravel\\framework\\src\\Illuminate\\Foundation\\Bootstrap\\HandleExceptions.php(246): Illuminate\\Foundation\\Bootstrap\\HandleExceptions->fatalErrorFromPhpError(error: '['type' => 1, '...', traceOffset: '0')
#2 E:\\wamp64\\www\\techsense\\vendor\\laravel\\framework\\src\\Illuminate\\Foundation\\Bootstrap\\HandleExceptions.php(270): Illuminate\\Foundation\\Bootstrap\\HandleExceptions->handleShutdown()
#3 E:\\wamp64\\www\\techsense\\vendor\\laravel\\framework\\src\\Illuminate\\Foundation\\Bootstrap\\HandleExceptions.php(0): Illuminate\\Foundation\\Bootstrap\\HandleExceptions->Illuminate\\Foundation\\Bootstrap\\{closure:E:\\wamp64\\www\\techsense\\vendor\\laravel\\framework\\src\\Illuminate\\Foundation\\Bootstrap\\HandleExceptions.php:269-271}()
#4 {main}
"} 
[2025-07-02 22:57:42] live.ERROR: Uncaught ReflectionException: Class "App\Policies\ModelPolicy" does not exist in Command line code:1
Stack trace:
#0 Command line code(1): ReflectionClass->__construct('App\\Policies\\Mo...')
#1 [internal function]: {closure}('App\\Policies\\Mo...', 'App\\Model')
#2 Command line code(1): array_map(Object(Closure), Array, Array)
#3 {main}
  thrown {"exception":"[object] (Symfony\\Component\\ErrorHandler\\Error\\FatalError(code: 0): Uncaught ReflectionException: Class \"App\\Policies\\ModelPolicy\" does not exist in Command line code:1
Stack trace:
#0 Command line code(1): ReflectionClass->__construct('App\\\\Policies\\\\Mo...')
#1 [internal function]: {closure}('App\\\\Policies\\\\Mo...', 'App\\\\Model')
#2 Command line code(1): array_map(Object(Closure), Array, Array)
#3 {main}
  thrown at Command line code:1)
[stacktrace]
#0 E:\\wamp64\\www\\techsense\\vendor\\laravel\\framework\\src\\Illuminate\\Foundation\\Bootstrap\\HandleExceptions.php(259): Symfony\\Component\\ErrorHandler\\Error\\FatalError->__construct(message: ''Uncaught Refle...', code: '0', error: '['type' => 1, '...', traceOffset: '0', traceArgs: '???', trace: '???')
#1 E:\\wamp64\\www\\techsense\\vendor\\laravel\\framework\\src\\Illuminate\\Foundation\\Bootstrap\\HandleExceptions.php(246): Illuminate\\Foundation\\Bootstrap\\HandleExceptions->fatalErrorFromPhpError(error: '['type' => 1, '...', traceOffset: '0')
#2 E:\\wamp64\\www\\techsense\\vendor\\laravel\\framework\\src\\Illuminate\\Foundation\\Bootstrap\\HandleExceptions.php(270): Illuminate\\Foundation\\Bootstrap\\HandleExceptions->handleShutdown()
#3 E:\\wamp64\\www\\techsense\\vendor\\laravel\\framework\\src\\Illuminate\\Foundation\\Bootstrap\\HandleExceptions.php(0): Illuminate\\Foundation\\Bootstrap\\HandleExceptions->Illuminate\\Foundation\\Bootstrap\\{closure:E:\\wamp64\\www\\techsense\\vendor\\laravel\\framework\\src\\Illuminate\\Foundation\\Bootstrap\\HandleExceptions.php:269-271}()
#4 {main}
"} 
[2025-07-02 22:58:42] live.ERROR: Uncaught ReflectionException: Class "App\Policies\ModelPolicy" does not exist in Command line code:1
Stack trace:
#0 Command line code(1): ReflectionClass->__construct('App\\Policies\\Mo...')
#1 [internal function]: {closure}('App\\Policies\\Mo...', 'App\\Model')
#2 Command line code(1): array_map(Object(Closure), Array, Array)
#3 {main}
  thrown {"exception":"[object] (Symfony\\Component\\ErrorHandler\\Error\\FatalError(code: 0): Uncaught ReflectionException: Class \"App\\Policies\\ModelPolicy\" does not exist in Command line code:1
Stack trace:
#0 Command line code(1): ReflectionClass->__construct('App\\\\Policies\\\\Mo...')
#1 [internal function]: {closure}('App\\\\Policies\\\\Mo...', 'App\\\\Model')
#2 Command line code(1): array_map(Object(Closure), Array, Array)
#3 {main}
  thrown at Command line code:1)
[stacktrace]
#0 E:\\wamp64\\www\\techsense\\vendor\\laravel\\framework\\src\\Illuminate\\Foundation\\Bootstrap\\HandleExceptions.php(259): Symfony\\Component\\ErrorHandler\\Error\\FatalError->__construct(message: ''Uncaught Refle...', code: '0', error: '['type' => 1, '...', traceOffset: '0', traceArgs: '???', trace: '???')
#1 E:\\wamp64\\www\\techsense\\vendor\\laravel\\framework\\src\\Illuminate\\Foundation\\Bootstrap\\HandleExceptions.php(246): Illuminate\\Foundation\\Bootstrap\\HandleExceptions->fatalErrorFromPhpError(error: '['type' => 1, '...', traceOffset: '0')
#2 E:\\wamp64\\www\\techsense\\vendor\\laravel\\framework\\src\\Illuminate\\Foundation\\Bootstrap\\HandleExceptions.php(270): Illuminate\\Foundation\\Bootstrap\\HandleExceptions->handleShutdown()
#3 E:\\wamp64\\www\\techsense\\vendor\\laravel\\framework\\src\\Illuminate\\Foundation\\Bootstrap\\HandleExceptions.php(0): Illuminate\\Foundation\\Bootstrap\\HandleExceptions->Illuminate\\Foundation\\Bootstrap\\{closure:E:\\wamp64\\www\\techsense\\vendor\\laravel\\framework\\src\\Illuminate\\Foundation\\Bootstrap\\HandleExceptions.php:269-271}()
#4 {main}
"} 
[2025-07-02 22:59:42] live.ERROR: Uncaught ReflectionException: Class "App\Policies\ModelPolicy" does not exist in Command line code:1
Stack trace:
#0 Command line code(1): ReflectionClass->__construct('App\\Policies\\Mo...')
#1 [internal function]: {closure}('App\\Policies\\Mo...', 'App\\Model')
#2 Command line code(1): array_map(Object(Closure), Array, Array)
#3 {main}
  thrown {"exception":"[object] (Symfony\\Component\\ErrorHandler\\Error\\FatalError(code: 0): Uncaught ReflectionException: Class \"App\\Policies\\ModelPolicy\" does not exist in Command line code:1
Stack trace:
#0 Command line code(1): ReflectionClass->__construct('App\\\\Policies\\\\Mo...')
#1 [internal function]: {closure}('App\\\\Policies\\\\Mo...', 'App\\\\Model')
#2 Command line code(1): array_map(Object(Closure), Array, Array)
#3 {main}
  thrown at Command line code:1)
[stacktrace]
#0 E:\\wamp64\\www\\techsense\\vendor\\laravel\\framework\\src\\Illuminate\\Foundation\\Bootstrap\\HandleExceptions.php(259): Symfony\\Component\\ErrorHandler\\Error\\FatalError->__construct(message: ''Uncaught Refle...', code: '0', error: '['type' => 1, '...', traceOffset: '0', traceArgs: '???', trace: '???')
#1 E:\\wamp64\\www\\techsense\\vendor\\laravel\\framework\\src\\Illuminate\\Foundation\\Bootstrap\\HandleExceptions.php(246): Illuminate\\Foundation\\Bootstrap\\HandleExceptions->fatalErrorFromPhpError(error: '['type' => 1, '...', traceOffset: '0')
#2 E:\\wamp64\\www\\techsense\\vendor\\laravel\\framework\\src\\Illuminate\\Foundation\\Bootstrap\\HandleExceptions.php(270): Illuminate\\Foundation\\Bootstrap\\HandleExceptions->handleShutdown()
#3 E:\\wamp64\\www\\techsense\\vendor\\laravel\\framework\\src\\Illuminate\\Foundation\\Bootstrap\\HandleExceptions.php(0): Illuminate\\Foundation\\Bootstrap\\HandleExceptions->Illuminate\\Foundation\\Bootstrap\\{closure:E:\\wamp64\\www\\techsense\\vendor\\laravel\\framework\\src\\Illuminate\\Foundation\\Bootstrap\\HandleExceptions.php:269-271}()
#4 {main}
"} 
[2025-07-02 23:00:42] live.ERROR: Uncaught ReflectionException: Class "App\Policies\ModelPolicy" does not exist in Command line code:1
Stack trace:
#0 Command line code(1): ReflectionClass->__construct('App\\Policies\\Mo...')
#1 [internal function]: {closure}('App\\Policies\\Mo...', 'App\\Model')
#2 Command line code(1): array_map(Object(Closure), Array, Array)
#3 {main}
  thrown {"exception":"[object] (Symfony\\Component\\ErrorHandler\\Error\\FatalError(code: 0): Uncaught ReflectionException: Class \"App\\Policies\\ModelPolicy\" does not exist in Command line code:1
Stack trace:
#0 Command line code(1): ReflectionClass->__construct('App\\\\Policies\\\\Mo...')
#1 [internal function]: {closure}('App\\\\Policies\\\\Mo...', 'App\\\\Model')
#2 Command line code(1): array_map(Object(Closure), Array, Array)
#3 {main}
  thrown at Command line code:1)
[stacktrace]
#0 E:\\wamp64\\www\\techsense\\vendor\\laravel\\framework\\src\\Illuminate\\Foundation\\Bootstrap\\HandleExceptions.php(259): Symfony\\Component\\ErrorHandler\\Error\\FatalError->__construct(message: ''Uncaught Refle...', code: '0', error: '['type' => 1, '...', traceOffset: '0', traceArgs: '???', trace: '???')
#1 E:\\wamp64\\www\\techsense\\vendor\\laravel\\framework\\src\\Illuminate\\Foundation\\Bootstrap\\HandleExceptions.php(246): Illuminate\\Foundation\\Bootstrap\\HandleExceptions->fatalErrorFromPhpError(error: '['type' => 1, '...', traceOffset: '0')
#2 E:\\wamp64\\www\\techsense\\vendor\\laravel\\framework\\src\\Illuminate\\Foundation\\Bootstrap\\HandleExceptions.php(270): Illuminate\\Foundation\\Bootstrap\\HandleExceptions->handleShutdown()
#3 E:\\wamp64\\www\\techsense\\vendor\\laravel\\framework\\src\\Illuminate\\Foundation\\Bootstrap\\HandleExceptions.php(0): Illuminate\\Foundation\\Bootstrap\\HandleExceptions->Illuminate\\Foundation\\Bootstrap\\{closure:E:\\wamp64\\www\\techsense\\vendor\\laravel\\framework\\src\\Illuminate\\Foundation\\Bootstrap\\HandleExceptions.php:269-271}()
#4 {main}
"} 
[2025-07-02 23:01:42] live.ERROR: Uncaught ReflectionException: Class "App\Policies\ModelPolicy" does not exist in Command line code:1
Stack trace:
#0 Command line code(1): ReflectionClass->__construct('App\\Policies\\Mo...')
#1 [internal function]: {closure}('App\\Policies\\Mo...', 'App\\Model')
#2 Command line code(1): array_map(Object(Closure), Array, Array)
#3 {main}
  thrown {"exception":"[object] (Symfony\\Component\\ErrorHandler\\Error\\FatalError(code: 0): Uncaught ReflectionException: Class \"App\\Policies\\ModelPolicy\" does not exist in Command line code:1
Stack trace:
#0 Command line code(1): ReflectionClass->__construct('App\\\\Policies\\\\Mo...')
#1 [internal function]: {closure}('App\\\\Policies\\\\Mo...', 'App\\\\Model')
#2 Command line code(1): array_map(Object(Closure), Array, Array)
#3 {main}
  thrown at Command line code:1)
[stacktrace]
#0 E:\\wamp64\\www\\techsense\\vendor\\laravel\\framework\\src\\Illuminate\\Foundation\\Bootstrap\\HandleExceptions.php(259): Symfony\\Component\\ErrorHandler\\Error\\FatalError->__construct(message: ''Uncaught Refle...', code: '0', error: '['type' => 1, '...', traceOffset: '0', traceArgs: '???', trace: '???')
#1 E:\\wamp64\\www\\techsense\\vendor\\laravel\\framework\\src\\Illuminate\\Foundation\\Bootstrap\\HandleExceptions.php(246): Illuminate\\Foundation\\Bootstrap\\HandleExceptions->fatalErrorFromPhpError(error: '['type' => 1, '...', traceOffset: '0')
#2 E:\\wamp64\\www\\techsense\\vendor\\laravel\\framework\\src\\Illuminate\\Foundation\\Bootstrap\\HandleExceptions.php(270): Illuminate\\Foundation\\Bootstrap\\HandleExceptions->handleShutdown()
#3 E:\\wamp64\\www\\techsense\\vendor\\laravel\\framework\\src\\Illuminate\\Foundation\\Bootstrap\\HandleExceptions.php(0): Illuminate\\Foundation\\Bootstrap\\HandleExceptions->Illuminate\\Foundation\\Bootstrap\\{closure:E:\\wamp64\\www\\techsense\\vendor\\laravel\\framework\\src\\Illuminate\\Foundation\\Bootstrap\\HandleExceptions.php:269-271}()
#4 {main}
"} 
[2025-07-02 23:02:43] live.ERROR: Uncaught ReflectionException: Class "App\Policies\ModelPolicy" does not exist in Command line code:1
Stack trace:
#0 Command line code(1): ReflectionClass->__construct('App\\Policies\\Mo...')
#1 [internal function]: {closure}('App\\Policies\\Mo...', 'App\\Model')
#2 Command line code(1): array_map(Object(Closure), Array, Array)
#3 {main}
  thrown {"exception":"[object] (Symfony\\Component\\ErrorHandler\\Error\\FatalError(code: 0): Uncaught ReflectionException: Class \"App\\Policies\\ModelPolicy\" does not exist in Command line code:1
Stack trace:
#0 Command line code(1): ReflectionClass->__construct('App\\\\Policies\\\\Mo...')
#1 [internal function]: {closure}('App\\\\Policies\\\\Mo...', 'App\\\\Model')
#2 Command line code(1): array_map(Object(Closure), Array, Array)
#3 {main}
  thrown at Command line code:1)
[stacktrace]
#0 E:\\wamp64\\www\\techsense\\vendor\\laravel\\framework\\src\\Illuminate\\Foundation\\Bootstrap\\HandleExceptions.php(259): Symfony\\Component\\ErrorHandler\\Error\\FatalError->__construct(message: ''Uncaught Refle...', code: '0', error: '['type' => 1, '...', traceOffset: '0', traceArgs: '???', trace: '???')
#1 E:\\wamp64\\www\\techsense\\vendor\\laravel\\framework\\src\\Illuminate\\Foundation\\Bootstrap\\HandleExceptions.php(246): Illuminate\\Foundation\\Bootstrap\\HandleExceptions->fatalErrorFromPhpError(error: '['type' => 1, '...', traceOffset: '0')
#2 E:\\wamp64\\www\\techsense\\vendor\\laravel\\framework\\src\\Illuminate\\Foundation\\Bootstrap\\HandleExceptions.php(270): Illuminate\\Foundation\\Bootstrap\\HandleExceptions->handleShutdown()
#3 E:\\wamp64\\www\\techsense\\vendor\\laravel\\framework\\src\\Illuminate\\Foundation\\Bootstrap\\HandleExceptions.php(0): Illuminate\\Foundation\\Bootstrap\\HandleExceptions->Illuminate\\Foundation\\Bootstrap\\{closure:E:\\wamp64\\www\\techsense\\vendor\\laravel\\framework\\src\\Illuminate\\Foundation\\Bootstrap\\HandleExceptions.php:269-271}()
#4 {main}
"} 
[2025-07-02 23:03:43] live.ERROR: Uncaught ReflectionException: Class "App\Policies\ModelPolicy" does not exist in Command line code:1
Stack trace:
#0 Command line code(1): ReflectionClass->__construct('App\\Policies\\Mo...')
#1 [internal function]: {closure}('App\\Policies\\Mo...', 'App\\Model')
#2 Command line code(1): array_map(Object(Closure), Array, Array)
#3 {main}
  thrown {"exception":"[object] (Symfony\\Component\\ErrorHandler\\Error\\FatalError(code: 0): Uncaught ReflectionException: Class \"App\\Policies\\ModelPolicy\" does not exist in Command line code:1
Stack trace:
#0 Command line code(1): ReflectionClass->__construct('App\\\\Policies\\\\Mo...')
#1 [internal function]: {closure}('App\\\\Policies\\\\Mo...', 'App\\\\Model')
#2 Command line code(1): array_map(Object(Closure), Array, Array)
#3 {main}
  thrown at Command line code:1)
[stacktrace]
#0 E:\\wamp64\\www\\techsense\\vendor\\laravel\\framework\\src\\Illuminate\\Foundation\\Bootstrap\\HandleExceptions.php(259): Symfony\\Component\\ErrorHandler\\Error\\FatalError->__construct(message: ''Uncaught Refle...', code: '0', error: '['type' => 1, '...', traceOffset: '0', traceArgs: '???', trace: '???')
#1 E:\\wamp64\\www\\techsense\\vendor\\laravel\\framework\\src\\Illuminate\\Foundation\\Bootstrap\\HandleExceptions.php(246): Illuminate\\Foundation\\Bootstrap\\HandleExceptions->fatalErrorFromPhpError(error: '['type' => 1, '...', traceOffset: '0')
#2 E:\\wamp64\\www\\techsense\\vendor\\laravel\\framework\\src\\Illuminate\\Foundation\\Bootstrap\\HandleExceptions.php(270): Illuminate\\Foundation\\Bootstrap\\HandleExceptions->handleShutdown()
#3 E:\\wamp64\\www\\techsense\\vendor\\laravel\\framework\\src\\Illuminate\\Foundation\\Bootstrap\\HandleExceptions.php(0): Illuminate\\Foundation\\Bootstrap\\HandleExceptions->Illuminate\\Foundation\\Bootstrap\\{closure:E:\\wamp64\\www\\techsense\\vendor\\laravel\\framework\\src\\Illuminate\\Foundation\\Bootstrap\\HandleExceptions.php:269-271}()
#4 {main}
"} 
[2025-07-02 23:04:42] live.ERROR: Uncaught ReflectionException: Class "App\Policies\ModelPolicy" does not exist in Command line code:1
Stack trace:
#0 Command line code(1): ReflectionClass->__construct('App\\Policies\\Mo...')
#1 [internal function]: {closure}('App\\Policies\\Mo...', 'App\\Model')
#2 Command line code(1): array_map(Object(Closure), Array, Array)
#3 {main}
  thrown {"exception":"[object] (Symfony\\Component\\ErrorHandler\\Error\\FatalError(code: 0): Uncaught ReflectionException: Class \"App\\Policies\\ModelPolicy\" does not exist in Command line code:1
Stack trace:
#0 Command line code(1): ReflectionClass->__construct('App\\\\Policies\\\\Mo...')
#1 [internal function]: {closure}('App\\\\Policies\\\\Mo...', 'App\\\\Model')
#2 Command line code(1): array_map(Object(Closure), Array, Array)
#3 {main}
  thrown at Command line code:1)
[stacktrace]
#0 E:\\wamp64\\www\\techsense\\vendor\\laravel\\framework\\src\\Illuminate\\Foundation\\Bootstrap\\HandleExceptions.php(259): Symfony\\Component\\ErrorHandler\\Error\\FatalError->__construct(message: ''Uncaught Refle...', code: '0', error: '['type' => 1, '...', traceOffset: '0', traceArgs: '???', trace: '???')
#1 E:\\wamp64\\www\\techsense\\vendor\\laravel\\framework\\src\\Illuminate\\Foundation\\Bootstrap\\HandleExceptions.php(246): Illuminate\\Foundation\\Bootstrap\\HandleExceptions->fatalErrorFromPhpError(error: '['type' => 1, '...', traceOffset: '0')
#2 E:\\wamp64\\www\\techsense\\vendor\\laravel\\framework\\src\\Illuminate\\Foundation\\Bootstrap\\HandleExceptions.php(270): Illuminate\\Foundation\\Bootstrap\\HandleExceptions->handleShutdown()
#3 E:\\wamp64\\www\\techsense\\vendor\\laravel\\framework\\src\\Illuminate\\Foundation\\Bootstrap\\HandleExceptions.php(0): Illuminate\\Foundation\\Bootstrap\\HandleExceptions->Illuminate\\Foundation\\Bootstrap\\{closure:E:\\wamp64\\www\\techsense\\vendor\\laravel\\framework\\src\\Illuminate\\Foundation\\Bootstrap\\HandleExceptions.php:269-271}()
#4 {main}
"} 
[2025-07-02 23:05:43] live.ERROR: Uncaught ReflectionException: Class "App\Policies\ModelPolicy" does not exist in Command line code:1
Stack trace:
#0 Command line code(1): ReflectionClass->__construct('App\\Policies\\Mo...')
#1 [internal function]: {closure}('App\\Policies\\Mo...', 'App\\Model')
#2 Command line code(1): array_map(Object(Closure), Array, Array)
#3 {main}
  thrown {"exception":"[object] (Symfony\\Component\\ErrorHandler\\Error\\FatalError(code: 0): Uncaught ReflectionException: Class \"App\\Policies\\ModelPolicy\" does not exist in Command line code:1
Stack trace:
#0 Command line code(1): ReflectionClass->__construct('App\\\\Policies\\\\Mo...')
#1 [internal function]: {closure}('App\\\\Policies\\\\Mo...', 'App\\\\Model')
#2 Command line code(1): array_map(Object(Closure), Array, Array)
#3 {main}
  thrown at Command line code:1)
[stacktrace]
#0 E:\\wamp64\\www\\techsense\\vendor\\laravel\\framework\\src\\Illuminate\\Foundation\\Bootstrap\\HandleExceptions.php(259): Symfony\\Component\\ErrorHandler\\Error\\FatalError->__construct(message: ''Uncaught Refle...', code: '0', error: '['type' => 1, '...', traceOffset: '0', traceArgs: '???', trace: '???')
#1 E:\\wamp64\\www\\techsense\\vendor\\laravel\\framework\\src\\Illuminate\\Foundation\\Bootstrap\\HandleExceptions.php(246): Illuminate\\Foundation\\Bootstrap\\HandleExceptions->fatalErrorFromPhpError(error: '['type' => 1, '...', traceOffset: '0')
#2 E:\\wamp64\\www\\techsense\\vendor\\laravel\\framework\\src\\Illuminate\\Foundation\\Bootstrap\\HandleExceptions.php(270): Illuminate\\Foundation\\Bootstrap\\HandleExceptions->handleShutdown()
#3 E:\\wamp64\\www\\techsense\\vendor\\laravel\\framework\\src\\Illuminate\\Foundation\\Bootstrap\\HandleExceptions.php(0): Illuminate\\Foundation\\Bootstrap\\HandleExceptions->Illuminate\\Foundation\\Bootstrap\\{closure:E:\\wamp64\\www\\techsense\\vendor\\laravel\\framework\\src\\Illuminate\\Foundation\\Bootstrap\\HandleExceptions.php:269-271}()
#4 {main}
"} 
[2025-07-02 23:36:33] live.ERROR: View [report.bill_due] not found. {"userId":1,"exception":"[object] (InvalidArgumentException(code: 0): View [report.bill_due] not found. at E:\\wamp64\\www\\techsense\\vendor\\laravel\\framework\\src\\Illuminate\\View\\FileViewFinder.php:137)
[stacktrace]
#0 E:\\wamp64\\www\\techsense\\vendor\\laravel\\framework\\src\\Illuminate\\View\\FileViewFinder.php(79): Illuminate\\View\\FileViewFinder->findInPaths('report.bill_due', Array)
#1 E:\\wamp64\\www\\techsense\\vendor\\laravel\\framework\\src\\Illuminate\\View\\Factory.php(137): Illuminate\\View\\FileViewFinder->find('report.bill_due')
#2 E:\\wamp64\\www\\techsense\\vendor\\laravel\\framework\\src\\Illuminate\\Foundation\\helpers.php(1035): Illuminate\\View\\Factory->make('report.bill_due', Array, Array)
#3 E:\\wamp64\\www\\techsense\\app\\Http\\Controllers\\ReportController.php(156): view('report.bill_due', Array)
#4 E:\\wamp64\\www\\techsense\\vendor\\laravel\\framework\\src\\Illuminate\\Routing\\Controller.php(54): App\\Http\\Controllers\\ReportController->getBillDueReport(Object(Illuminate\\Http\\Request))
#5 E:\\wamp64\\www\\techsense\\vendor\\laravel\\framework\\src\\Illuminate\\Routing\\ControllerDispatcher.php(43): Illuminate\\Routing\\Controller->callAction('getBillDueRepor...', Array)
#6 E:\\wamp64\\www\\techsense\\vendor\\laravel\\framework\\src\\Illuminate\\Routing\\Route.php(259): Illuminate\\Routing\\ControllerDispatcher->dispatch(Object(Illuminate\\Routing\\Route), Object(App\\Http\\Controllers\\ReportController), 'getBillDueRepor...')
#7 E:\\wamp64\\www\\techsense\\vendor\\laravel\\framework\\src\\Illuminate\\Routing\\Route.php(205): Illuminate\\Routing\\Route->runController()
#8 E:\\wamp64\\www\\techsense\\vendor\\laravel\\framework\\src\\Illuminate\\Routing\\Router.php(798): Illuminate\\Routing\\Route->run()
#9 E:\\wamp64\\www\\techsense\\vendor\\laravel\\framework\\src\\Illuminate\\Pipeline\\Pipeline.php(141): Illuminate\\Routing\\Router->Illuminate\\Routing\\{closure}(Object(Illuminate\\Http\\Request))
#10 E:\\wamp64\\www\\techsense\\app\\Http\\Middleware\\CheckUserLogin.php(22): Illuminate\\Pipeline\\Pipeline->Illuminate\\Pipeline\\{closure}(Object(Illuminate\\Http\\Request))
#11 E:\\wamp64\\www\\techsense\\vendor\\laravel\\framework\\src\\Illuminate\\Pipeline\\Pipeline.php(180): App\\Http\\Middleware\\CheckUserLogin->handle(Object(Illuminate\\Http\\Request), Object(Closure))
#12 E:\\wamp64\\www\\techsense\\app\\Http\\Middleware\\AdminSidebarMenu.php(805): Illuminate\\Pipeline\\Pipeline->Illuminate\\Pipeline\\{closure}(Object(Illuminate\\Http\\Request))
#13 E:\\wamp64\\www\\techsense\\vendor\\laravel\\framework\\src\\Illuminate\\Pipeline\\Pipeline.php(180): App\\Http\\Middleware\\AdminSidebarMenu->handle(Object(Illuminate\\Http\\Request), Object(Closure))
#14 E:\\wamp64\\www\\techsense\\app\\Http\\Middleware\\Timezone.php(30): Illuminate\\Pipeline\\Pipeline->Illuminate\\Pipeline\\{closure}(Object(Illuminate\\Http\\Request))
#15 E:\\wamp64\\www\\techsense\\vendor\\laravel\\framework\\src\\Illuminate\\Pipeline\\Pipeline.php(180): App\\Http\\Middleware\\Timezone->handle(Object(Illuminate\\Http\\Request), Object(Closure))
#16 E:\\wamp64\\www\\techsense\\app\\Http\\Middleware\\Language.php(25): Illuminate\\Pipeline\\Pipeline->Illuminate\\Pipeline\\{closure}(Object(Illuminate\\Http\\Request))
#17 E:\\wamp64\\www\\techsense\\vendor\\laravel\\framework\\src\\Illuminate\\Pipeline\\Pipeline.php(180): App\\Http\\Middleware\\Language->handle(Object(Illuminate\\Http\\Request), Object(Closure))
#18 E:\\wamp64\\www\\techsense\\app\\Http\\Middleware\\SetSessionData.php(52): Illuminate\\Pipeline\\Pipeline->Illuminate\\Pipeline\\{closure}(Object(Illuminate\\Http\\Request))
#19 E:\\wamp64\\www\\techsense\\vendor\\laravel\\framework\\src\\Illuminate\\Pipeline\\Pipeline.php(180): App\\Http\\Middleware\\SetSessionData->handle(Object(Illuminate\\Http\\Request), Object(Closure))
#20 E:\\wamp64\\www\\techsense\\app\\Http\\Middleware\\IsInstalled.php(50): Illuminate\\Pipeline\\Pipeline->Illuminate\\Pipeline\\{closure}(Object(Illuminate\\Http\\Request))
#21 E:\\wamp64\\www\\techsense\\vendor\\laravel\\framework\\src\\Illuminate\\Pipeline\\Pipeline.php(180): App\\Http\\Middleware\\IsInstalled->handle(Object(Illuminate\\Http\\Request), Object(Closure))
#22 E:\\wamp64\\www\\techsense\\vendor\\laravel\\framework\\src\\Illuminate\\Routing\\Middleware\\SubstituteBindings.php(50): Illuminate\\Pipeline\\Pipeline->Illuminate\\Pipeline\\{closure}(Object(Illuminate\\Http\\Request))
#23 E:\\wamp64\\www\\techsense\\vendor\\laravel\\framework\\src\\Illuminate\\Pipeline\\Pipeline.php(180): Illuminate\\Routing\\Middleware\\SubstituteBindings->handle(Object(Illuminate\\Http\\Request), Object(Closure))
#24 E:\\wamp64\\www\\techsense\\vendor\\laravel\\framework\\src\\Illuminate\\Auth\\Middleware\\Authenticate.php(44): Illuminate\\Pipeline\\Pipeline->Illuminate\\Pipeline\\{closure}(Object(Illuminate\\Http\\Request))
#25 E:\\wamp64\\www\\techsense\\vendor\\laravel\\framework\\src\\Illuminate\\Pipeline\\Pipeline.php(180): Illuminate\\Auth\\Middleware\\Authenticate->handle(Object(Illuminate\\Http\\Request), Object(Closure))
#26 E:\\wamp64\\www\\techsense\\vendor\\laravel\\framework\\src\\Illuminate\\Foundation\\Http\\Middleware\\VerifyCsrfToken.php(78): Illuminate\\Pipeline\\Pipeline->Illuminate\\Pipeline\\{closure}(Object(Illuminate\\Http\\Request))
#27 E:\\wamp64\\www\\techsense\\vendor\\laravel\\framework\\src\\Illuminate\\Pipeline\\Pipeline.php(180): Illuminate\\Foundation\\Http\\Middleware\\VerifyCsrfToken->handle(Object(Illuminate\\Http\\Request), Object(Closure))
#28 E:\\wamp64\\www\\techsense\\vendor\\laravel\\framework\\src\\Illuminate\\View\\Middleware\\ShareErrorsFromSession.php(49): Illuminate\\Pipeline\\Pipeline->Illuminate\\Pipeline\\{closure}(Object(Illuminate\\Http\\Request))
#29 E:\\wamp64\\www\\techsense\\vendor\\laravel\\framework\\src\\Illuminate\\Pipeline\\Pipeline.php(180): Illuminate\\View\\Middleware\\ShareErrorsFromSession->handle(Object(Illuminate\\Http\\Request), Object(Closure))
#30 E:\\wamp64\\www\\techsense\\vendor\\laravel\\framework\\src\\Illuminate\\Session\\Middleware\\StartSession.php(121): Illuminate\\Pipeline\\Pipeline->Illuminate\\Pipeline\\{closure}(Object(Illuminate\\Http\\Request))
#31 E:\\wamp64\\www\\techsense\\vendor\\laravel\\framework\\src\\Illuminate\\Session\\Middleware\\StartSession.php(64): Illuminate\\Session\\Middleware\\StartSession->handleStatefulRequest(Object(Illuminate\\Http\\Request), Object(Illuminate\\Session\\Store), Object(Closure))
#32 E:\\wamp64\\www\\techsense\\vendor\\laravel\\framework\\src\\Illuminate\\Pipeline\\Pipeline.php(180): Illuminate\\Session\\Middleware\\StartSession->handle(Object(Illuminate\\Http\\Request), Object(Closure))
#33 E:\\wamp64\\www\\techsense\\vendor\\laravel\\framework\\src\\Illuminate\\Cookie\\Middleware\\AddQueuedCookiesToResponse.php(37): Illuminate\\Pipeline\\Pipeline->Illuminate\\Pipeline\\{closure}(Object(Illuminate\\Http\\Request))
#34 E:\\wamp64\\www\\techsense\\vendor\\laravel\\framework\\src\\Illuminate\\Pipeline\\Pipeline.php(180): Illuminate\\Cookie\\Middleware\\AddQueuedCookiesToResponse->handle(Object(Illuminate\\Http\\Request), Object(Closure))
#35 E:\\wamp64\\www\\techsense\\vendor\\laravel\\framework\\src\\Illuminate\\Cookie\\Middleware\\EncryptCookies.php(67): Illuminate\\Pipeline\\Pipeline->Illuminate\\Pipeline\\{closure}(Object(Illuminate\\Http\\Request))
#36 E:\\wamp64\\www\\techsense\\vendor\\laravel\\framework\\src\\Illuminate\\Pipeline\\Pipeline.php(180): Illuminate\\Cookie\\Middleware\\EncryptCookies->handle(Object(Illuminate\\Http\\Request), Object(Closure))
#37 E:\\wamp64\\www\\techsense\\vendor\\laravel\\framework\\src\\Illuminate\\Pipeline\\Pipeline.php(116): Illuminate\\Pipeline\\Pipeline->Illuminate\\Pipeline\\{closure}(Object(Illuminate\\Http\\Request))
#38 E:\\wamp64\\www\\techsense\\vendor\\laravel\\framework\\src\\Illuminate\\Routing\\Router.php(797): Illuminate\\Pipeline\\Pipeline->then(Object(Closure))
#39 E:\\wamp64\\www\\techsense\\vendor\\laravel\\framework\\src\\Illuminate\\Routing\\Router.php(776): Illuminate\\Routing\\Router->runRouteWithinStack(Object(Illuminate\\Routing\\Route), Object(Illuminate\\Http\\Request))
#40 E:\\wamp64\\www\\techsense\\vendor\\laravel\\framework\\src\\Illuminate\\Routing\\Router.php(740): Illuminate\\Routing\\Router->runRoute(Object(Illuminate\\Http\\Request), Object(Illuminate\\Routing\\Route))
#41 E:\\wamp64\\www\\techsense\\vendor\\laravel\\framework\\src\\Illuminate\\Routing\\Router.php(729): Illuminate\\Routing\\Router->dispatchToRoute(Object(Illuminate\\Http\\Request))
#42 E:\\wamp64\\www\\techsense\\vendor\\laravel\\framework\\src\\Illuminate\\Foundation\\Http\\Kernel.php(190): Illuminate\\Routing\\Router->dispatch(Object(Illuminate\\Http\\Request))
#43 E:\\wamp64\\www\\techsense\\vendor\\laravel\\framework\\src\\Illuminate\\Pipeline\\Pipeline.php(141): Illuminate\\Foundation\\Http\\Kernel->Illuminate\\Foundation\\Http\\{closure}(Object(Illuminate\\Http\\Request))
#44 E:\\wamp64\\www\\techsense\\vendor\\barryvdh\\laravel-debugbar\\src\\Middleware\\InjectDebugbar.php(59): Illuminate\\Pipeline\\Pipeline->Illuminate\\Pipeline\\{closure}(Object(Illuminate\\Http\\Request))
#45 E:\\wamp64\\www\\techsense\\vendor\\laravel\\framework\\src\\Illuminate\\Pipeline\\Pipeline.php(180): Barryvdh\\Debugbar\\Middleware\\InjectDebugbar->handle(Object(Illuminate\\Http\\Request), Object(Closure))
#46 E:\\wamp64\\www\\techsense\\vendor\\laravel\\framework\\src\\Illuminate\\Foundation\\Http\\Middleware\\TransformsRequest.php(21): Illuminate\\Pipeline\\Pipeline->Illuminate\\Pipeline\\{closure}(Object(Illuminate\\Http\\Request))
#47 E:\\wamp64\\www\\techsense\\vendor\\laravel\\framework\\src\\Illuminate\\Foundation\\Http\\Middleware\\ConvertEmptyStringsToNull.php(31): Illuminate\\Foundation\\Http\\Middleware\\TransformsRequest->handle(Object(Illuminate\\Http\\Request), Object(Closure))
#48 E:\\wamp64\\www\\techsense\\vendor\\laravel\\framework\\src\\Illuminate\\Pipeline\\Pipeline.php(180): Illuminate\\Foundation\\Http\\Middleware\\ConvertEmptyStringsToNull->handle(Object(Illuminate\\Http\\Request), Object(Closure))
#49 E:\\wamp64\\www\\techsense\\vendor\\laravel\\framework\\src\\Illuminate\\Foundation\\Http\\Middleware\\TransformsRequest.php(21): Illuminate\\Pipeline\\Pipeline->Illuminate\\Pipeline\\{closure}(Object(Illuminate\\Http\\Request))
#50 E:\\wamp64\\www\\techsense\\vendor\\laravel\\framework\\src\\Illuminate\\Foundation\\Http\\Middleware\\TrimStrings.php(40): Illuminate\\Foundation\\Http\\Middleware\\TransformsRequest->handle(Object(Illuminate\\Http\\Request), Object(Closure))
#51 E:\\wamp64\\www\\techsense\\vendor\\laravel\\framework\\src\\Illuminate\\Pipeline\\Pipeline.php(180): Illuminate\\Foundation\\Http\\Middleware\\TrimStrings->handle(Object(Illuminate\\Http\\Request), Object(Closure))
#52 E:\\wamp64\\www\\techsense\\vendor\\laravel\\framework\\src\\Illuminate\\Foundation\\Http\\Middleware\\ValidatePostSize.php(27): Illuminate\\Pipeline\\Pipeline->Illuminate\\Pipeline\\{closure}(Object(Illuminate\\Http\\Request))
#53 E:\\wamp64\\www\\techsense\\vendor\\laravel\\framework\\src\\Illuminate\\Pipeline\\Pipeline.php(180): Illuminate\\Foundation\\Http\\Middleware\\ValidatePostSize->handle(Object(Illuminate\\Http\\Request), Object(Closure))
#54 E:\\wamp64\\www\\techsense\\vendor\\laravel\\framework\\src\\Illuminate\\Foundation\\Http\\Middleware\\PreventRequestsDuringMaintenance.php(86): Illuminate\\Pipeline\\Pipeline->Illuminate\\Pipeline\\{closure}(Object(Illuminate\\Http\\Request))
#55 E:\\wamp64\\www\\techsense\\vendor\\laravel\\framework\\src\\Illuminate\\Pipeline\\Pipeline.php(180): Illuminate\\Foundation\\Http\\Middleware\\PreventRequestsDuringMaintenance->handle(Object(Illuminate\\Http\\Request), Object(Closure))
#56 E:\\wamp64\\www\\techsense\\vendor\\laravel\\framework\\src\\Illuminate\\Http\\Middleware\\HandleCors.php(49): Illuminate\\Pipeline\\Pipeline->Illuminate\\Pipeline\\{closure}(Object(Illuminate\\Http\\Request))
#57 E:\\wamp64\\www\\techsense\\vendor\\laravel\\framework\\src\\Illuminate\\Pipeline\\Pipeline.php(180): Illuminate\\Http\\Middleware\\HandleCors->handle(Object(Illuminate\\Http\\Request), Object(Closure))
#58 E:\\wamp64\\www\\techsense\\vendor\\laravel\\framework\\src\\Illuminate\\Http\\Middleware\\TrustProxies.php(39): Illuminate\\Pipeline\\Pipeline->Illuminate\\Pipeline\\{closure}(Object(Illuminate\\Http\\Request))
#59 E:\\wamp64\\www\\techsense\\vendor\\laravel\\framework\\src\\Illuminate\\Pipeline\\Pipeline.php(180): Illuminate\\Http\\Middleware\\TrustProxies->handle(Object(Illuminate\\Http\\Request), Object(Closure))
#60 E:\\wamp64\\www\\techsense\\vendor\\laravel\\framework\\src\\Illuminate\\Pipeline\\Pipeline.php(116): Illuminate\\Pipeline\\Pipeline->Illuminate\\Pipeline\\{closure}(Object(Illuminate\\Http\\Request))
#61 E:\\wamp64\\www\\techsense\\vendor\\laravel\\framework\\src\\Illuminate\\Foundation\\Http\\Kernel.php(165): Illuminate\\Pipeline\\Pipeline->then(Object(Closure))
#62 E:\\wamp64\\www\\techsense\\vendor\\laravel\\framework\\src\\Illuminate\\Foundation\\Http\\Kernel.php(134): Illuminate\\Foundation\\Http\\Kernel->sendRequestThroughRouter(Object(Illuminate\\Http\\Request))
#63 E:\\wamp64\\www\\techsense\\public\\index.php(51): Illuminate\\Foundation\\Http\\Kernel->handle(Object(Illuminate\\Http\\Request))
#64 E:\\wamp64\\www\\techsense\\vendor\\laravel\\framework\\src\\Illuminate\\Foundation\\resources\\server.php(16): require_once('E:\\\\wamp64\\\\www\\\\t...')
#65 {main}
"} 
[2025-07-02 23:06:43] live.ERROR: Uncaught ReflectionException: Class "App\Policies\ModelPolicy" does not exist in Command line code:1
Stack trace:
#0 Command line code(1): ReflectionClass->__construct('App\\Policies\\Mo...')
#1 [internal function]: {closure}('App\\Policies\\Mo...', 'App\\Model')
#2 Command line code(1): array_map(Object(Closure), Array, Array)
#3 {main}
  thrown {"exception":"[object] (Symfony\\Component\\ErrorHandler\\Error\\FatalError(code: 0): Uncaught ReflectionException: Class \"App\\Policies\\ModelPolicy\" does not exist in Command line code:1
Stack trace:
#0 Command line code(1): ReflectionClass->__construct('App\\\\Policies\\\\Mo...')
#1 [internal function]: {closure}('App\\\\Policies\\\\Mo...', 'App\\\\Model')
#2 Command line code(1): array_map(Object(Closure), Array, Array)
#3 {main}
  thrown at Command line code:1)
[stacktrace]
#0 E:\\wamp64\\www\\techsense\\vendor\\laravel\\framework\\src\\Illuminate\\Foundation\\Bootstrap\\HandleExceptions.php(259): Symfony\\Component\\ErrorHandler\\Error\\FatalError->__construct(message: ''Uncaught Refle...', code: '0', error: '['type' => 1, '...', traceOffset: '0', traceArgs: '???', trace: '???')
#1 E:\\wamp64\\www\\techsense\\vendor\\laravel\\framework\\src\\Illuminate\\Foundation\\Bootstrap\\HandleExceptions.php(246): Illuminate\\Foundation\\Bootstrap\\HandleExceptions->fatalErrorFromPhpError(error: '['type' => 1, '...', traceOffset: '0')
#2 E:\\wamp64\\www\\techsense\\vendor\\laravel\\framework\\src\\Illuminate\\Foundation\\Bootstrap\\HandleExceptions.php(270): Illuminate\\Foundation\\Bootstrap\\HandleExceptions->handleShutdown()
#3 E:\\wamp64\\www\\techsense\\vendor\\laravel\\framework\\src\\Illuminate\\Foundation\\Bootstrap\\HandleExceptions.php(0): Illuminate\\Foundation\\Bootstrap\\HandleExceptions->Illuminate\\Foundation\\Bootstrap\\{closure:E:\\wamp64\\www\\techsense\\vendor\\laravel\\framework\\src\\Illuminate\\Foundation\\Bootstrap\\HandleExceptions.php:269-271}()
#4 {main}
"} 
[2025-07-02 23:07:43] live.ERROR: Uncaught ReflectionException: Class "App\Policies\ModelPolicy" does not exist in Command line code:1
Stack trace:
#0 Command line code(1): ReflectionClass->__construct('App\\Policies\\Mo...')
#1 [internal function]: {closure}('App\\Policies\\Mo...', 'App\\Model')
#2 Command line code(1): array_map(Object(Closure), Array, Array)
#3 {main}
  thrown {"exception":"[object] (Symfony\\Component\\ErrorHandler\\Error\\FatalError(code: 0): Uncaught ReflectionException: Class \"App\\Policies\\ModelPolicy\" does not exist in Command line code:1
Stack trace:
#0 Command line code(1): ReflectionClass->__construct('App\\\\Policies\\\\Mo...')
#1 [internal function]: {closure}('App\\\\Policies\\\\Mo...', 'App\\\\Model')
#2 Command line code(1): array_map(Object(Closure), Array, Array)
#3 {main}
  thrown at Command line code:1)
[stacktrace]
#0 E:\\wamp64\\www\\techsense\\vendor\\laravel\\framework\\src\\Illuminate\\Foundation\\Bootstrap\\HandleExceptions.php(259): Symfony\\Component\\ErrorHandler\\Error\\FatalError->__construct(message: ''Uncaught Refle...', code: '0', error: '['type' => 1, '...', traceOffset: '0', traceArgs: '???', trace: '???')
#1 E:\\wamp64\\www\\techsense\\vendor\\laravel\\framework\\src\\Illuminate\\Foundation\\Bootstrap\\HandleExceptions.php(246): Illuminate\\Foundation\\Bootstrap\\HandleExceptions->fatalErrorFromPhpError(error: '['type' => 1, '...', traceOffset: '0')
#2 E:\\wamp64\\www\\techsense\\vendor\\laravel\\framework\\src\\Illuminate\\Foundation\\Bootstrap\\HandleExceptions.php(270): Illuminate\\Foundation\\Bootstrap\\HandleExceptions->handleShutdown()
#3 E:\\wamp64\\www\\techsense\\vendor\\laravel\\framework\\src\\Illuminate\\Foundation\\Bootstrap\\HandleExceptions.php(0): Illuminate\\Foundation\\Bootstrap\\HandleExceptions->Illuminate\\Foundation\\Bootstrap\\{closure:E:\\wamp64\\www\\techsense\\vendor\\laravel\\framework\\src\\Illuminate\\Foundation\\Bootstrap\\HandleExceptions.php:269-271}()
#4 {main}
"} 
[2025-07-02 23:38:20] live.ERROR: View [report.bill_due_report] not found. {"userId":1,"exception":"[object] (InvalidArgumentException(code: 0): View [report.bill_due_report] not found. at E:\\wamp64\\www\\techsense\\vendor\\laravel\\framework\\src\\Illuminate\\View\\FileViewFinder.php:137)
[stacktrace]
#0 E:\\wamp64\\www\\techsense\\vendor\\laravel\\framework\\src\\Illuminate\\View\\FileViewFinder.php(79): Illuminate\\View\\FileViewFinder->findInPaths('report.bill_due...', Array)
#1 E:\\wamp64\\www\\techsense\\vendor\\laravel\\framework\\src\\Illuminate\\View\\Factory.php(137): Illuminate\\View\\FileViewFinder->find('report.bill_due...')
#2 E:\\wamp64\\www\\techsense\\vendor\\laravel\\framework\\src\\Illuminate\\Foundation\\helpers.php(1035): Illuminate\\View\\Factory->make('report.bill_due...', Array, Array)
#3 E:\\wamp64\\www\\techsense\\app\\Http\\Controllers\\ReportController.php(153): view('report.bill_due...', Array)
#4 E:\\wamp64\\www\\techsense\\vendor\\laravel\\framework\\src\\Illuminate\\Routing\\Controller.php(54): App\\Http\\Controllers\\ReportController->getBillDueReport(Object(Illuminate\\Http\\Request))
#5 E:\\wamp64\\www\\techsense\\vendor\\laravel\\framework\\src\\Illuminate\\Routing\\ControllerDispatcher.php(43): Illuminate\\Routing\\Controller->callAction('getBillDueRepor...', Array)
#6 E:\\wamp64\\www\\techsense\\vendor\\laravel\\framework\\src\\Illuminate\\Routing\\Route.php(259): Illuminate\\Routing\\ControllerDispatcher->dispatch(Object(Illuminate\\Routing\\Route), Object(App\\Http\\Controllers\\ReportController), 'getBillDueRepor...')
#7 E:\\wamp64\\www\\techsense\\vendor\\laravel\\framework\\src\\Illuminate\\Routing\\Route.php(205): Illuminate\\Routing\\Route->runController()
#8 E:\\wamp64\\www\\techsense\\vendor\\laravel\\framework\\src\\Illuminate\\Routing\\Router.php(798): Illuminate\\Routing\\Route->run()
#9 E:\\wamp64\\www\\techsense\\vendor\\laravel\\framework\\src\\Illuminate\\Pipeline\\Pipeline.php(141): Illuminate\\Routing\\Router->Illuminate\\Routing\\{closure}(Object(Illuminate\\Http\\Request))
#10 E:\\wamp64\\www\\techsense\\app\\Http\\Middleware\\CheckUserLogin.php(22): Illuminate\\Pipeline\\Pipeline->Illuminate\\Pipeline\\{closure}(Object(Illuminate\\Http\\Request))
#11 E:\\wamp64\\www\\techsense\\vendor\\laravel\\framework\\src\\Illuminate\\Pipeline\\Pipeline.php(180): App\\Http\\Middleware\\CheckUserLogin->handle(Object(Illuminate\\Http\\Request), Object(Closure))
#12 E:\\wamp64\\www\\techsense\\app\\Http\\Middleware\\AdminSidebarMenu.php(805): Illuminate\\Pipeline\\Pipeline->Illuminate\\Pipeline\\{closure}(Object(Illuminate\\Http\\Request))
#13 E:\\wamp64\\www\\techsense\\vendor\\laravel\\framework\\src\\Illuminate\\Pipeline\\Pipeline.php(180): App\\Http\\Middleware\\AdminSidebarMenu->handle(Object(Illuminate\\Http\\Request), Object(Closure))
#14 E:\\wamp64\\www\\techsense\\app\\Http\\Middleware\\Timezone.php(30): Illuminate\\Pipeline\\Pipeline->Illuminate\\Pipeline\\{closure}(Object(Illuminate\\Http\\Request))
#15 E:\\wamp64\\www\\techsense\\vendor\\laravel\\framework\\src\\Illuminate\\Pipeline\\Pipeline.php(180): App\\Http\\Middleware\\Timezone->handle(Object(Illuminate\\Http\\Request), Object(Closure))
#16 E:\\wamp64\\www\\techsense\\app\\Http\\Middleware\\Language.php(25): Illuminate\\Pipeline\\Pipeline->Illuminate\\Pipeline\\{closure}(Object(Illuminate\\Http\\Request))
#17 E:\\wamp64\\www\\techsense\\vendor\\laravel\\framework\\src\\Illuminate\\Pipeline\\Pipeline.php(180): App\\Http\\Middleware\\Language->handle(Object(Illuminate\\Http\\Request), Object(Closure))
#18 E:\\wamp64\\www\\techsense\\app\\Http\\Middleware\\SetSessionData.php(52): Illuminate\\Pipeline\\Pipeline->Illuminate\\Pipeline\\{closure}(Object(Illuminate\\Http\\Request))
#19 E:\\wamp64\\www\\techsense\\vendor\\laravel\\framework\\src\\Illuminate\\Pipeline\\Pipeline.php(180): App\\Http\\Middleware\\SetSessionData->handle(Object(Illuminate\\Http\\Request), Object(Closure))
#20 E:\\wamp64\\www\\techsense\\app\\Http\\Middleware\\IsInstalled.php(50): Illuminate\\Pipeline\\Pipeline->Illuminate\\Pipeline\\{closure}(Object(Illuminate\\Http\\Request))
#21 E:\\wamp64\\www\\techsense\\vendor\\laravel\\framework\\src\\Illuminate\\Pipeline\\Pipeline.php(180): App\\Http\\Middleware\\IsInstalled->handle(Object(Illuminate\\Http\\Request), Object(Closure))
#22 E:\\wamp64\\www\\techsense\\vendor\\laravel\\framework\\src\\Illuminate\\Routing\\Middleware\\SubstituteBindings.php(50): Illuminate\\Pipeline\\Pipeline->Illuminate\\Pipeline\\{closure}(Object(Illuminate\\Http\\Request))
#23 E:\\wamp64\\www\\techsense\\vendor\\laravel\\framework\\src\\Illuminate\\Pipeline\\Pipeline.php(180): Illuminate\\Routing\\Middleware\\SubstituteBindings->handle(Object(Illuminate\\Http\\Request), Object(Closure))
#24 E:\\wamp64\\www\\techsense\\vendor\\laravel\\framework\\src\\Illuminate\\Auth\\Middleware\\Authenticate.php(44): Illuminate\\Pipeline\\Pipeline->Illuminate\\Pipeline\\{closure}(Object(Illuminate\\Http\\Request))
#25 E:\\wamp64\\www\\techsense\\vendor\\laravel\\framework\\src\\Illuminate\\Pipeline\\Pipeline.php(180): Illuminate\\Auth\\Middleware\\Authenticate->handle(Object(Illuminate\\Http\\Request), Object(Closure))
#26 E:\\wamp64\\www\\techsense\\vendor\\laravel\\framework\\src\\Illuminate\\Foundation\\Http\\Middleware\\VerifyCsrfToken.php(78): Illuminate\\Pipeline\\Pipeline->Illuminate\\Pipeline\\{closure}(Object(Illuminate\\Http\\Request))
#27 E:\\wamp64\\www\\techsense\\vendor\\laravel\\framework\\src\\Illuminate\\Pipeline\\Pipeline.php(180): Illuminate\\Foundation\\Http\\Middleware\\VerifyCsrfToken->handle(Object(Illuminate\\Http\\Request), Object(Closure))
#28 E:\\wamp64\\www\\techsense\\vendor\\laravel\\framework\\src\\Illuminate\\View\\Middleware\\ShareErrorsFromSession.php(49): Illuminate\\Pipeline\\Pipeline->Illuminate\\Pipeline\\{closure}(Object(Illuminate\\Http\\Request))
#29 E:\\wamp64\\www\\techsense\\vendor\\laravel\\framework\\src\\Illuminate\\Pipeline\\Pipeline.php(180): Illuminate\\View\\Middleware\\ShareErrorsFromSession->handle(Object(Illuminate\\Http\\Request), Object(Closure))
#30 E:\\wamp64\\www\\techsense\\vendor\\laravel\\framework\\src\\Illuminate\\Session\\Middleware\\StartSession.php(121): Illuminate\\Pipeline\\Pipeline->Illuminate\\Pipeline\\{closure}(Object(Illuminate\\Http\\Request))
#31 E:\\wamp64\\www\\techsense\\vendor\\laravel\\framework\\src\\Illuminate\\Session\\Middleware\\StartSession.php(64): Illuminate\\Session\\Middleware\\StartSession->handleStatefulRequest(Object(Illuminate\\Http\\Request), Object(Illuminate\\Session\\Store), Object(Closure))
#32 E:\\wamp64\\www\\techsense\\vendor\\laravel\\framework\\src\\Illuminate\\Pipeline\\Pipeline.php(180): Illuminate\\Session\\Middleware\\StartSession->handle(Object(Illuminate\\Http\\Request), Object(Closure))
#33 E:\\wamp64\\www\\techsense\\vendor\\laravel\\framework\\src\\Illuminate\\Cookie\\Middleware\\AddQueuedCookiesToResponse.php(37): Illuminate\\Pipeline\\Pipeline->Illuminate\\Pipeline\\{closure}(Object(Illuminate\\Http\\Request))
#34 E:\\wamp64\\www\\techsense\\vendor\\laravel\\framework\\src\\Illuminate\\Pipeline\\Pipeline.php(180): Illuminate\\Cookie\\Middleware\\AddQueuedCookiesToResponse->handle(Object(Illuminate\\Http\\Request), Object(Closure))
#35 E:\\wamp64\\www\\techsense\\vendor\\laravel\\framework\\src\\Illuminate\\Cookie\\Middleware\\EncryptCookies.php(67): Illuminate\\Pipeline\\Pipeline->Illuminate\\Pipeline\\{closure}(Object(Illuminate\\Http\\Request))
#36 E:\\wamp64\\www\\techsense\\vendor\\laravel\\framework\\src\\Illuminate\\Pipeline\\Pipeline.php(180): Illuminate\\Cookie\\Middleware\\EncryptCookies->handle(Object(Illuminate\\Http\\Request), Object(Closure))
#37 E:\\wamp64\\www\\techsense\\vendor\\laravel\\framework\\src\\Illuminate\\Pipeline\\Pipeline.php(116): Illuminate\\Pipeline\\Pipeline->Illuminate\\Pipeline\\{closure}(Object(Illuminate\\Http\\Request))
#38 E:\\wamp64\\www\\techsense\\vendor\\laravel\\framework\\src\\Illuminate\\Routing\\Router.php(797): Illuminate\\Pipeline\\Pipeline->then(Object(Closure))
#39 E:\\wamp64\\www\\techsense\\vendor\\laravel\\framework\\src\\Illuminate\\Routing\\Router.php(776): Illuminate\\Routing\\Router->runRouteWithinStack(Object(Illuminate\\Routing\\Route), Object(Illuminate\\Http\\Request))
#40 E:\\wamp64\\www\\techsense\\vendor\\laravel\\framework\\src\\Illuminate\\Routing\\Router.php(740): Illuminate\\Routing\\Router->runRoute(Object(Illuminate\\Http\\Request), Object(Illuminate\\Routing\\Route))
#41 E:\\wamp64\\www\\techsense\\vendor\\laravel\\framework\\src\\Illuminate\\Routing\\Router.php(729): Illuminate\\Routing\\Router->dispatchToRoute(Object(Illuminate\\Http\\Request))
#42 E:\\wamp64\\www\\techsense\\vendor\\laravel\\framework\\src\\Illuminate\\Foundation\\Http\\Kernel.php(190): Illuminate\\Routing\\Router->dispatch(Object(Illuminate\\Http\\Request))
#43 E:\\wamp64\\www\\techsense\\vendor\\laravel\\framework\\src\\Illuminate\\Pipeline\\Pipeline.php(141): Illuminate\\Foundation\\Http\\Kernel->Illuminate\\Foundation\\Http\\{closure}(Object(Illuminate\\Http\\Request))
#44 E:\\wamp64\\www\\techsense\\vendor\\barryvdh\\laravel-debugbar\\src\\Middleware\\InjectDebugbar.php(59): Illuminate\\Pipeline\\Pipeline->Illuminate\\Pipeline\\{closure}(Object(Illuminate\\Http\\Request))
#45 E:\\wamp64\\www\\techsense\\vendor\\laravel\\framework\\src\\Illuminate\\Pipeline\\Pipeline.php(180): Barryvdh\\Debugbar\\Middleware\\InjectDebugbar->handle(Object(Illuminate\\Http\\Request), Object(Closure))
#46 E:\\wamp64\\www\\techsense\\vendor\\laravel\\framework\\src\\Illuminate\\Foundation\\Http\\Middleware\\TransformsRequest.php(21): Illuminate\\Pipeline\\Pipeline->Illuminate\\Pipeline\\{closure}(Object(Illuminate\\Http\\Request))
#47 E:\\wamp64\\www\\techsense\\vendor\\laravel\\framework\\src\\Illuminate\\Foundation\\Http\\Middleware\\ConvertEmptyStringsToNull.php(31): Illuminate\\Foundation\\Http\\Middleware\\TransformsRequest->handle(Object(Illuminate\\Http\\Request), Object(Closure))
#48 E:\\wamp64\\www\\techsense\\vendor\\laravel\\framework\\src\\Illuminate\\Pipeline\\Pipeline.php(180): Illuminate\\Foundation\\Http\\Middleware\\ConvertEmptyStringsToNull->handle(Object(Illuminate\\Http\\Request), Object(Closure))
#49 E:\\wamp64\\www\\techsense\\vendor\\laravel\\framework\\src\\Illuminate\\Foundation\\Http\\Middleware\\TransformsRequest.php(21): Illuminate\\Pipeline\\Pipeline->Illuminate\\Pipeline\\{closure}(Object(Illuminate\\Http\\Request))
#50 E:\\wamp64\\www\\techsense\\vendor\\laravel\\framework\\src\\Illuminate\\Foundation\\Http\\Middleware\\TrimStrings.php(40): Illuminate\\Foundation\\Http\\Middleware\\TransformsRequest->handle(Object(Illuminate\\Http\\Request), Object(Closure))
#51 E:\\wamp64\\www\\techsense\\vendor\\laravel\\framework\\src\\Illuminate\\Pipeline\\Pipeline.php(180): Illuminate\\Foundation\\Http\\Middleware\\TrimStrings->handle(Object(Illuminate\\Http\\Request), Object(Closure))
#52 E:\\wamp64\\www\\techsense\\vendor\\laravel\\framework\\src\\Illuminate\\Foundation\\Http\\Middleware\\ValidatePostSize.php(27): Illuminate\\Pipeline\\Pipeline->Illuminate\\Pipeline\\{closure}(Object(Illuminate\\Http\\Request))
#53 E:\\wamp64\\www\\techsense\\vendor\\laravel\\framework\\src\\Illuminate\\Pipeline\\Pipeline.php(180): Illuminate\\Foundation\\Http\\Middleware\\ValidatePostSize->handle(Object(Illuminate\\Http\\Request), Object(Closure))
#54 E:\\wamp64\\www\\techsense\\vendor\\laravel\\framework\\src\\Illuminate\\Foundation\\Http\\Middleware\\PreventRequestsDuringMaintenance.php(86): Illuminate\\Pipeline\\Pipeline->Illuminate\\Pipeline\\{closure}(Object(Illuminate\\Http\\Request))
#55 E:\\wamp64\\www\\techsense\\vendor\\laravel\\framework\\src\\Illuminate\\Pipeline\\Pipeline.php(180): Illuminate\\Foundation\\Http\\Middleware\\PreventRequestsDuringMaintenance->handle(Object(Illuminate\\Http\\Request), Object(Closure))
#56 E:\\wamp64\\www\\techsense\\vendor\\laravel\\framework\\src\\Illuminate\\Http\\Middleware\\HandleCors.php(49): Illuminate\\Pipeline\\Pipeline->Illuminate\\Pipeline\\{closure}(Object(Illuminate\\Http\\Request))
#57 E:\\wamp64\\www\\techsense\\vendor\\laravel\\framework\\src\\Illuminate\\Pipeline\\Pipeline.php(180): Illuminate\\Http\\Middleware\\HandleCors->handle(Object(Illuminate\\Http\\Request), Object(Closure))
#58 E:\\wamp64\\www\\techsense\\vendor\\laravel\\framework\\src\\Illuminate\\Http\\Middleware\\TrustProxies.php(39): Illuminate\\Pipeline\\Pipeline->Illuminate\\Pipeline\\{closure}(Object(Illuminate\\Http\\Request))
#59 E:\\wamp64\\www\\techsense\\vendor\\laravel\\framework\\src\\Illuminate\\Pipeline\\Pipeline.php(180): Illuminate\\Http\\Middleware\\TrustProxies->handle(Object(Illuminate\\Http\\Request), Object(Closure))
#60 E:\\wamp64\\www\\techsense\\vendor\\laravel\\framework\\src\\Illuminate\\Pipeline\\Pipeline.php(116): Illuminate\\Pipeline\\Pipeline->Illuminate\\Pipeline\\{closure}(Object(Illuminate\\Http\\Request))
#61 E:\\wamp64\\www\\techsense\\vendor\\laravel\\framework\\src\\Illuminate\\Foundation\\Http\\Kernel.php(165): Illuminate\\Pipeline\\Pipeline->then(Object(Closure))
#62 E:\\wamp64\\www\\techsense\\vendor\\laravel\\framework\\src\\Illuminate\\Foundation\\Http\\Kernel.php(134): Illuminate\\Foundation\\Http\\Kernel->sendRequestThroughRouter(Object(Illuminate\\Http\\Request))
#63 E:\\wamp64\\www\\techsense\\public\\index.php(51): Illuminate\\Foundation\\Http\\Kernel->handle(Object(Illuminate\\Http\\Request))
#64 E:\\wamp64\\www\\techsense\\vendor\\laravel\\framework\\src\\Illuminate\\Foundation\\resources\\server.php(16): require_once('E:\\\\wamp64\\\\www\\\\t...')
#65 {main}
"} 
[2025-07-02 23:38:33] live.ERROR: View [report.bill_due_report] not found. {"userId":1,"exception":"[object] (InvalidArgumentException(code: 0): View [report.bill_due_report] not found. at E:\\wamp64\\www\\techsense\\vendor\\laravel\\framework\\src\\Illuminate\\View\\FileViewFinder.php:137)
[stacktrace]
#0 E:\\wamp64\\www\\techsense\\vendor\\laravel\\framework\\src\\Illuminate\\View\\FileViewFinder.php(79): Illuminate\\View\\FileViewFinder->findInPaths('report.bill_due...', Array)
#1 E:\\wamp64\\www\\techsense\\vendor\\laravel\\framework\\src\\Illuminate\\View\\Factory.php(137): Illuminate\\View\\FileViewFinder->find('report.bill_due...')
#2 E:\\wamp64\\www\\techsense\\vendor\\laravel\\framework\\src\\Illuminate\\Foundation\\helpers.php(1035): Illuminate\\View\\Factory->make('report.bill_due...', Array, Array)
#3 E:\\wamp64\\www\\techsense\\app\\Http\\Controllers\\ReportController.php(119): view('report.bill_due...', Array)
#4 E:\\wamp64\\www\\techsense\\vendor\\laravel\\framework\\src\\Illuminate\\Routing\\Controller.php(54): App\\Http\\Controllers\\ReportController->getBillDueReport(Object(Illuminate\\Http\\Request))
#5 E:\\wamp64\\www\\techsense\\vendor\\laravel\\framework\\src\\Illuminate\\Routing\\ControllerDispatcher.php(43): Illuminate\\Routing\\Controller->callAction('getBillDueRepor...', Array)
#6 E:\\wamp64\\www\\techsense\\vendor\\laravel\\framework\\src\\Illuminate\\Routing\\Route.php(259): Illuminate\\Routing\\ControllerDispatcher->dispatch(Object(Illuminate\\Routing\\Route), Object(App\\Http\\Controllers\\ReportController), 'getBillDueRepor...')
#7 E:\\wamp64\\www\\techsense\\vendor\\laravel\\framework\\src\\Illuminate\\Routing\\Route.php(205): Illuminate\\Routing\\Route->runController()
#8 E:\\wamp64\\www\\techsense\\vendor\\laravel\\framework\\src\\Illuminate\\Routing\\Router.php(798): Illuminate\\Routing\\Route->run()
#9 E:\\wamp64\\www\\techsense\\vendor\\laravel\\framework\\src\\Illuminate\\Pipeline\\Pipeline.php(141): Illuminate\\Routing\\Router->Illuminate\\Routing\\{closure}(Object(Illuminate\\Http\\Request))
#10 E:\\wamp64\\www\\techsense\\app\\Http\\Middleware\\CheckUserLogin.php(22): Illuminate\\Pipeline\\Pipeline->Illuminate\\Pipeline\\{closure}(Object(Illuminate\\Http\\Request))
#11 E:\\wamp64\\www\\techsense\\vendor\\laravel\\framework\\src\\Illuminate\\Pipeline\\Pipeline.php(180): App\\Http\\Middleware\\CheckUserLogin->handle(Object(Illuminate\\Http\\Request), Object(Closure))
#12 E:\\wamp64\\www\\techsense\\app\\Http\\Middleware\\AdminSidebarMenu.php(805): Illuminate\\Pipeline\\Pipeline->Illuminate\\Pipeline\\{closure}(Object(Illuminate\\Http\\Request))
#13 E:\\wamp64\\www\\techsense\\vendor\\laravel\\framework\\src\\Illuminate\\Pipeline\\Pipeline.php(180): App\\Http\\Middleware\\AdminSidebarMenu->handle(Object(Illuminate\\Http\\Request), Object(Closure))
#14 E:\\wamp64\\www\\techsense\\app\\Http\\Middleware\\Timezone.php(30): Illuminate\\Pipeline\\Pipeline->Illuminate\\Pipeline\\{closure}(Object(Illuminate\\Http\\Request))
#15 E:\\wamp64\\www\\techsense\\vendor\\laravel\\framework\\src\\Illuminate\\Pipeline\\Pipeline.php(180): App\\Http\\Middleware\\Timezone->handle(Object(Illuminate\\Http\\Request), Object(Closure))
#16 E:\\wamp64\\www\\techsense\\app\\Http\\Middleware\\Language.php(25): Illuminate\\Pipeline\\Pipeline->Illuminate\\Pipeline\\{closure}(Object(Illuminate\\Http\\Request))
#17 E:\\wamp64\\www\\techsense\\vendor\\laravel\\framework\\src\\Illuminate\\Pipeline\\Pipeline.php(180): App\\Http\\Middleware\\Language->handle(Object(Illuminate\\Http\\Request), Object(Closure))
#18 E:\\wamp64\\www\\techsense\\app\\Http\\Middleware\\SetSessionData.php(52): Illuminate\\Pipeline\\Pipeline->Illuminate\\Pipeline\\{closure}(Object(Illuminate\\Http\\Request))
#19 E:\\wamp64\\www\\techsense\\vendor\\laravel\\framework\\src\\Illuminate\\Pipeline\\Pipeline.php(180): App\\Http\\Middleware\\SetSessionData->handle(Object(Illuminate\\Http\\Request), Object(Closure))
#20 E:\\wamp64\\www\\techsense\\app\\Http\\Middleware\\IsInstalled.php(50): Illuminate\\Pipeline\\Pipeline->Illuminate\\Pipeline\\{closure}(Object(Illuminate\\Http\\Request))
#21 E:\\wamp64\\www\\techsense\\vendor\\laravel\\framework\\src\\Illuminate\\Pipeline\\Pipeline.php(180): App\\Http\\Middleware\\IsInstalled->handle(Object(Illuminate\\Http\\Request), Object(Closure))
#22 E:\\wamp64\\www\\techsense\\vendor\\laravel\\framework\\src\\Illuminate\\Routing\\Middleware\\SubstituteBindings.php(50): Illuminate\\Pipeline\\Pipeline->Illuminate\\Pipeline\\{closure}(Object(Illuminate\\Http\\Request))
#23 E:\\wamp64\\www\\techsense\\vendor\\laravel\\framework\\src\\Illuminate\\Pipeline\\Pipeline.php(180): Illuminate\\Routing\\Middleware\\SubstituteBindings->handle(Object(Illuminate\\Http\\Request), Object(Closure))
#24 E:\\wamp64\\www\\techsense\\vendor\\laravel\\framework\\src\\Illuminate\\Auth\\Middleware\\Authenticate.php(44): Illuminate\\Pipeline\\Pipeline->Illuminate\\Pipeline\\{closure}(Object(Illuminate\\Http\\Request))
#25 E:\\wamp64\\www\\techsense\\vendor\\laravel\\framework\\src\\Illuminate\\Pipeline\\Pipeline.php(180): Illuminate\\Auth\\Middleware\\Authenticate->handle(Object(Illuminate\\Http\\Request), Object(Closure))
#26 E:\\wamp64\\www\\techsense\\vendor\\laravel\\framework\\src\\Illuminate\\Foundation\\Http\\Middleware\\VerifyCsrfToken.php(78): Illuminate\\Pipeline\\Pipeline->Illuminate\\Pipeline\\{closure}(Object(Illuminate\\Http\\Request))
#27 E:\\wamp64\\www\\techsense\\vendor\\laravel\\framework\\src\\Illuminate\\Pipeline\\Pipeline.php(180): Illuminate\\Foundation\\Http\\Middleware\\VerifyCsrfToken->handle(Object(Illuminate\\Http\\Request), Object(Closure))
#28 E:\\wamp64\\www\\techsense\\vendor\\laravel\\framework\\src\\Illuminate\\View\\Middleware\\ShareErrorsFromSession.php(49): Illuminate\\Pipeline\\Pipeline->Illuminate\\Pipeline\\{closure}(Object(Illuminate\\Http\\Request))
#29 E:\\wamp64\\www\\techsense\\vendor\\laravel\\framework\\src\\Illuminate\\Pipeline\\Pipeline.php(180): Illuminate\\View\\Middleware\\ShareErrorsFromSession->handle(Object(Illuminate\\Http\\Request), Object(Closure))
#30 E:\\wamp64\\www\\techsense\\vendor\\laravel\\framework\\src\\Illuminate\\Session\\Middleware\\StartSession.php(121): Illuminate\\Pipeline\\Pipeline->Illuminate\\Pipeline\\{closure}(Object(Illuminate\\Http\\Request))
#31 E:\\wamp64\\www\\techsense\\vendor\\laravel\\framework\\src\\Illuminate\\Session\\Middleware\\StartSession.php(64): Illuminate\\Session\\Middleware\\StartSession->handleStatefulRequest(Object(Illuminate\\Http\\Request), Object(Illuminate\\Session\\Store), Object(Closure))
#32 E:\\wamp64\\www\\techsense\\vendor\\laravel\\framework\\src\\Illuminate\\Pipeline\\Pipeline.php(180): Illuminate\\Session\\Middleware\\StartSession->handle(Object(Illuminate\\Http\\Request), Object(Closure))
#33 E:\\wamp64\\www\\techsense\\vendor\\laravel\\framework\\src\\Illuminate\\Cookie\\Middleware\\AddQueuedCookiesToResponse.php(37): Illuminate\\Pipeline\\Pipeline->Illuminate\\Pipeline\\{closure}(Object(Illuminate\\Http\\Request))
#34 E:\\wamp64\\www\\techsense\\vendor\\laravel\\framework\\src\\Illuminate\\Pipeline\\Pipeline.php(180): Illuminate\\Cookie\\Middleware\\AddQueuedCookiesToResponse->handle(Object(Illuminate\\Http\\Request), Object(Closure))
#35 E:\\wamp64\\www\\techsense\\vendor\\laravel\\framework\\src\\Illuminate\\Cookie\\Middleware\\EncryptCookies.php(67): Illuminate\\Pipeline\\Pipeline->Illuminate\\Pipeline\\{closure}(Object(Illuminate\\Http\\Request))
#36 E:\\wamp64\\www\\techsense\\vendor\\laravel\\framework\\src\\Illuminate\\Pipeline\\Pipeline.php(180): Illuminate\\Cookie\\Middleware\\EncryptCookies->handle(Object(Illuminate\\Http\\Request), Object(Closure))
#37 E:\\wamp64\\www\\techsense\\vendor\\laravel\\framework\\src\\Illuminate\\Pipeline\\Pipeline.php(116): Illuminate\\Pipeline\\Pipeline->Illuminate\\Pipeline\\{closure}(Object(Illuminate\\Http\\Request))
#38 E:\\wamp64\\www\\techsense\\vendor\\laravel\\framework\\src\\Illuminate\\Routing\\Router.php(797): Illuminate\\Pipeline\\Pipeline->then(Object(Closure))
#39 E:\\wamp64\\www\\techsense\\vendor\\laravel\\framework\\src\\Illuminate\\Routing\\Router.php(776): Illuminate\\Routing\\Router->runRouteWithinStack(Object(Illuminate\\Routing\\Route), Object(Illuminate\\Http\\Request))
#40 E:\\wamp64\\www\\techsense\\vendor\\laravel\\framework\\src\\Illuminate\\Routing\\Router.php(740): Illuminate\\Routing\\Router->runRoute(Object(Illuminate\\Http\\Request), Object(Illuminate\\Routing\\Route))
#41 E:\\wamp64\\www\\techsense\\vendor\\laravel\\framework\\src\\Illuminate\\Routing\\Router.php(729): Illuminate\\Routing\\Router->dispatchToRoute(Object(Illuminate\\Http\\Request))
#42 E:\\wamp64\\www\\techsense\\vendor\\laravel\\framework\\src\\Illuminate\\Foundation\\Http\\Kernel.php(190): Illuminate\\Routing\\Router->dispatch(Object(Illuminate\\Http\\Request))
#43 E:\\wamp64\\www\\techsense\\vendor\\laravel\\framework\\src\\Illuminate\\Pipeline\\Pipeline.php(141): Illuminate\\Foundation\\Http\\Kernel->Illuminate\\Foundation\\Http\\{closure}(Object(Illuminate\\Http\\Request))
#44 E:\\wamp64\\www\\techsense\\vendor\\barryvdh\\laravel-debugbar\\src\\Middleware\\InjectDebugbar.php(59): Illuminate\\Pipeline\\Pipeline->Illuminate\\Pipeline\\{closure}(Object(Illuminate\\Http\\Request))
#45 E:\\wamp64\\www\\techsense\\vendor\\laravel\\framework\\src\\Illuminate\\Pipeline\\Pipeline.php(180): Barryvdh\\Debugbar\\Middleware\\InjectDebugbar->handle(Object(Illuminate\\Http\\Request), Object(Closure))
#46 E:\\wamp64\\www\\techsense\\vendor\\laravel\\framework\\src\\Illuminate\\Foundation\\Http\\Middleware\\TransformsRequest.php(21): Illuminate\\Pipeline\\Pipeline->Illuminate\\Pipeline\\{closure}(Object(Illuminate\\Http\\Request))
#47 E:\\wamp64\\www\\techsense\\vendor\\laravel\\framework\\src\\Illuminate\\Foundation\\Http\\Middleware\\ConvertEmptyStringsToNull.php(31): Illuminate\\Foundation\\Http\\Middleware\\TransformsRequest->handle(Object(Illuminate\\Http\\Request), Object(Closure))
#48 E:\\wamp64\\www\\techsense\\vendor\\laravel\\framework\\src\\Illuminate\\Pipeline\\Pipeline.php(180): Illuminate\\Foundation\\Http\\Middleware\\ConvertEmptyStringsToNull->handle(Object(Illuminate\\Http\\Request), Object(Closure))
#49 E:\\wamp64\\www\\techsense\\vendor\\laravel\\framework\\src\\Illuminate\\Foundation\\Http\\Middleware\\TransformsRequest.php(21): Illuminate\\Pipeline\\Pipeline->Illuminate\\Pipeline\\{closure}(Object(Illuminate\\Http\\Request))
#50 E:\\wamp64\\www\\techsense\\vendor\\laravel\\framework\\src\\Illuminate\\Foundation\\Http\\Middleware\\TrimStrings.php(40): Illuminate\\Foundation\\Http\\Middleware\\TransformsRequest->handle(Object(Illuminate\\Http\\Request), Object(Closure))
#51 E:\\wamp64\\www\\techsense\\vendor\\laravel\\framework\\src\\Illuminate\\Pipeline\\Pipeline.php(180): Illuminate\\Foundation\\Http\\Middleware\\TrimStrings->handle(Object(Illuminate\\Http\\Request), Object(Closure))
#52 E:\\wamp64\\www\\techsense\\vendor\\laravel\\framework\\src\\Illuminate\\Foundation\\Http\\Middleware\\ValidatePostSize.php(27): Illuminate\\Pipeline\\Pipeline->Illuminate\\Pipeline\\{closure}(Object(Illuminate\\Http\\Request))
#53 E:\\wamp64\\www\\techsense\\vendor\\laravel\\framework\\src\\Illuminate\\Pipeline\\Pipeline.php(180): Illuminate\\Foundation\\Http\\Middleware\\ValidatePostSize->handle(Object(Illuminate\\Http\\Request), Object(Closure))
#54 E:\\wamp64\\www\\techsense\\vendor\\laravel\\framework\\src\\Illuminate\\Foundation\\Http\\Middleware\\PreventRequestsDuringMaintenance.php(86): Illuminate\\Pipeline\\Pipeline->Illuminate\\Pipeline\\{closure}(Object(Illuminate\\Http\\Request))
#55 E:\\wamp64\\www\\techsense\\vendor\\laravel\\framework\\src\\Illuminate\\Pipeline\\Pipeline.php(180): Illuminate\\Foundation\\Http\\Middleware\\PreventRequestsDuringMaintenance->handle(Object(Illuminate\\Http\\Request), Object(Closure))
#56 E:\\wamp64\\www\\techsense\\vendor\\laravel\\framework\\src\\Illuminate\\Http\\Middleware\\HandleCors.php(49): Illuminate\\Pipeline\\Pipeline->Illuminate\\Pipeline\\{closure}(Object(Illuminate\\Http\\Request))
#57 E:\\wamp64\\www\\techsense\\vendor\\laravel\\framework\\src\\Illuminate\\Pipeline\\Pipeline.php(180): Illuminate\\Http\\Middleware\\HandleCors->handle(Object(Illuminate\\Http\\Request), Object(Closure))
#58 E:\\wamp64\\www\\techsense\\vendor\\laravel\\framework\\src\\Illuminate\\Http\\Middleware\\TrustProxies.php(39): Illuminate\\Pipeline\\Pipeline->Illuminate\\Pipeline\\{closure}(Object(Illuminate\\Http\\Request))
#59 E:\\wamp64\\www\\techsense\\vendor\\laravel\\framework\\src\\Illuminate\\Pipeline\\Pipeline.php(180): Illuminate\\Http\\Middleware\\TrustProxies->handle(Object(Illuminate\\Http\\Request), Object(Closure))
#60 E:\\wamp64\\www\\techsense\\vendor\\laravel\\framework\\src\\Illuminate\\Pipeline\\Pipeline.php(116): Illuminate\\Pipeline\\Pipeline->Illuminate\\Pipeline\\{closure}(Object(Illuminate\\Http\\Request))
#61 E:\\wamp64\\www\\techsense\\vendor\\laravel\\framework\\src\\Illuminate\\Foundation\\Http\\Kernel.php(165): Illuminate\\Pipeline\\Pipeline->then(Object(Closure))
#62 E:\\wamp64\\www\\techsense\\vendor\\laravel\\framework\\src\\Illuminate\\Foundation\\Http\\Kernel.php(134): Illuminate\\Foundation\\Http\\Kernel->sendRequestThroughRouter(Object(Illuminate\\Http\\Request))
#63 E:\\wamp64\\www\\techsense\\public\\index.php(51): Illuminate\\Foundation\\Http\\Kernel->handle(Object(Illuminate\\Http\\Request))
#64 E:\\wamp64\\www\\techsense\\vendor\\laravel\\framework\\src\\Illuminate\\Foundation\\resources\\server.php(16): require_once('E:\\\\wamp64\\\\www\\\\t...')
#65 {main}
"} 
[2025-07-02 23:08:43] live.ERROR: Uncaught ReflectionException: Class "App\Policies\ModelPolicy" does not exist in Command line code:1
Stack trace:
#0 Command line code(1): ReflectionClass->__construct('App\\Policies\\Mo...')
#1 [internal function]: {closure}('App\\Policies\\Mo...', 'App\\Model')
#2 Command line code(1): array_map(Object(Closure), Array, Array)
#3 {main}
  thrown {"exception":"[object] (Symfony\\Component\\ErrorHandler\\Error\\FatalError(code: 0): Uncaught ReflectionException: Class \"App\\Policies\\ModelPolicy\" does not exist in Command line code:1
Stack trace:
#0 Command line code(1): ReflectionClass->__construct('App\\\\Policies\\\\Mo...')
#1 [internal function]: {closure}('App\\\\Policies\\\\Mo...', 'App\\\\Model')
#2 Command line code(1): array_map(Object(Closure), Array, Array)
#3 {main}
  thrown at Command line code:1)
[stacktrace]
#0 E:\\wamp64\\www\\techsense\\vendor\\laravel\\framework\\src\\Illuminate\\Foundation\\Bootstrap\\HandleExceptions.php(259): Symfony\\Component\\ErrorHandler\\Error\\FatalError->__construct(message: ''Uncaught Refle...', code: '0', error: '['type' => 1, '...', traceOffset: '0', traceArgs: '???', trace: '???')
#1 E:\\wamp64\\www\\techsense\\vendor\\laravel\\framework\\src\\Illuminate\\Foundation\\Bootstrap\\HandleExceptions.php(246): Illuminate\\Foundation\\Bootstrap\\HandleExceptions->fatalErrorFromPhpError(error: '['type' => 1, '...', traceOffset: '0')
#2 E:\\wamp64\\www\\techsense\\vendor\\laravel\\framework\\src\\Illuminate\\Foundation\\Bootstrap\\HandleExceptions.php(270): Illuminate\\Foundation\\Bootstrap\\HandleExceptions->handleShutdown()
#3 E:\\wamp64\\www\\techsense\\vendor\\laravel\\framework\\src\\Illuminate\\Foundation\\Bootstrap\\HandleExceptions.php(0): Illuminate\\Foundation\\Bootstrap\\HandleExceptions->Illuminate\\Foundation\\Bootstrap\\{closure:E:\\wamp64\\www\\techsense\\vendor\\laravel\\framework\\src\\Illuminate\\Foundation\\Bootstrap\\HandleExceptions.php:269-271}()
#4 {main}
"} 
[2025-07-02 23:38:43] live.ERROR: View [report.bill_due_report] not found. {"userId":1,"exception":"[object] (InvalidArgumentException(code: 0): View [report.bill_due_report] not found. at E:\\wamp64\\www\\techsense\\vendor\\laravel\\framework\\src\\Illuminate\\View\\FileViewFinder.php:137)
[stacktrace]
#0 E:\\wamp64\\www\\techsense\\vendor\\laravel\\framework\\src\\Illuminate\\View\\FileViewFinder.php(79): Illuminate\\View\\FileViewFinder->findInPaths('report.bill_due...', Array)
#1 E:\\wamp64\\www\\techsense\\vendor\\laravel\\framework\\src\\Illuminate\\View\\Factory.php(137): Illuminate\\View\\FileViewFinder->find('report.bill_due...')
#2 E:\\wamp64\\www\\techsense\\vendor\\laravel\\framework\\src\\Illuminate\\Foundation\\helpers.php(1035): Illuminate\\View\\Factory->make('report.bill_due...', Array, Array)
#3 E:\\wamp64\\www\\techsense\\app\\Http\\Controllers\\ReportController.php(119): view('report.bill_due...', Array)
#4 E:\\wamp64\\www\\techsense\\vendor\\laravel\\framework\\src\\Illuminate\\Routing\\Controller.php(54): App\\Http\\Controllers\\ReportController->getBillDueReport(Object(Illuminate\\Http\\Request))
#5 E:\\wamp64\\www\\techsense\\vendor\\laravel\\framework\\src\\Illuminate\\Routing\\ControllerDispatcher.php(43): Illuminate\\Routing\\Controller->callAction('getBillDueRepor...', Array)
#6 E:\\wamp64\\www\\techsense\\vendor\\laravel\\framework\\src\\Illuminate\\Routing\\Route.php(259): Illuminate\\Routing\\ControllerDispatcher->dispatch(Object(Illuminate\\Routing\\Route), Object(App\\Http\\Controllers\\ReportController), 'getBillDueRepor...')
#7 E:\\wamp64\\www\\techsense\\vendor\\laravel\\framework\\src\\Illuminate\\Routing\\Route.php(205): Illuminate\\Routing\\Route->runController()
#8 E:\\wamp64\\www\\techsense\\vendor\\laravel\\framework\\src\\Illuminate\\Routing\\Router.php(798): Illuminate\\Routing\\Route->run()
#9 E:\\wamp64\\www\\techsense\\vendor\\laravel\\framework\\src\\Illuminate\\Pipeline\\Pipeline.php(141): Illuminate\\Routing\\Router->Illuminate\\Routing\\{closure}(Object(Illuminate\\Http\\Request))
#10 E:\\wamp64\\www\\techsense\\app\\Http\\Middleware\\CheckUserLogin.php(22): Illuminate\\Pipeline\\Pipeline->Illuminate\\Pipeline\\{closure}(Object(Illuminate\\Http\\Request))
#11 E:\\wamp64\\www\\techsense\\vendor\\laravel\\framework\\src\\Illuminate\\Pipeline\\Pipeline.php(180): App\\Http\\Middleware\\CheckUserLogin->handle(Object(Illuminate\\Http\\Request), Object(Closure))
#12 E:\\wamp64\\www\\techsense\\app\\Http\\Middleware\\AdminSidebarMenu.php(805): Illuminate\\Pipeline\\Pipeline->Illuminate\\Pipeline\\{closure}(Object(Illuminate\\Http\\Request))
#13 E:\\wamp64\\www\\techsense\\vendor\\laravel\\framework\\src\\Illuminate\\Pipeline\\Pipeline.php(180): App\\Http\\Middleware\\AdminSidebarMenu->handle(Object(Illuminate\\Http\\Request), Object(Closure))
#14 E:\\wamp64\\www\\techsense\\app\\Http\\Middleware\\Timezone.php(30): Illuminate\\Pipeline\\Pipeline->Illuminate\\Pipeline\\{closure}(Object(Illuminate\\Http\\Request))
#15 E:\\wamp64\\www\\techsense\\vendor\\laravel\\framework\\src\\Illuminate\\Pipeline\\Pipeline.php(180): App\\Http\\Middleware\\Timezone->handle(Object(Illuminate\\Http\\Request), Object(Closure))
#16 E:\\wamp64\\www\\techsense\\app\\Http\\Middleware\\Language.php(25): Illuminate\\Pipeline\\Pipeline->Illuminate\\Pipeline\\{closure}(Object(Illuminate\\Http\\Request))
#17 E:\\wamp64\\www\\techsense\\vendor\\laravel\\framework\\src\\Illuminate\\Pipeline\\Pipeline.php(180): App\\Http\\Middleware\\Language->handle(Object(Illuminate\\Http\\Request), Object(Closure))
#18 E:\\wamp64\\www\\techsense\\app\\Http\\Middleware\\SetSessionData.php(52): Illuminate\\Pipeline\\Pipeline->Illuminate\\Pipeline\\{closure}(Object(Illuminate\\Http\\Request))
#19 E:\\wamp64\\www\\techsense\\vendor\\laravel\\framework\\src\\Illuminate\\Pipeline\\Pipeline.php(180): App\\Http\\Middleware\\SetSessionData->handle(Object(Illuminate\\Http\\Request), Object(Closure))
#20 E:\\wamp64\\www\\techsense\\app\\Http\\Middleware\\IsInstalled.php(50): Illuminate\\Pipeline\\Pipeline->Illuminate\\Pipeline\\{closure}(Object(Illuminate\\Http\\Request))
#21 E:\\wamp64\\www\\techsense\\vendor\\laravel\\framework\\src\\Illuminate\\Pipeline\\Pipeline.php(180): App\\Http\\Middleware\\IsInstalled->handle(Object(Illuminate\\Http\\Request), Object(Closure))
#22 E:\\wamp64\\www\\techsense\\vendor\\laravel\\framework\\src\\Illuminate\\Routing\\Middleware\\SubstituteBindings.php(50): Illuminate\\Pipeline\\Pipeline->Illuminate\\Pipeline\\{closure}(Object(Illuminate\\Http\\Request))
#23 E:\\wamp64\\www\\techsense\\vendor\\laravel\\framework\\src\\Illuminate\\Pipeline\\Pipeline.php(180): Illuminate\\Routing\\Middleware\\SubstituteBindings->handle(Object(Illuminate\\Http\\Request), Object(Closure))
#24 E:\\wamp64\\www\\techsense\\vendor\\laravel\\framework\\src\\Illuminate\\Auth\\Middleware\\Authenticate.php(44): Illuminate\\Pipeline\\Pipeline->Illuminate\\Pipeline\\{closure}(Object(Illuminate\\Http\\Request))
#25 E:\\wamp64\\www\\techsense\\vendor\\laravel\\framework\\src\\Illuminate\\Pipeline\\Pipeline.php(180): Illuminate\\Auth\\Middleware\\Authenticate->handle(Object(Illuminate\\Http\\Request), Object(Closure))
#26 E:\\wamp64\\www\\techsense\\vendor\\laravel\\framework\\src\\Illuminate\\Foundation\\Http\\Middleware\\VerifyCsrfToken.php(78): Illuminate\\Pipeline\\Pipeline->Illuminate\\Pipeline\\{closure}(Object(Illuminate\\Http\\Request))
#27 E:\\wamp64\\www\\techsense\\vendor\\laravel\\framework\\src\\Illuminate\\Pipeline\\Pipeline.php(180): Illuminate\\Foundation\\Http\\Middleware\\VerifyCsrfToken->handle(Object(Illuminate\\Http\\Request), Object(Closure))
#28 E:\\wamp64\\www\\techsense\\vendor\\laravel\\framework\\src\\Illuminate\\View\\Middleware\\ShareErrorsFromSession.php(49): Illuminate\\Pipeline\\Pipeline->Illuminate\\Pipeline\\{closure}(Object(Illuminate\\Http\\Request))
#29 E:\\wamp64\\www\\techsense\\vendor\\laravel\\framework\\src\\Illuminate\\Pipeline\\Pipeline.php(180): Illuminate\\View\\Middleware\\ShareErrorsFromSession->handle(Object(Illuminate\\Http\\Request), Object(Closure))
#30 E:\\wamp64\\www\\techsense\\vendor\\laravel\\framework\\src\\Illuminate\\Session\\Middleware\\StartSession.php(121): Illuminate\\Pipeline\\Pipeline->Illuminate\\Pipeline\\{closure}(Object(Illuminate\\Http\\Request))
#31 E:\\wamp64\\www\\techsense\\vendor\\laravel\\framework\\src\\Illuminate\\Session\\Middleware\\StartSession.php(64): Illuminate\\Session\\Middleware\\StartSession->handleStatefulRequest(Object(Illuminate\\Http\\Request), Object(Illuminate\\Session\\Store), Object(Closure))
#32 E:\\wamp64\\www\\techsense\\vendor\\laravel\\framework\\src\\Illuminate\\Pipeline\\Pipeline.php(180): Illuminate\\Session\\Middleware\\StartSession->handle(Object(Illuminate\\Http\\Request), Object(Closure))
#33 E:\\wamp64\\www\\techsense\\vendor\\laravel\\framework\\src\\Illuminate\\Cookie\\Middleware\\AddQueuedCookiesToResponse.php(37): Illuminate\\Pipeline\\Pipeline->Illuminate\\Pipeline\\{closure}(Object(Illuminate\\Http\\Request))
#34 E:\\wamp64\\www\\techsense\\vendor\\laravel\\framework\\src\\Illuminate\\Pipeline\\Pipeline.php(180): Illuminate\\Cookie\\Middleware\\AddQueuedCookiesToResponse->handle(Object(Illuminate\\Http\\Request), Object(Closure))
#35 E:\\wamp64\\www\\techsense\\vendor\\laravel\\framework\\src\\Illuminate\\Cookie\\Middleware\\EncryptCookies.php(67): Illuminate\\Pipeline\\Pipeline->Illuminate\\Pipeline\\{closure}(Object(Illuminate\\Http\\Request))
#36 E:\\wamp64\\www\\techsense\\vendor\\laravel\\framework\\src\\Illuminate\\Pipeline\\Pipeline.php(180): Illuminate\\Cookie\\Middleware\\EncryptCookies->handle(Object(Illuminate\\Http\\Request), Object(Closure))
#37 E:\\wamp64\\www\\techsense\\vendor\\laravel\\framework\\src\\Illuminate\\Pipeline\\Pipeline.php(116): Illuminate\\Pipeline\\Pipeline->Illuminate\\Pipeline\\{closure}(Object(Illuminate\\Http\\Request))
#38 E:\\wamp64\\www\\techsense\\vendor\\laravel\\framework\\src\\Illuminate\\Routing\\Router.php(797): Illuminate\\Pipeline\\Pipeline->then(Object(Closure))
#39 E:\\wamp64\\www\\techsense\\vendor\\laravel\\framework\\src\\Illuminate\\Routing\\Router.php(776): Illuminate\\Routing\\Router->runRouteWithinStack(Object(Illuminate\\Routing\\Route), Object(Illuminate\\Http\\Request))
#40 E:\\wamp64\\www\\techsense\\vendor\\laravel\\framework\\src\\Illuminate\\Routing\\Router.php(740): Illuminate\\Routing\\Router->runRoute(Object(Illuminate\\Http\\Request), Object(Illuminate\\Routing\\Route))
#41 E:\\wamp64\\www\\techsense\\vendor\\laravel\\framework\\src\\Illuminate\\Routing\\Router.php(729): Illuminate\\Routing\\Router->dispatchToRoute(Object(Illuminate\\Http\\Request))
#42 E:\\wamp64\\www\\techsense\\vendor\\laravel\\framework\\src\\Illuminate\\Foundation\\Http\\Kernel.php(190): Illuminate\\Routing\\Router->dispatch(Object(Illuminate\\Http\\Request))
#43 E:\\wamp64\\www\\techsense\\vendor\\laravel\\framework\\src\\Illuminate\\Pipeline\\Pipeline.php(141): Illuminate\\Foundation\\Http\\Kernel->Illuminate\\Foundation\\Http\\{closure}(Object(Illuminate\\Http\\Request))
#44 E:\\wamp64\\www\\techsense\\vendor\\barryvdh\\laravel-debugbar\\src\\Middleware\\InjectDebugbar.php(59): Illuminate\\Pipeline\\Pipeline->Illuminate\\Pipeline\\{closure}(Object(Illuminate\\Http\\Request))
#45 E:\\wamp64\\www\\techsense\\vendor\\laravel\\framework\\src\\Illuminate\\Pipeline\\Pipeline.php(180): Barryvdh\\Debugbar\\Middleware\\InjectDebugbar->handle(Object(Illuminate\\Http\\Request), Object(Closure))
#46 E:\\wamp64\\www\\techsense\\vendor\\laravel\\framework\\src\\Illuminate\\Foundation\\Http\\Middleware\\TransformsRequest.php(21): Illuminate\\Pipeline\\Pipeline->Illuminate\\Pipeline\\{closure}(Object(Illuminate\\Http\\Request))
#47 E:\\wamp64\\www\\techsense\\vendor\\laravel\\framework\\src\\Illuminate\\Foundation\\Http\\Middleware\\ConvertEmptyStringsToNull.php(31): Illuminate\\Foundation\\Http\\Middleware\\TransformsRequest->handle(Object(Illuminate\\Http\\Request), Object(Closure))
#48 E:\\wamp64\\www\\techsense\\vendor\\laravel\\framework\\src\\Illuminate\\Pipeline\\Pipeline.php(180): Illuminate\\Foundation\\Http\\Middleware\\ConvertEmptyStringsToNull->handle(Object(Illuminate\\Http\\Request), Object(Closure))
#49 E:\\wamp64\\www\\techsense\\vendor\\laravel\\framework\\src\\Illuminate\\Foundation\\Http\\Middleware\\TransformsRequest.php(21): Illuminate\\Pipeline\\Pipeline->Illuminate\\Pipeline\\{closure}(Object(Illuminate\\Http\\Request))
#50 E:\\wamp64\\www\\techsense\\vendor\\laravel\\framework\\src\\Illuminate\\Foundation\\Http\\Middleware\\TrimStrings.php(40): Illuminate\\Foundation\\Http\\Middleware\\TransformsRequest->handle(Object(Illuminate\\Http\\Request), Object(Closure))
#51 E:\\wamp64\\www\\techsense\\vendor\\laravel\\framework\\src\\Illuminate\\Pipeline\\Pipeline.php(180): Illuminate\\Foundation\\Http\\Middleware\\TrimStrings->handle(Object(Illuminate\\Http\\Request), Object(Closure))
#52 E:\\wamp64\\www\\techsense\\vendor\\laravel\\framework\\src\\Illuminate\\Foundation\\Http\\Middleware\\ValidatePostSize.php(27): Illuminate\\Pipeline\\Pipeline->Illuminate\\Pipeline\\{closure}(Object(Illuminate\\Http\\Request))
#53 E:\\wamp64\\www\\techsense\\vendor\\laravel\\framework\\src\\Illuminate\\Pipeline\\Pipeline.php(180): Illuminate\\Foundation\\Http\\Middleware\\ValidatePostSize->handle(Object(Illuminate\\Http\\Request), Object(Closure))
#54 E:\\wamp64\\www\\techsense\\vendor\\laravel\\framework\\src\\Illuminate\\Foundation\\Http\\Middleware\\PreventRequestsDuringMaintenance.php(86): Illuminate\\Pipeline\\Pipeline->Illuminate\\Pipeline\\{closure}(Object(Illuminate\\Http\\Request))
#55 E:\\wamp64\\www\\techsense\\vendor\\laravel\\framework\\src\\Illuminate\\Pipeline\\Pipeline.php(180): Illuminate\\Foundation\\Http\\Middleware\\PreventRequestsDuringMaintenance->handle(Object(Illuminate\\Http\\Request), Object(Closure))
#56 E:\\wamp64\\www\\techsense\\vendor\\laravel\\framework\\src\\Illuminate\\Http\\Middleware\\HandleCors.php(49): Illuminate\\Pipeline\\Pipeline->Illuminate\\Pipeline\\{closure}(Object(Illuminate\\Http\\Request))
#57 E:\\wamp64\\www\\techsense\\vendor\\laravel\\framework\\src\\Illuminate\\Pipeline\\Pipeline.php(180): Illuminate\\Http\\Middleware\\HandleCors->handle(Object(Illuminate\\Http\\Request), Object(Closure))
#58 E:\\wamp64\\www\\techsense\\vendor\\laravel\\framework\\src\\Illuminate\\Http\\Middleware\\TrustProxies.php(39): Illuminate\\Pipeline\\Pipeline->Illuminate\\Pipeline\\{closure}(Object(Illuminate\\Http\\Request))
#59 E:\\wamp64\\www\\techsense\\vendor\\laravel\\framework\\src\\Illuminate\\Pipeline\\Pipeline.php(180): Illuminate\\Http\\Middleware\\TrustProxies->handle(Object(Illuminate\\Http\\Request), Object(Closure))
#60 E:\\wamp64\\www\\techsense\\vendor\\laravel\\framework\\src\\Illuminate\\Pipeline\\Pipeline.php(116): Illuminate\\Pipeline\\Pipeline->Illuminate\\Pipeline\\{closure}(Object(Illuminate\\Http\\Request))
#61 E:\\wamp64\\www\\techsense\\vendor\\laravel\\framework\\src\\Illuminate\\Foundation\\Http\\Kernel.php(165): Illuminate\\Pipeline\\Pipeline->then(Object(Closure))
#62 E:\\wamp64\\www\\techsense\\vendor\\laravel\\framework\\src\\Illuminate\\Foundation\\Http\\Kernel.php(134): Illuminate\\Foundation\\Http\\Kernel->sendRequestThroughRouter(Object(Illuminate\\Http\\Request))
#63 E:\\wamp64\\www\\techsense\\public\\index.php(51): Illuminate\\Foundation\\Http\\Kernel->handle(Object(Illuminate\\Http\\Request))
#64 E:\\wamp64\\www\\techsense\\vendor\\laravel\\framework\\src\\Illuminate\\Foundation\\resources\\server.php(16): require_once('E:\\\\wamp64\\\\www\\\\t...')
#65 {main}
"} 
[2025-07-02 23:38:50] live.ERROR: View [report.bill_due_report] not found. {"userId":1,"exception":"[object] (InvalidArgumentException(code: 0): View [report.bill_due_report] not found. at E:\\wamp64\\www\\techsense\\vendor\\laravel\\framework\\src\\Illuminate\\View\\FileViewFinder.php:137)
[stacktrace]
#0 E:\\wamp64\\www\\techsense\\vendor\\laravel\\framework\\src\\Illuminate\\View\\FileViewFinder.php(79): Illuminate\\View\\FileViewFinder->findInPaths('report.bill_due...', Array)
#1 E:\\wamp64\\www\\techsense\\vendor\\laravel\\framework\\src\\Illuminate\\View\\Factory.php(137): Illuminate\\View\\FileViewFinder->find('report.bill_due...')
#2 E:\\wamp64\\www\\techsense\\vendor\\laravel\\framework\\src\\Illuminate\\Foundation\\helpers.php(1035): Illuminate\\View\\Factory->make('report.bill_due...', Array, Array)
#3 E:\\wamp64\\www\\techsense\\app\\Http\\Controllers\\ReportController.php(119): view('report.bill_due...', Array)
#4 E:\\wamp64\\www\\techsense\\vendor\\laravel\\framework\\src\\Illuminate\\Routing\\Controller.php(54): App\\Http\\Controllers\\ReportController->getBillDueReport(Object(Illuminate\\Http\\Request))
#5 E:\\wamp64\\www\\techsense\\vendor\\laravel\\framework\\src\\Illuminate\\Routing\\ControllerDispatcher.php(43): Illuminate\\Routing\\Controller->callAction('getBillDueRepor...', Array)
#6 E:\\wamp64\\www\\techsense\\vendor\\laravel\\framework\\src\\Illuminate\\Routing\\Route.php(259): Illuminate\\Routing\\ControllerDispatcher->dispatch(Object(Illuminate\\Routing\\Route), Object(App\\Http\\Controllers\\ReportController), 'getBillDueRepor...')
#7 E:\\wamp64\\www\\techsense\\vendor\\laravel\\framework\\src\\Illuminate\\Routing\\Route.php(205): Illuminate\\Routing\\Route->runController()
#8 E:\\wamp64\\www\\techsense\\vendor\\laravel\\framework\\src\\Illuminate\\Routing\\Router.php(798): Illuminate\\Routing\\Route->run()
#9 E:\\wamp64\\www\\techsense\\vendor\\laravel\\framework\\src\\Illuminate\\Pipeline\\Pipeline.php(141): Illuminate\\Routing\\Router->Illuminate\\Routing\\{closure}(Object(Illuminate\\Http\\Request))
#10 E:\\wamp64\\www\\techsense\\app\\Http\\Middleware\\CheckUserLogin.php(22): Illuminate\\Pipeline\\Pipeline->Illuminate\\Pipeline\\{closure}(Object(Illuminate\\Http\\Request))
#11 E:\\wamp64\\www\\techsense\\vendor\\laravel\\framework\\src\\Illuminate\\Pipeline\\Pipeline.php(180): App\\Http\\Middleware\\CheckUserLogin->handle(Object(Illuminate\\Http\\Request), Object(Closure))
#12 E:\\wamp64\\www\\techsense\\app\\Http\\Middleware\\AdminSidebarMenu.php(805): Illuminate\\Pipeline\\Pipeline->Illuminate\\Pipeline\\{closure}(Object(Illuminate\\Http\\Request))
#13 E:\\wamp64\\www\\techsense\\vendor\\laravel\\framework\\src\\Illuminate\\Pipeline\\Pipeline.php(180): App\\Http\\Middleware\\AdminSidebarMenu->handle(Object(Illuminate\\Http\\Request), Object(Closure))
#14 E:\\wamp64\\www\\techsense\\app\\Http\\Middleware\\Timezone.php(30): Illuminate\\Pipeline\\Pipeline->Illuminate\\Pipeline\\{closure}(Object(Illuminate\\Http\\Request))
#15 E:\\wamp64\\www\\techsense\\vendor\\laravel\\framework\\src\\Illuminate\\Pipeline\\Pipeline.php(180): App\\Http\\Middleware\\Timezone->handle(Object(Illuminate\\Http\\Request), Object(Closure))
#16 E:\\wamp64\\www\\techsense\\app\\Http\\Middleware\\Language.php(25): Illuminate\\Pipeline\\Pipeline->Illuminate\\Pipeline\\{closure}(Object(Illuminate\\Http\\Request))
#17 E:\\wamp64\\www\\techsense\\vendor\\laravel\\framework\\src\\Illuminate\\Pipeline\\Pipeline.php(180): App\\Http\\Middleware\\Language->handle(Object(Illuminate\\Http\\Request), Object(Closure))
#18 E:\\wamp64\\www\\techsense\\app\\Http\\Middleware\\SetSessionData.php(52): Illuminate\\Pipeline\\Pipeline->Illuminate\\Pipeline\\{closure}(Object(Illuminate\\Http\\Request))
#19 E:\\wamp64\\www\\techsense\\vendor\\laravel\\framework\\src\\Illuminate\\Pipeline\\Pipeline.php(180): App\\Http\\Middleware\\SetSessionData->handle(Object(Illuminate\\Http\\Request), Object(Closure))
#20 E:\\wamp64\\www\\techsense\\app\\Http\\Middleware\\IsInstalled.php(50): Illuminate\\Pipeline\\Pipeline->Illuminate\\Pipeline\\{closure}(Object(Illuminate\\Http\\Request))
#21 E:\\wamp64\\www\\techsense\\vendor\\laravel\\framework\\src\\Illuminate\\Pipeline\\Pipeline.php(180): App\\Http\\Middleware\\IsInstalled->handle(Object(Illuminate\\Http\\Request), Object(Closure))
#22 E:\\wamp64\\www\\techsense\\vendor\\laravel\\framework\\src\\Illuminate\\Routing\\Middleware\\SubstituteBindings.php(50): Illuminate\\Pipeline\\Pipeline->Illuminate\\Pipeline\\{closure}(Object(Illuminate\\Http\\Request))
#23 E:\\wamp64\\www\\techsense\\vendor\\laravel\\framework\\src\\Illuminate\\Pipeline\\Pipeline.php(180): Illuminate\\Routing\\Middleware\\SubstituteBindings->handle(Object(Illuminate\\Http\\Request), Object(Closure))
#24 E:\\wamp64\\www\\techsense\\vendor\\laravel\\framework\\src\\Illuminate\\Auth\\Middleware\\Authenticate.php(44): Illuminate\\Pipeline\\Pipeline->Illuminate\\Pipeline\\{closure}(Object(Illuminate\\Http\\Request))
#25 E:\\wamp64\\www\\techsense\\vendor\\laravel\\framework\\src\\Illuminate\\Pipeline\\Pipeline.php(180): Illuminate\\Auth\\Middleware\\Authenticate->handle(Object(Illuminate\\Http\\Request), Object(Closure))
#26 E:\\wamp64\\www\\techsense\\vendor\\laravel\\framework\\src\\Illuminate\\Foundation\\Http\\Middleware\\VerifyCsrfToken.php(78): Illuminate\\Pipeline\\Pipeline->Illuminate\\Pipeline\\{closure}(Object(Illuminate\\Http\\Request))
#27 E:\\wamp64\\www\\techsense\\vendor\\laravel\\framework\\src\\Illuminate\\Pipeline\\Pipeline.php(180): Illuminate\\Foundation\\Http\\Middleware\\VerifyCsrfToken->handle(Object(Illuminate\\Http\\Request), Object(Closure))
#28 E:\\wamp64\\www\\techsense\\vendor\\laravel\\framework\\src\\Illuminate\\View\\Middleware\\ShareErrorsFromSession.php(49): Illuminate\\Pipeline\\Pipeline->Illuminate\\Pipeline\\{closure}(Object(Illuminate\\Http\\Request))
#29 E:\\wamp64\\www\\techsense\\vendor\\laravel\\framework\\src\\Illuminate\\Pipeline\\Pipeline.php(180): Illuminate\\View\\Middleware\\ShareErrorsFromSession->handle(Object(Illuminate\\Http\\Request), Object(Closure))
#30 E:\\wamp64\\www\\techsense\\vendor\\laravel\\framework\\src\\Illuminate\\Session\\Middleware\\StartSession.php(121): Illuminate\\Pipeline\\Pipeline->Illuminate\\Pipeline\\{closure}(Object(Illuminate\\Http\\Request))
#31 E:\\wamp64\\www\\techsense\\vendor\\laravel\\framework\\src\\Illuminate\\Session\\Middleware\\StartSession.php(64): Illuminate\\Session\\Middleware\\StartSession->handleStatefulRequest(Object(Illuminate\\Http\\Request), Object(Illuminate\\Session\\Store), Object(Closure))
#32 E:\\wamp64\\www\\techsense\\vendor\\laravel\\framework\\src\\Illuminate\\Pipeline\\Pipeline.php(180): Illuminate\\Session\\Middleware\\StartSession->handle(Object(Illuminate\\Http\\Request), Object(Closure))
#33 E:\\wamp64\\www\\techsense\\vendor\\laravel\\framework\\src\\Illuminate\\Cookie\\Middleware\\AddQueuedCookiesToResponse.php(37): Illuminate\\Pipeline\\Pipeline->Illuminate\\Pipeline\\{closure}(Object(Illuminate\\Http\\Request))
#34 E:\\wamp64\\www\\techsense\\vendor\\laravel\\framework\\src\\Illuminate\\Pipeline\\Pipeline.php(180): Illuminate\\Cookie\\Middleware\\AddQueuedCookiesToResponse->handle(Object(Illuminate\\Http\\Request), Object(Closure))
#35 E:\\wamp64\\www\\techsense\\vendor\\laravel\\framework\\src\\Illuminate\\Cookie\\Middleware\\EncryptCookies.php(67): Illuminate\\Pipeline\\Pipeline->Illuminate\\Pipeline\\{closure}(Object(Illuminate\\Http\\Request))
#36 E:\\wamp64\\www\\techsense\\vendor\\laravel\\framework\\src\\Illuminate\\Pipeline\\Pipeline.php(180): Illuminate\\Cookie\\Middleware\\EncryptCookies->handle(Object(Illuminate\\Http\\Request), Object(Closure))
#37 E:\\wamp64\\www\\techsense\\vendor\\laravel\\framework\\src\\Illuminate\\Pipeline\\Pipeline.php(116): Illuminate\\Pipeline\\Pipeline->Illuminate\\Pipeline\\{closure}(Object(Illuminate\\Http\\Request))
#38 E:\\wamp64\\www\\techsense\\vendor\\laravel\\framework\\src\\Illuminate\\Routing\\Router.php(797): Illuminate\\Pipeline\\Pipeline->then(Object(Closure))
#39 E:\\wamp64\\www\\techsense\\vendor\\laravel\\framework\\src\\Illuminate\\Routing\\Router.php(776): Illuminate\\Routing\\Router->runRouteWithinStack(Object(Illuminate\\Routing\\Route), Object(Illuminate\\Http\\Request))
#40 E:\\wamp64\\www\\techsense\\vendor\\laravel\\framework\\src\\Illuminate\\Routing\\Router.php(740): Illuminate\\Routing\\Router->runRoute(Object(Illuminate\\Http\\Request), Object(Illuminate\\Routing\\Route))
#41 E:\\wamp64\\www\\techsense\\vendor\\laravel\\framework\\src\\Illuminate\\Routing\\Router.php(729): Illuminate\\Routing\\Router->dispatchToRoute(Object(Illuminate\\Http\\Request))
#42 E:\\wamp64\\www\\techsense\\vendor\\laravel\\framework\\src\\Illuminate\\Foundation\\Http\\Kernel.php(190): Illuminate\\Routing\\Router->dispatch(Object(Illuminate\\Http\\Request))
#43 E:\\wamp64\\www\\techsense\\vendor\\laravel\\framework\\src\\Illuminate\\Pipeline\\Pipeline.php(141): Illuminate\\Foundation\\Http\\Kernel->Illuminate\\Foundation\\Http\\{closure}(Object(Illuminate\\Http\\Request))
#44 E:\\wamp64\\www\\techsense\\vendor\\barryvdh\\laravel-debugbar\\src\\Middleware\\InjectDebugbar.php(59): Illuminate\\Pipeline\\Pipeline->Illuminate\\Pipeline\\{closure}(Object(Illuminate\\Http\\Request))
#45 E:\\wamp64\\www\\techsense\\vendor\\laravel\\framework\\src\\Illuminate\\Pipeline\\Pipeline.php(180): Barryvdh\\Debugbar\\Middleware\\InjectDebugbar->handle(Object(Illuminate\\Http\\Request), Object(Closure))
#46 E:\\wamp64\\www\\techsense\\vendor\\laravel\\framework\\src\\Illuminate\\Foundation\\Http\\Middleware\\TransformsRequest.php(21): Illuminate\\Pipeline\\Pipeline->Illuminate\\Pipeline\\{closure}(Object(Illuminate\\Http\\Request))
#47 E:\\wamp64\\www\\techsense\\vendor\\laravel\\framework\\src\\Illuminate\\Foundation\\Http\\Middleware\\ConvertEmptyStringsToNull.php(31): Illuminate\\Foundation\\Http\\Middleware\\TransformsRequest->handle(Object(Illuminate\\Http\\Request), Object(Closure))
#48 E:\\wamp64\\www\\techsense\\vendor\\laravel\\framework\\src\\Illuminate\\Pipeline\\Pipeline.php(180): Illuminate\\Foundation\\Http\\Middleware\\ConvertEmptyStringsToNull->handle(Object(Illuminate\\Http\\Request), Object(Closure))
#49 E:\\wamp64\\www\\techsense\\vendor\\laravel\\framework\\src\\Illuminate\\Foundation\\Http\\Middleware\\TransformsRequest.php(21): Illuminate\\Pipeline\\Pipeline->Illuminate\\Pipeline\\{closure}(Object(Illuminate\\Http\\Request))
#50 E:\\wamp64\\www\\techsense\\vendor\\laravel\\framework\\src\\Illuminate\\Foundation\\Http\\Middleware\\TrimStrings.php(40): Illuminate\\Foundation\\Http\\Middleware\\TransformsRequest->handle(Object(Illuminate\\Http\\Request), Object(Closure))
#51 E:\\wamp64\\www\\techsense\\vendor\\laravel\\framework\\src\\Illuminate\\Pipeline\\Pipeline.php(180): Illuminate\\Foundation\\Http\\Middleware\\TrimStrings->handle(Object(Illuminate\\Http\\Request), Object(Closure))
#52 E:\\wamp64\\www\\techsense\\vendor\\laravel\\framework\\src\\Illuminate\\Foundation\\Http\\Middleware\\ValidatePostSize.php(27): Illuminate\\Pipeline\\Pipeline->Illuminate\\Pipeline\\{closure}(Object(Illuminate\\Http\\Request))
#53 E:\\wamp64\\www\\techsense\\vendor\\laravel\\framework\\src\\Illuminate\\Pipeline\\Pipeline.php(180): Illuminate\\Foundation\\Http\\Middleware\\ValidatePostSize->handle(Object(Illuminate\\Http\\Request), Object(Closure))
#54 E:\\wamp64\\www\\techsense\\vendor\\laravel\\framework\\src\\Illuminate\\Foundation\\Http\\Middleware\\PreventRequestsDuringMaintenance.php(86): Illuminate\\Pipeline\\Pipeline->Illuminate\\Pipeline\\{closure}(Object(Illuminate\\Http\\Request))
#55 E:\\wamp64\\www\\techsense\\vendor\\laravel\\framework\\src\\Illuminate\\Pipeline\\Pipeline.php(180): Illuminate\\Foundation\\Http\\Middleware\\PreventRequestsDuringMaintenance->handle(Object(Illuminate\\Http\\Request), Object(Closure))
#56 E:\\wamp64\\www\\techsense\\vendor\\laravel\\framework\\src\\Illuminate\\Http\\Middleware\\HandleCors.php(49): Illuminate\\Pipeline\\Pipeline->Illuminate\\Pipeline\\{closure}(Object(Illuminate\\Http\\Request))
#57 E:\\wamp64\\www\\techsense\\vendor\\laravel\\framework\\src\\Illuminate\\Pipeline\\Pipeline.php(180): Illuminate\\Http\\Middleware\\HandleCors->handle(Object(Illuminate\\Http\\Request), Object(Closure))
#58 E:\\wamp64\\www\\techsense\\vendor\\laravel\\framework\\src\\Illuminate\\Http\\Middleware\\TrustProxies.php(39): Illuminate\\Pipeline\\Pipeline->Illuminate\\Pipeline\\{closure}(Object(Illuminate\\Http\\Request))
#59 E:\\wamp64\\www\\techsense\\vendor\\laravel\\framework\\src\\Illuminate\\Pipeline\\Pipeline.php(180): Illuminate\\Http\\Middleware\\TrustProxies->handle(Object(Illuminate\\Http\\Request), Object(Closure))
#60 E:\\wamp64\\www\\techsense\\vendor\\laravel\\framework\\src\\Illuminate\\Pipeline\\Pipeline.php(116): Illuminate\\Pipeline\\Pipeline->Illuminate\\Pipeline\\{closure}(Object(Illuminate\\Http\\Request))
#61 E:\\wamp64\\www\\techsense\\vendor\\laravel\\framework\\src\\Illuminate\\Foundation\\Http\\Kernel.php(165): Illuminate\\Pipeline\\Pipeline->then(Object(Closure))
#62 E:\\wamp64\\www\\techsense\\vendor\\laravel\\framework\\src\\Illuminate\\Foundation\\Http\\Kernel.php(134): Illuminate\\Foundation\\Http\\Kernel->sendRequestThroughRouter(Object(Illuminate\\Http\\Request))
#63 E:\\wamp64\\www\\techsense\\public\\index.php(51): Illuminate\\Foundation\\Http\\Kernel->handle(Object(Illuminate\\Http\\Request))
#64 E:\\wamp64\\www\\techsense\\vendor\\laravel\\framework\\src\\Illuminate\\Foundation\\resources\\server.php(16): require_once('E:\\\\wamp64\\\\www\\\\t...')
#65 {main}
"} 
[2025-07-02 23:09:43] live.ERROR: Uncaught ReflectionException: Class "App\Policies\ModelPolicy" does not exist in Command line code:1
Stack trace:
#0 Command line code(1): ReflectionClass->__construct('App\\Policies\\Mo...')
#1 [internal function]: {closure}('App\\Policies\\Mo...', 'App\\Model')
#2 Command line code(1): array_map(Object(Closure), Array, Array)
#3 {main}
  thrown {"exception":"[object] (Symfony\\Component\\ErrorHandler\\Error\\FatalError(code: 0): Uncaught ReflectionException: Class \"App\\Policies\\ModelPolicy\" does not exist in Command line code:1
Stack trace:
#0 Command line code(1): ReflectionClass->__construct('App\\\\Policies\\\\Mo...')
#1 [internal function]: {closure}('App\\\\Policies\\\\Mo...', 'App\\\\Model')
#2 Command line code(1): array_map(Object(Closure), Array, Array)
#3 {main}
  thrown at Command line code:1)
[stacktrace]
#0 E:\\wamp64\\www\\techsense\\vendor\\laravel\\framework\\src\\Illuminate\\Foundation\\Bootstrap\\HandleExceptions.php(259): Symfony\\Component\\ErrorHandler\\Error\\FatalError->__construct(message: ''Uncaught Refle...', code: '0', error: '['type' => 1, '...', traceOffset: '0', traceArgs: '???', trace: '???')
#1 E:\\wamp64\\www\\techsense\\vendor\\laravel\\framework\\src\\Illuminate\\Foundation\\Bootstrap\\HandleExceptions.php(246): Illuminate\\Foundation\\Bootstrap\\HandleExceptions->fatalErrorFromPhpError(error: '['type' => 1, '...', traceOffset: '0')
#2 E:\\wamp64\\www\\techsense\\vendor\\laravel\\framework\\src\\Illuminate\\Foundation\\Bootstrap\\HandleExceptions.php(270): Illuminate\\Foundation\\Bootstrap\\HandleExceptions->handleShutdown()
#3 E:\\wamp64\\www\\techsense\\vendor\\laravel\\framework\\src\\Illuminate\\Foundation\\Bootstrap\\HandleExceptions.php(0): Illuminate\\Foundation\\Bootstrap\\HandleExceptions->Illuminate\\Foundation\\Bootstrap\\{closure:E:\\wamp64\\www\\techsense\\vendor\\laravel\\framework\\src\\Illuminate\\Foundation\\Bootstrap\\HandleExceptions.php:269-271}()
#4 {main}
"} 
[2025-07-02 23:10:43] live.ERROR: Uncaught ReflectionException: Class "App\Policies\ModelPolicy" does not exist in Command line code:1
Stack trace:
#0 Command line code(1): ReflectionClass->__construct('App\\Policies\\Mo...')
#1 [internal function]: {closure}('App\\Policies\\Mo...', 'App\\Model')
#2 Command line code(1): array_map(Object(Closure), Array, Array)
#3 {main}
  thrown {"exception":"[object] (Symfony\\Component\\ErrorHandler\\Error\\FatalError(code: 0): Uncaught ReflectionException: Class \"App\\Policies\\ModelPolicy\" does not exist in Command line code:1
Stack trace:
#0 Command line code(1): ReflectionClass->__construct('App\\\\Policies\\\\Mo...')
#1 [internal function]: {closure}('App\\\\Policies\\\\Mo...', 'App\\\\Model')
#2 Command line code(1): array_map(Object(Closure), Array, Array)
#3 {main}
  thrown at Command line code:1)
[stacktrace]
#0 E:\\wamp64\\www\\techsense\\vendor\\laravel\\framework\\src\\Illuminate\\Foundation\\Bootstrap\\HandleExceptions.php(259): Symfony\\Component\\ErrorHandler\\Error\\FatalError->__construct(message: ''Uncaught Refle...', code: '0', error: '['type' => 1, '...', traceOffset: '0', traceArgs: '???', trace: '???')
#1 E:\\wamp64\\www\\techsense\\vendor\\laravel\\framework\\src\\Illuminate\\Foundation\\Bootstrap\\HandleExceptions.php(246): Illuminate\\Foundation\\Bootstrap\\HandleExceptions->fatalErrorFromPhpError(error: '['type' => 1, '...', traceOffset: '0')
#2 E:\\wamp64\\www\\techsense\\vendor\\laravel\\framework\\src\\Illuminate\\Foundation\\Bootstrap\\HandleExceptions.php(270): Illuminate\\Foundation\\Bootstrap\\HandleExceptions->handleShutdown()
#3 E:\\wamp64\\www\\techsense\\vendor\\laravel\\framework\\src\\Illuminate\\Foundation\\Bootstrap\\HandleExceptions.php(0): Illuminate\\Foundation\\Bootstrap\\HandleExceptions->Illuminate\\Foundation\\Bootstrap\\{closure:E:\\wamp64\\www\\techsense\\vendor\\laravel\\framework\\src\\Illuminate\\Foundation\\Bootstrap\\HandleExceptions.php:269-271}()
#4 {main}
"} 
[2025-07-02 23:41:37] live.ERROR: View [report.bill_due_report] not found. {"userId":1,"exception":"[object] (InvalidArgumentException(code: 0): View [report.bill_due_report] not found. at E:\\wamp64\\www\\techsense\\vendor\\laravel\\framework\\src\\Illuminate\\View\\FileViewFinder.php:137)
[stacktrace]
#0 E:\\wamp64\\www\\techsense\\vendor\\laravel\\framework\\src\\Illuminate\\View\\FileViewFinder.php(79): Illuminate\\View\\FileViewFinder->findInPaths('report.bill_due...', Array)
#1 E:\\wamp64\\www\\techsense\\vendor\\laravel\\framework\\src\\Illuminate\\View\\Factory.php(137): Illuminate\\View\\FileViewFinder->find('report.bill_due...')
#2 E:\\wamp64\\www\\techsense\\vendor\\laravel\\framework\\src\\Illuminate\\Foundation\\helpers.php(1035): Illuminate\\View\\Factory->make('report.bill_due...', Array, Array)
#3 E:\\wamp64\\www\\techsense\\app\\Http\\Controllers\\ReportController.php(119): view('report.bill_due...', Array)
#4 E:\\wamp64\\www\\techsense\\vendor\\laravel\\framework\\src\\Illuminate\\Routing\\Controller.php(54): App\\Http\\Controllers\\ReportController->getBillDueReport(Object(Illuminate\\Http\\Request))
#5 E:\\wamp64\\www\\techsense\\vendor\\laravel\\framework\\src\\Illuminate\\Routing\\ControllerDispatcher.php(43): Illuminate\\Routing\\Controller->callAction('getBillDueRepor...', Array)
#6 E:\\wamp64\\www\\techsense\\vendor\\laravel\\framework\\src\\Illuminate\\Routing\\Route.php(259): Illuminate\\Routing\\ControllerDispatcher->dispatch(Object(Illuminate\\Routing\\Route), Object(App\\Http\\Controllers\\ReportController), 'getBillDueRepor...')
#7 E:\\wamp64\\www\\techsense\\vendor\\laravel\\framework\\src\\Illuminate\\Routing\\Route.php(205): Illuminate\\Routing\\Route->runController()
#8 E:\\wamp64\\www\\techsense\\vendor\\laravel\\framework\\src\\Illuminate\\Routing\\Router.php(798): Illuminate\\Routing\\Route->run()
#9 E:\\wamp64\\www\\techsense\\vendor\\laravel\\framework\\src\\Illuminate\\Pipeline\\Pipeline.php(141): Illuminate\\Routing\\Router->Illuminate\\Routing\\{closure}(Object(Illuminate\\Http\\Request))
#10 E:\\wamp64\\www\\techsense\\app\\Http\\Middleware\\CheckUserLogin.php(22): Illuminate\\Pipeline\\Pipeline->Illuminate\\Pipeline\\{closure}(Object(Illuminate\\Http\\Request))
#11 E:\\wamp64\\www\\techsense\\vendor\\laravel\\framework\\src\\Illuminate\\Pipeline\\Pipeline.php(180): App\\Http\\Middleware\\CheckUserLogin->handle(Object(Illuminate\\Http\\Request), Object(Closure))
#12 E:\\wamp64\\www\\techsense\\app\\Http\\Middleware\\AdminSidebarMenu.php(805): Illuminate\\Pipeline\\Pipeline->Illuminate\\Pipeline\\{closure}(Object(Illuminate\\Http\\Request))
#13 E:\\wamp64\\www\\techsense\\vendor\\laravel\\framework\\src\\Illuminate\\Pipeline\\Pipeline.php(180): App\\Http\\Middleware\\AdminSidebarMenu->handle(Object(Illuminate\\Http\\Request), Object(Closure))
#14 E:\\wamp64\\www\\techsense\\app\\Http\\Middleware\\Timezone.php(30): Illuminate\\Pipeline\\Pipeline->Illuminate\\Pipeline\\{closure}(Object(Illuminate\\Http\\Request))
#15 E:\\wamp64\\www\\techsense\\vendor\\laravel\\framework\\src\\Illuminate\\Pipeline\\Pipeline.php(180): App\\Http\\Middleware\\Timezone->handle(Object(Illuminate\\Http\\Request), Object(Closure))
#16 E:\\wamp64\\www\\techsense\\app\\Http\\Middleware\\Language.php(25): Illuminate\\Pipeline\\Pipeline->Illuminate\\Pipeline\\{closure}(Object(Illuminate\\Http\\Request))
#17 E:\\wamp64\\www\\techsense\\vendor\\laravel\\framework\\src\\Illuminate\\Pipeline\\Pipeline.php(180): App\\Http\\Middleware\\Language->handle(Object(Illuminate\\Http\\Request), Object(Closure))
#18 E:\\wamp64\\www\\techsense\\app\\Http\\Middleware\\SetSessionData.php(52): Illuminate\\Pipeline\\Pipeline->Illuminate\\Pipeline\\{closure}(Object(Illuminate\\Http\\Request))
#19 E:\\wamp64\\www\\techsense\\vendor\\laravel\\framework\\src\\Illuminate\\Pipeline\\Pipeline.php(180): App\\Http\\Middleware\\SetSessionData->handle(Object(Illuminate\\Http\\Request), Object(Closure))
#20 E:\\wamp64\\www\\techsense\\app\\Http\\Middleware\\IsInstalled.php(50): Illuminate\\Pipeline\\Pipeline->Illuminate\\Pipeline\\{closure}(Object(Illuminate\\Http\\Request))
#21 E:\\wamp64\\www\\techsense\\vendor\\laravel\\framework\\src\\Illuminate\\Pipeline\\Pipeline.php(180): App\\Http\\Middleware\\IsInstalled->handle(Object(Illuminate\\Http\\Request), Object(Closure))
#22 E:\\wamp64\\www\\techsense\\vendor\\laravel\\framework\\src\\Illuminate\\Routing\\Middleware\\SubstituteBindings.php(50): Illuminate\\Pipeline\\Pipeline->Illuminate\\Pipeline\\{closure}(Object(Illuminate\\Http\\Request))
#23 E:\\wamp64\\www\\techsense\\vendor\\laravel\\framework\\src\\Illuminate\\Pipeline\\Pipeline.php(180): Illuminate\\Routing\\Middleware\\SubstituteBindings->handle(Object(Illuminate\\Http\\Request), Object(Closure))
#24 E:\\wamp64\\www\\techsense\\vendor\\laravel\\framework\\src\\Illuminate\\Auth\\Middleware\\Authenticate.php(44): Illuminate\\Pipeline\\Pipeline->Illuminate\\Pipeline\\{closure}(Object(Illuminate\\Http\\Request))
#25 E:\\wamp64\\www\\techsense\\vendor\\laravel\\framework\\src\\Illuminate\\Pipeline\\Pipeline.php(180): Illuminate\\Auth\\Middleware\\Authenticate->handle(Object(Illuminate\\Http\\Request), Object(Closure))
#26 E:\\wamp64\\www\\techsense\\vendor\\laravel\\framework\\src\\Illuminate\\Foundation\\Http\\Middleware\\VerifyCsrfToken.php(78): Illuminate\\Pipeline\\Pipeline->Illuminate\\Pipeline\\{closure}(Object(Illuminate\\Http\\Request))
#27 E:\\wamp64\\www\\techsense\\vendor\\laravel\\framework\\src\\Illuminate\\Pipeline\\Pipeline.php(180): Illuminate\\Foundation\\Http\\Middleware\\VerifyCsrfToken->handle(Object(Illuminate\\Http\\Request), Object(Closure))
#28 E:\\wamp64\\www\\techsense\\vendor\\laravel\\framework\\src\\Illuminate\\View\\Middleware\\ShareErrorsFromSession.php(49): Illuminate\\Pipeline\\Pipeline->Illuminate\\Pipeline\\{closure}(Object(Illuminate\\Http\\Request))
#29 E:\\wamp64\\www\\techsense\\vendor\\laravel\\framework\\src\\Illuminate\\Pipeline\\Pipeline.php(180): Illuminate\\View\\Middleware\\ShareErrorsFromSession->handle(Object(Illuminate\\Http\\Request), Object(Closure))
#30 E:\\wamp64\\www\\techsense\\vendor\\laravel\\framework\\src\\Illuminate\\Session\\Middleware\\StartSession.php(121): Illuminate\\Pipeline\\Pipeline->Illuminate\\Pipeline\\{closure}(Object(Illuminate\\Http\\Request))
#31 E:\\wamp64\\www\\techsense\\vendor\\laravel\\framework\\src\\Illuminate\\Session\\Middleware\\StartSession.php(64): Illuminate\\Session\\Middleware\\StartSession->handleStatefulRequest(Object(Illuminate\\Http\\Request), Object(Illuminate\\Session\\Store), Object(Closure))
#32 E:\\wamp64\\www\\techsense\\vendor\\laravel\\framework\\src\\Illuminate\\Pipeline\\Pipeline.php(180): Illuminate\\Session\\Middleware\\StartSession->handle(Object(Illuminate\\Http\\Request), Object(Closure))
#33 E:\\wamp64\\www\\techsense\\vendor\\laravel\\framework\\src\\Illuminate\\Cookie\\Middleware\\AddQueuedCookiesToResponse.php(37): Illuminate\\Pipeline\\Pipeline->Illuminate\\Pipeline\\{closure}(Object(Illuminate\\Http\\Request))
#34 E:\\wamp64\\www\\techsense\\vendor\\laravel\\framework\\src\\Illuminate\\Pipeline\\Pipeline.php(180): Illuminate\\Cookie\\Middleware\\AddQueuedCookiesToResponse->handle(Object(Illuminate\\Http\\Request), Object(Closure))
#35 E:\\wamp64\\www\\techsense\\vendor\\laravel\\framework\\src\\Illuminate\\Cookie\\Middleware\\EncryptCookies.php(67): Illuminate\\Pipeline\\Pipeline->Illuminate\\Pipeline\\{closure}(Object(Illuminate\\Http\\Request))
#36 E:\\wamp64\\www\\techsense\\vendor\\laravel\\framework\\src\\Illuminate\\Pipeline\\Pipeline.php(180): Illuminate\\Cookie\\Middleware\\EncryptCookies->handle(Object(Illuminate\\Http\\Request), Object(Closure))
#37 E:\\wamp64\\www\\techsense\\vendor\\laravel\\framework\\src\\Illuminate\\Pipeline\\Pipeline.php(116): Illuminate\\Pipeline\\Pipeline->Illuminate\\Pipeline\\{closure}(Object(Illuminate\\Http\\Request))
#38 E:\\wamp64\\www\\techsense\\vendor\\laravel\\framework\\src\\Illuminate\\Routing\\Router.php(797): Illuminate\\Pipeline\\Pipeline->then(Object(Closure))
#39 E:\\wamp64\\www\\techsense\\vendor\\laravel\\framework\\src\\Illuminate\\Routing\\Router.php(776): Illuminate\\Routing\\Router->runRouteWithinStack(Object(Illuminate\\Routing\\Route), Object(Illuminate\\Http\\Request))
#40 E:\\wamp64\\www\\techsense\\vendor\\laravel\\framework\\src\\Illuminate\\Routing\\Router.php(740): Illuminate\\Routing\\Router->runRoute(Object(Illuminate\\Http\\Request), Object(Illuminate\\Routing\\Route))
#41 E:\\wamp64\\www\\techsense\\vendor\\laravel\\framework\\src\\Illuminate\\Routing\\Router.php(729): Illuminate\\Routing\\Router->dispatchToRoute(Object(Illuminate\\Http\\Request))
#42 E:\\wamp64\\www\\techsense\\vendor\\laravel\\framework\\src\\Illuminate\\Foundation\\Http\\Kernel.php(190): Illuminate\\Routing\\Router->dispatch(Object(Illuminate\\Http\\Request))
#43 E:\\wamp64\\www\\techsense\\vendor\\laravel\\framework\\src\\Illuminate\\Pipeline\\Pipeline.php(141): Illuminate\\Foundation\\Http\\Kernel->Illuminate\\Foundation\\Http\\{closure}(Object(Illuminate\\Http\\Request))
#44 E:\\wamp64\\www\\techsense\\vendor\\barryvdh\\laravel-debugbar\\src\\Middleware\\InjectDebugbar.php(59): Illuminate\\Pipeline\\Pipeline->Illuminate\\Pipeline\\{closure}(Object(Illuminate\\Http\\Request))
#45 E:\\wamp64\\www\\techsense\\vendor\\laravel\\framework\\src\\Illuminate\\Pipeline\\Pipeline.php(180): Barryvdh\\Debugbar\\Middleware\\InjectDebugbar->handle(Object(Illuminate\\Http\\Request), Object(Closure))
#46 E:\\wamp64\\www\\techsense\\vendor\\laravel\\framework\\src\\Illuminate\\Foundation\\Http\\Middleware\\TransformsRequest.php(21): Illuminate\\Pipeline\\Pipeline->Illuminate\\Pipeline\\{closure}(Object(Illuminate\\Http\\Request))
#47 E:\\wamp64\\www\\techsense\\vendor\\laravel\\framework\\src\\Illuminate\\Foundation\\Http\\Middleware\\ConvertEmptyStringsToNull.php(31): Illuminate\\Foundation\\Http\\Middleware\\TransformsRequest->handle(Object(Illuminate\\Http\\Request), Object(Closure))
#48 E:\\wamp64\\www\\techsense\\vendor\\laravel\\framework\\src\\Illuminate\\Pipeline\\Pipeline.php(180): Illuminate\\Foundation\\Http\\Middleware\\ConvertEmptyStringsToNull->handle(Object(Illuminate\\Http\\Request), Object(Closure))
#49 E:\\wamp64\\www\\techsense\\vendor\\laravel\\framework\\src\\Illuminate\\Foundation\\Http\\Middleware\\TransformsRequest.php(21): Illuminate\\Pipeline\\Pipeline->Illuminate\\Pipeline\\{closure}(Object(Illuminate\\Http\\Request))
#50 E:\\wamp64\\www\\techsense\\vendor\\laravel\\framework\\src\\Illuminate\\Foundation\\Http\\Middleware\\TrimStrings.php(40): Illuminate\\Foundation\\Http\\Middleware\\TransformsRequest->handle(Object(Illuminate\\Http\\Request), Object(Closure))
#51 E:\\wamp64\\www\\techsense\\vendor\\laravel\\framework\\src\\Illuminate\\Pipeline\\Pipeline.php(180): Illuminate\\Foundation\\Http\\Middleware\\TrimStrings->handle(Object(Illuminate\\Http\\Request), Object(Closure))
#52 E:\\wamp64\\www\\techsense\\vendor\\laravel\\framework\\src\\Illuminate\\Foundation\\Http\\Middleware\\ValidatePostSize.php(27): Illuminate\\Pipeline\\Pipeline->Illuminate\\Pipeline\\{closure}(Object(Illuminate\\Http\\Request))
#53 E:\\wamp64\\www\\techsense\\vendor\\laravel\\framework\\src\\Illuminate\\Pipeline\\Pipeline.php(180): Illuminate\\Foundation\\Http\\Middleware\\ValidatePostSize->handle(Object(Illuminate\\Http\\Request), Object(Closure))
#54 E:\\wamp64\\www\\techsense\\vendor\\laravel\\framework\\src\\Illuminate\\Foundation\\Http\\Middleware\\PreventRequestsDuringMaintenance.php(86): Illuminate\\Pipeline\\Pipeline->Illuminate\\Pipeline\\{closure}(Object(Illuminate\\Http\\Request))
#55 E:\\wamp64\\www\\techsense\\vendor\\laravel\\framework\\src\\Illuminate\\Pipeline\\Pipeline.php(180): Illuminate\\Foundation\\Http\\Middleware\\PreventRequestsDuringMaintenance->handle(Object(Illuminate\\Http\\Request), Object(Closure))
#56 E:\\wamp64\\www\\techsense\\vendor\\laravel\\framework\\src\\Illuminate\\Http\\Middleware\\HandleCors.php(49): Illuminate\\Pipeline\\Pipeline->Illuminate\\Pipeline\\{closure}(Object(Illuminate\\Http\\Request))
#57 E:\\wamp64\\www\\techsense\\vendor\\laravel\\framework\\src\\Illuminate\\Pipeline\\Pipeline.php(180): Illuminate\\Http\\Middleware\\HandleCors->handle(Object(Illuminate\\Http\\Request), Object(Closure))
#58 E:\\wamp64\\www\\techsense\\vendor\\laravel\\framework\\src\\Illuminate\\Http\\Middleware\\TrustProxies.php(39): Illuminate\\Pipeline\\Pipeline->Illuminate\\Pipeline\\{closure}(Object(Illuminate\\Http\\Request))
#59 E:\\wamp64\\www\\techsense\\vendor\\laravel\\framework\\src\\Illuminate\\Pipeline\\Pipeline.php(180): Illuminate\\Http\\Middleware\\TrustProxies->handle(Object(Illuminate\\Http\\Request), Object(Closure))
#60 E:\\wamp64\\www\\techsense\\vendor\\laravel\\framework\\src\\Illuminate\\Pipeline\\Pipeline.php(116): Illuminate\\Pipeline\\Pipeline->Illuminate\\Pipeline\\{closure}(Object(Illuminate\\Http\\Request))
#61 E:\\wamp64\\www\\techsense\\vendor\\laravel\\framework\\src\\Illuminate\\Foundation\\Http\\Kernel.php(165): Illuminate\\Pipeline\\Pipeline->then(Object(Closure))
#62 E:\\wamp64\\www\\techsense\\vendor\\laravel\\framework\\src\\Illuminate\\Foundation\\Http\\Kernel.php(134): Illuminate\\Foundation\\Http\\Kernel->sendRequestThroughRouter(Object(Illuminate\\Http\\Request))
#63 E:\\wamp64\\www\\techsense\\public\\index.php(51): Illuminate\\Foundation\\Http\\Kernel->handle(Object(Illuminate\\Http\\Request))
#64 E:\\wamp64\\www\\techsense\\vendor\\laravel\\framework\\src\\Illuminate\\Foundation\\resources\\server.php(16): require_once('E:\\\\wamp64\\\\www\\\\t...')
#65 {main}
"} 
[2025-07-02 23:11:43] live.ERROR: Uncaught ReflectionException: Class "App\Policies\ModelPolicy" does not exist in Command line code:1
Stack trace:
#0 Command line code(1): ReflectionClass->__construct('App\\Policies\\Mo...')
#1 [internal function]: {closure}('App\\Policies\\Mo...', 'App\\Model')
#2 Command line code(1): array_map(Object(Closure), Array, Array)
#3 {main}
  thrown {"exception":"[object] (Symfony\\Component\\ErrorHandler\\Error\\FatalError(code: 0): Uncaught ReflectionException: Class \"App\\Policies\\ModelPolicy\" does not exist in Command line code:1
Stack trace:
#0 Command line code(1): ReflectionClass->__construct('App\\\\Policies\\\\Mo...')
#1 [internal function]: {closure}('App\\\\Policies\\\\Mo...', 'App\\\\Model')
#2 Command line code(1): array_map(Object(Closure), Array, Array)
#3 {main}
  thrown at Command line code:1)
[stacktrace]
#0 E:\\wamp64\\www\\techsense\\vendor\\laravel\\framework\\src\\Illuminate\\Foundation\\Bootstrap\\HandleExceptions.php(259): Symfony\\Component\\ErrorHandler\\Error\\FatalError->__construct(message: ''Uncaught Refle...', code: '0', error: '['type' => 1, '...', traceOffset: '0', traceArgs: '???', trace: '???')
#1 E:\\wamp64\\www\\techsense\\vendor\\laravel\\framework\\src\\Illuminate\\Foundation\\Bootstrap\\HandleExceptions.php(246): Illuminate\\Foundation\\Bootstrap\\HandleExceptions->fatalErrorFromPhpError(error: '['type' => 1, '...', traceOffset: '0')
#2 E:\\wamp64\\www\\techsense\\vendor\\laravel\\framework\\src\\Illuminate\\Foundation\\Bootstrap\\HandleExceptions.php(270): Illuminate\\Foundation\\Bootstrap\\HandleExceptions->handleShutdown()
#3 E:\\wamp64\\www\\techsense\\vendor\\laravel\\framework\\src\\Illuminate\\Foundation\\Bootstrap\\HandleExceptions.php(0): Illuminate\\Foundation\\Bootstrap\\HandleExceptions->Illuminate\\Foundation\\Bootstrap\\{closure:E:\\wamp64\\www\\techsense\\vendor\\laravel\\framework\\src\\Illuminate\\Foundation\\Bootstrap\\HandleExceptions.php:269-271}()
#4 {main}
"} 
[2025-07-02 23:12:43] live.ERROR: Uncaught ReflectionException: Class "App\Policies\ModelPolicy" does not exist in Command line code:1
Stack trace:
#0 Command line code(1): ReflectionClass->__construct('App\\Policies\\Mo...')
#1 [internal function]: {closure}('App\\Policies\\Mo...', 'App\\Model')
#2 Command line code(1): array_map(Object(Closure), Array, Array)
#3 {main}
  thrown {"exception":"[object] (Symfony\\Component\\ErrorHandler\\Error\\FatalError(code: 0): Uncaught ReflectionException: Class \"App\\Policies\\ModelPolicy\" does not exist in Command line code:1
Stack trace:
#0 Command line code(1): ReflectionClass->__construct('App\\\\Policies\\\\Mo...')
#1 [internal function]: {closure}('App\\\\Policies\\\\Mo...', 'App\\\\Model')
#2 Command line code(1): array_map(Object(Closure), Array, Array)
#3 {main}
  thrown at Command line code:1)
[stacktrace]
#0 E:\\wamp64\\www\\techsense\\vendor\\laravel\\framework\\src\\Illuminate\\Foundation\\Bootstrap\\HandleExceptions.php(259): Symfony\\Component\\ErrorHandler\\Error\\FatalError->__construct(message: ''Uncaught Refle...', code: '0', error: '['type' => 1, '...', traceOffset: '0', traceArgs: '???', trace: '???')
#1 E:\\wamp64\\www\\techsense\\vendor\\laravel\\framework\\src\\Illuminate\\Foundation\\Bootstrap\\HandleExceptions.php(246): Illuminate\\Foundation\\Bootstrap\\HandleExceptions->fatalErrorFromPhpError(error: '['type' => 1, '...', traceOffset: '0')
#2 E:\\wamp64\\www\\techsense\\vendor\\laravel\\framework\\src\\Illuminate\\Foundation\\Bootstrap\\HandleExceptions.php(270): Illuminate\\Foundation\\Bootstrap\\HandleExceptions->handleShutdown()
#3 E:\\wamp64\\www\\techsense\\vendor\\laravel\\framework\\src\\Illuminate\\Foundation\\Bootstrap\\HandleExceptions.php(0): Illuminate\\Foundation\\Bootstrap\\HandleExceptions->Illuminate\\Foundation\\Bootstrap\\{closure:E:\\wamp64\\www\\techsense\\vendor\\laravel\\framework\\src\\Illuminate\\Foundation\\Bootstrap\\HandleExceptions.php:269-271}()
#4 {main}
"} 
[2025-07-02 23:13:43] live.ERROR: Uncaught ReflectionException: Class "App\Policies\ModelPolicy" does not exist in Command line code:1
Stack trace:
#0 Command line code(1): ReflectionClass->__construct('App\\Policies\\Mo...')
#1 [internal function]: {closure}('App\\Policies\\Mo...', 'App\\Model')
#2 Command line code(1): array_map(Object(Closure), Array, Array)
#3 {main}
  thrown {"exception":"[object] (Symfony\\Component\\ErrorHandler\\Error\\FatalError(code: 0): Uncaught ReflectionException: Class \"App\\Policies\\ModelPolicy\" does not exist in Command line code:1
Stack trace:
#0 Command line code(1): ReflectionClass->__construct('App\\\\Policies\\\\Mo...')
#1 [internal function]: {closure}('App\\\\Policies\\\\Mo...', 'App\\\\Model')
#2 Command line code(1): array_map(Object(Closure), Array, Array)
#3 {main}
  thrown at Command line code:1)
[stacktrace]
#0 E:\\wamp64\\www\\techsense\\vendor\\laravel\\framework\\src\\Illuminate\\Foundation\\Bootstrap\\HandleExceptions.php(259): Symfony\\Component\\ErrorHandler\\Error\\FatalError->__construct(message: ''Uncaught Refle...', code: '0', error: '['type' => 1, '...', traceOffset: '0', traceArgs: '???', trace: '???')
#1 E:\\wamp64\\www\\techsense\\vendor\\laravel\\framework\\src\\Illuminate\\Foundation\\Bootstrap\\HandleExceptions.php(246): Illuminate\\Foundation\\Bootstrap\\HandleExceptions->fatalErrorFromPhpError(error: '['type' => 1, '...', traceOffset: '0')
#2 E:\\wamp64\\www\\techsense\\vendor\\laravel\\framework\\src\\Illuminate\\Foundation\\Bootstrap\\HandleExceptions.php(270): Illuminate\\Foundation\\Bootstrap\\HandleExceptions->handleShutdown()
#3 E:\\wamp64\\www\\techsense\\vendor\\laravel\\framework\\src\\Illuminate\\Foundation\\Bootstrap\\HandleExceptions.php(0): Illuminate\\Foundation\\Bootstrap\\HandleExceptions->Illuminate\\Foundation\\Bootstrap\\{closure:E:\\wamp64\\www\\techsense\\vendor\\laravel\\framework\\src\\Illuminate\\Foundation\\Bootstrap\\HandleExceptions.php:269-271}()
#4 {main}
"} 
[2025-07-02 23:14:43] live.ERROR: Uncaught ReflectionException: Class "App\Policies\ModelPolicy" does not exist in Command line code:1
Stack trace:
#0 Command line code(1): ReflectionClass->__construct('App\\Policies\\Mo...')
#1 [internal function]: {closure}('App\\Policies\\Mo...', 'App\\Model')
#2 Command line code(1): array_map(Object(Closure), Array, Array)
#3 {main}
  thrown {"exception":"[object] (Symfony\\Component\\ErrorHandler\\Error\\FatalError(code: 0): Uncaught ReflectionException: Class \"App\\Policies\\ModelPolicy\" does not exist in Command line code:1
Stack trace:
#0 Command line code(1): ReflectionClass->__construct('App\\\\Policies\\\\Mo...')
#1 [internal function]: {closure}('App\\\\Policies\\\\Mo...', 'App\\\\Model')
#2 Command line code(1): array_map(Object(Closure), Array, Array)
#3 {main}
  thrown at Command line code:1)
[stacktrace]
#0 E:\\wamp64\\www\\techsense\\vendor\\laravel\\framework\\src\\Illuminate\\Foundation\\Bootstrap\\HandleExceptions.php(259): Symfony\\Component\\ErrorHandler\\Error\\FatalError->__construct(message: ''Uncaught Refle...', code: '0', error: '['type' => 1, '...', traceOffset: '0', traceArgs: '???', trace: '???')
#1 E:\\wamp64\\www\\techsense\\vendor\\laravel\\framework\\src\\Illuminate\\Foundation\\Bootstrap\\HandleExceptions.php(246): Illuminate\\Foundation\\Bootstrap\\HandleExceptions->fatalErrorFromPhpError(error: '['type' => 1, '...', traceOffset: '0')
#2 E:\\wamp64\\www\\techsense\\vendor\\laravel\\framework\\src\\Illuminate\\Foundation\\Bootstrap\\HandleExceptions.php(270): Illuminate\\Foundation\\Bootstrap\\HandleExceptions->handleShutdown()
#3 E:\\wamp64\\www\\techsense\\vendor\\laravel\\framework\\src\\Illuminate\\Foundation\\Bootstrap\\HandleExceptions.php(0): Illuminate\\Foundation\\Bootstrap\\HandleExceptions->Illuminate\\Foundation\\Bootstrap\\{closure:E:\\wamp64\\www\\techsense\\vendor\\laravel\\framework\\src\\Illuminate\\Foundation\\Bootstrap\\HandleExceptions.php:269-271}()
#4 {main}
"} 
[2025-07-02 23:15:43] live.ERROR: Uncaught ReflectionException: Class "App\Policies\ModelPolicy" does not exist in Command line code:1
Stack trace:
#0 Command line code(1): ReflectionClass->__construct('App\\Policies\\Mo...')
#1 [internal function]: {closure}('App\\Policies\\Mo...', 'App\\Model')
#2 Command line code(1): array_map(Object(Closure), Array, Array)
#3 {main}
  thrown {"exception":"[object] (Symfony\\Component\\ErrorHandler\\Error\\FatalError(code: 0): Uncaught ReflectionException: Class \"App\\Policies\\ModelPolicy\" does not exist in Command line code:1
Stack trace:
#0 Command line code(1): ReflectionClass->__construct('App\\\\Policies\\\\Mo...')
#1 [internal function]: {closure}('App\\\\Policies\\\\Mo...', 'App\\\\Model')
#2 Command line code(1): array_map(Object(Closure), Array, Array)
#3 {main}
  thrown at Command line code:1)
[stacktrace]
#0 E:\\wamp64\\www\\techsense\\vendor\\laravel\\framework\\src\\Illuminate\\Foundation\\Bootstrap\\HandleExceptions.php(259): Symfony\\Component\\ErrorHandler\\Error\\FatalError->__construct(message: ''Uncaught Refle...', code: '0', error: '['type' => 1, '...', traceOffset: '0', traceArgs: '???', trace: '???')
#1 E:\\wamp64\\www\\techsense\\vendor\\laravel\\framework\\src\\Illuminate\\Foundation\\Bootstrap\\HandleExceptions.php(246): Illuminate\\Foundation\\Bootstrap\\HandleExceptions->fatalErrorFromPhpError(error: '['type' => 1, '...', traceOffset: '0')
#2 E:\\wamp64\\www\\techsense\\vendor\\laravel\\framework\\src\\Illuminate\\Foundation\\Bootstrap\\HandleExceptions.php(270): Illuminate\\Foundation\\Bootstrap\\HandleExceptions->handleShutdown()
#3 E:\\wamp64\\www\\techsense\\vendor\\laravel\\framework\\src\\Illuminate\\Foundation\\Bootstrap\\HandleExceptions.php(0): Illuminate\\Foundation\\Bootstrap\\HandleExceptions->Illuminate\\Foundation\\Bootstrap\\{closure:E:\\wamp64\\www\\techsense\\vendor\\laravel\\framework\\src\\Illuminate\\Foundation\\Bootstrap\\HandleExceptions.php:269-271}()
#4 {main}
"} 
[2025-07-02 23:16:43] live.ERROR: Uncaught ReflectionException: Class "App\Policies\ModelPolicy" does not exist in Command line code:1
Stack trace:
#0 Command line code(1): ReflectionClass->__construct('App\\Policies\\Mo...')
#1 [internal function]: {closure}('App\\Policies\\Mo...', 'App\\Model')
#2 Command line code(1): array_map(Object(Closure), Array, Array)
#3 {main}
  thrown {"exception":"[object] (Symfony\\Component\\ErrorHandler\\Error\\FatalError(code: 0): Uncaught ReflectionException: Class \"App\\Policies\\ModelPolicy\" does not exist in Command line code:1
Stack trace:
#0 Command line code(1): ReflectionClass->__construct('App\\\\Policies\\\\Mo...')
#1 [internal function]: {closure}('App\\\\Policies\\\\Mo...', 'App\\\\Model')
#2 Command line code(1): array_map(Object(Closure), Array, Array)
#3 {main}
  thrown at Command line code:1)
[stacktrace]
#0 E:\\wamp64\\www\\techsense\\vendor\\laravel\\framework\\src\\Illuminate\\Foundation\\Bootstrap\\HandleExceptions.php(259): Symfony\\Component\\ErrorHandler\\Error\\FatalError->__construct(message: ''Uncaught Refle...', code: '0', error: '['type' => 1, '...', traceOffset: '0', traceArgs: '???', trace: '???')
#1 E:\\wamp64\\www\\techsense\\vendor\\laravel\\framework\\src\\Illuminate\\Foundation\\Bootstrap\\HandleExceptions.php(246): Illuminate\\Foundation\\Bootstrap\\HandleExceptions->fatalErrorFromPhpError(error: '['type' => 1, '...', traceOffset: '0')
#2 E:\\wamp64\\www\\techsense\\vendor\\laravel\\framework\\src\\Illuminate\\Foundation\\Bootstrap\\HandleExceptions.php(270): Illuminate\\Foundation\\Bootstrap\\HandleExceptions->handleShutdown()
#3 E:\\wamp64\\www\\techsense\\vendor\\laravel\\framework\\src\\Illuminate\\Foundation\\Bootstrap\\HandleExceptions.php(0): Illuminate\\Foundation\\Bootstrap\\HandleExceptions->Illuminate\\Foundation\\Bootstrap\\{closure:E:\\wamp64\\www\\techsense\\vendor\\laravel\\framework\\src\\Illuminate\\Foundation\\Bootstrap\\HandleExceptions.php:269-271}()
#4 {main}
"} 
[2025-07-02 23:17:43] live.ERROR: Uncaught ReflectionException: Class "App\Policies\ModelPolicy" does not exist in Command line code:1
Stack trace:
#0 Command line code(1): ReflectionClass->__construct('App\\Policies\\Mo...')
#1 [internal function]: {closure}('App\\Policies\\Mo...', 'App\\Model')
#2 Command line code(1): array_map(Object(Closure), Array, Array)
#3 {main}
  thrown {"exception":"[object] (Symfony\\Component\\ErrorHandler\\Error\\FatalError(code: 0): Uncaught ReflectionException: Class \"App\\Policies\\ModelPolicy\" does not exist in Command line code:1
Stack trace:
#0 Command line code(1): ReflectionClass->__construct('App\\\\Policies\\\\Mo...')
#1 [internal function]: {closure}('App\\\\Policies\\\\Mo...', 'App\\\\Model')
#2 Command line code(1): array_map(Object(Closure), Array, Array)
#3 {main}
  thrown at Command line code:1)
[stacktrace]
#0 E:\\wamp64\\www\\techsense\\vendor\\laravel\\framework\\src\\Illuminate\\Foundation\\Bootstrap\\HandleExceptions.php(259): Symfony\\Component\\ErrorHandler\\Error\\FatalError->__construct(message: ''Uncaught Refle...', code: '0', error: '['type' => 1, '...', traceOffset: '0', traceArgs: '???', trace: '???')
#1 E:\\wamp64\\www\\techsense\\vendor\\laravel\\framework\\src\\Illuminate\\Foundation\\Bootstrap\\HandleExceptions.php(246): Illuminate\\Foundation\\Bootstrap\\HandleExceptions->fatalErrorFromPhpError(error: '['type' => 1, '...', traceOffset: '0')
#2 E:\\wamp64\\www\\techsense\\vendor\\laravel\\framework\\src\\Illuminate\\Foundation\\Bootstrap\\HandleExceptions.php(270): Illuminate\\Foundation\\Bootstrap\\HandleExceptions->handleShutdown()
#3 E:\\wamp64\\www\\techsense\\vendor\\laravel\\framework\\src\\Illuminate\\Foundation\\Bootstrap\\HandleExceptions.php(0): Illuminate\\Foundation\\Bootstrap\\HandleExceptions->Illuminate\\Foundation\\Bootstrap\\{closure:E:\\wamp64\\www\\techsense\\vendor\\laravel\\framework\\src\\Illuminate\\Foundation\\Bootstrap\\HandleExceptions.php:269-271}()
#4 {main}
"} 
[2025-07-02 23:18:43] live.ERROR: Uncaught ReflectionException: Class "App\Policies\ModelPolicy" does not exist in Command line code:1
Stack trace:
#0 Command line code(1): ReflectionClass->__construct('App\\Policies\\Mo...')
#1 [internal function]: {closure}('App\\Policies\\Mo...', 'App\\Model')
#2 Command line code(1): array_map(Object(Closure), Array, Array)
#3 {main}
  thrown {"exception":"[object] (Symfony\\Component\\ErrorHandler\\Error\\FatalError(code: 0): Uncaught ReflectionException: Class \"App\\Policies\\ModelPolicy\" does not exist in Command line code:1
Stack trace:
#0 Command line code(1): ReflectionClass->__construct('App\\\\Policies\\\\Mo...')
#1 [internal function]: {closure}('App\\\\Policies\\\\Mo...', 'App\\\\Model')
#2 Command line code(1): array_map(Object(Closure), Array, Array)
#3 {main}
  thrown at Command line code:1)
[stacktrace]
#0 E:\\wamp64\\www\\techsense\\vendor\\laravel\\framework\\src\\Illuminate\\Foundation\\Bootstrap\\HandleExceptions.php(259): Symfony\\Component\\ErrorHandler\\Error\\FatalError->__construct(message: ''Uncaught Refle...', code: '0', error: '['type' => 1, '...', traceOffset: '0', traceArgs: '???', trace: '???')
#1 E:\\wamp64\\www\\techsense\\vendor\\laravel\\framework\\src\\Illuminate\\Foundation\\Bootstrap\\HandleExceptions.php(246): Illuminate\\Foundation\\Bootstrap\\HandleExceptions->fatalErrorFromPhpError(error: '['type' => 1, '...', traceOffset: '0')
#2 E:\\wamp64\\www\\techsense\\vendor\\laravel\\framework\\src\\Illuminate\\Foundation\\Bootstrap\\HandleExceptions.php(270): Illuminate\\Foundation\\Bootstrap\\HandleExceptions->handleShutdown()
#3 E:\\wamp64\\www\\techsense\\vendor\\laravel\\framework\\src\\Illuminate\\Foundation\\Bootstrap\\HandleExceptions.php(0): Illuminate\\Foundation\\Bootstrap\\HandleExceptions->Illuminate\\Foundation\\Bootstrap\\{closure:E:\\wamp64\\www\\techsense\\vendor\\laravel\\framework\\src\\Illuminate\\Foundation\\Bootstrap\\HandleExceptions.php:269-271}()
#4 {main}
"} 
[2025-07-02 23:19:43] live.ERROR: Uncaught ReflectionException: Class "App\Policies\ModelPolicy" does not exist in Command line code:1
Stack trace:
#0 Command line code(1): ReflectionClass->__construct('App\\Policies\\Mo...')
#1 [internal function]: {closure}('App\\Policies\\Mo...', 'App\\Model')
#2 Command line code(1): array_map(Object(Closure), Array, Array)
#3 {main}
  thrown {"exception":"[object] (Symfony\\Component\\ErrorHandler\\Error\\FatalError(code: 0): Uncaught ReflectionException: Class \"App\\Policies\\ModelPolicy\" does not exist in Command line code:1
Stack trace:
#0 Command line code(1): ReflectionClass->__construct('App\\\\Policies\\\\Mo...')
#1 [internal function]: {closure}('App\\\\Policies\\\\Mo...', 'App\\\\Model')
#2 Command line code(1): array_map(Object(Closure), Array, Array)
#3 {main}
  thrown at Command line code:1)
[stacktrace]
#0 E:\\wamp64\\www\\techsense\\vendor\\laravel\\framework\\src\\Illuminate\\Foundation\\Bootstrap\\HandleExceptions.php(259): Symfony\\Component\\ErrorHandler\\Error\\FatalError->__construct(message: ''Uncaught Refle...', code: '0', error: '['type' => 1, '...', traceOffset: '0', traceArgs: '???', trace: '???')
#1 E:\\wamp64\\www\\techsense\\vendor\\laravel\\framework\\src\\Illuminate\\Foundation\\Bootstrap\\HandleExceptions.php(246): Illuminate\\Foundation\\Bootstrap\\HandleExceptions->fatalErrorFromPhpError(error: '['type' => 1, '...', traceOffset: '0')
#2 E:\\wamp64\\www\\techsense\\vendor\\laravel\\framework\\src\\Illuminate\\Foundation\\Bootstrap\\HandleExceptions.php(270): Illuminate\\Foundation\\Bootstrap\\HandleExceptions->handleShutdown()
#3 E:\\wamp64\\www\\techsense\\vendor\\laravel\\framework\\src\\Illuminate\\Foundation\\Bootstrap\\HandleExceptions.php(0): Illuminate\\Foundation\\Bootstrap\\HandleExceptions->Illuminate\\Foundation\\Bootstrap\\{closure:E:\\wamp64\\www\\techsense\\vendor\\laravel\\framework\\src\\Illuminate\\Foundation\\Bootstrap\\HandleExceptions.php:269-271}()
#4 {main}
"} 
[2025-07-02 23:20:43] live.ERROR: Uncaught ReflectionException: Class "App\Policies\ModelPolicy" does not exist in Command line code:1
Stack trace:
#0 Command line code(1): ReflectionClass->__construct('App\\Policies\\Mo...')
#1 [internal function]: {closure}('App\\Policies\\Mo...', 'App\\Model')
#2 Command line code(1): array_map(Object(Closure), Array, Array)
#3 {main}
  thrown {"exception":"[object] (Symfony\\Component\\ErrorHandler\\Error\\FatalError(code: 0): Uncaught ReflectionException: Class \"App\\Policies\\ModelPolicy\" does not exist in Command line code:1
Stack trace:
#0 Command line code(1): ReflectionClass->__construct('App\\\\Policies\\\\Mo...')
#1 [internal function]: {closure}('App\\\\Policies\\\\Mo...', 'App\\\\Model')
#2 Command line code(1): array_map(Object(Closure), Array, Array)
#3 {main}
  thrown at Command line code:1)
[stacktrace]
#0 E:\\wamp64\\www\\techsense\\vendor\\laravel\\framework\\src\\Illuminate\\Foundation\\Bootstrap\\HandleExceptions.php(259): Symfony\\Component\\ErrorHandler\\Error\\FatalError->__construct(message: ''Uncaught Refle...', code: '0', error: '['type' => 1, '...', traceOffset: '0', traceArgs: '???', trace: '???')
#1 E:\\wamp64\\www\\techsense\\vendor\\laravel\\framework\\src\\Illuminate\\Foundation\\Bootstrap\\HandleExceptions.php(246): Illuminate\\Foundation\\Bootstrap\\HandleExceptions->fatalErrorFromPhpError(error: '['type' => 1, '...', traceOffset: '0')
#2 E:\\wamp64\\www\\techsense\\vendor\\laravel\\framework\\src\\Illuminate\\Foundation\\Bootstrap\\HandleExceptions.php(270): Illuminate\\Foundation\\Bootstrap\\HandleExceptions->handleShutdown()
#3 E:\\wamp64\\www\\techsense\\vendor\\laravel\\framework\\src\\Illuminate\\Foundation\\Bootstrap\\HandleExceptions.php(0): Illuminate\\Foundation\\Bootstrap\\HandleExceptions->Illuminate\\Foundation\\Bootstrap\\{closure:E:\\wamp64\\www\\techsense\\vendor\\laravel\\framework\\src\\Illuminate\\Foundation\\Bootstrap\\HandleExceptions.php:269-271}()
#4 {main}
"} 
[2025-07-02 23:21:43] live.ERROR: Uncaught ReflectionException: Class "App\Policies\ModelPolicy" does not exist in Command line code:1
Stack trace:
#0 Command line code(1): ReflectionClass->__construct('App\\Policies\\Mo...')
#1 [internal function]: {closure}('App\\Policies\\Mo...', 'App\\Model')
#2 Command line code(1): array_map(Object(Closure), Array, Array)
#3 {main}
  thrown {"exception":"[object] (Symfony\\Component\\ErrorHandler\\Error\\FatalError(code: 0): Uncaught ReflectionException: Class \"App\\Policies\\ModelPolicy\" does not exist in Command line code:1
Stack trace:
#0 Command line code(1): ReflectionClass->__construct('App\\\\Policies\\\\Mo...')
#1 [internal function]: {closure}('App\\\\Policies\\\\Mo...', 'App\\\\Model')
#2 Command line code(1): array_map(Object(Closure), Array, Array)
#3 {main}
  thrown at Command line code:1)
[stacktrace]
#0 E:\\wamp64\\www\\techsense\\vendor\\laravel\\framework\\src\\Illuminate\\Foundation\\Bootstrap\\HandleExceptions.php(259): Symfony\\Component\\ErrorHandler\\Error\\FatalError->__construct(message: ''Uncaught Refle...', code: '0', error: '['type' => 1, '...', traceOffset: '0', traceArgs: '???', trace: '???')
#1 E:\\wamp64\\www\\techsense\\vendor\\laravel\\framework\\src\\Illuminate\\Foundation\\Bootstrap\\HandleExceptions.php(246): Illuminate\\Foundation\\Bootstrap\\HandleExceptions->fatalErrorFromPhpError(error: '['type' => 1, '...', traceOffset: '0')
#2 E:\\wamp64\\www\\techsense\\vendor\\laravel\\framework\\src\\Illuminate\\Foundation\\Bootstrap\\HandleExceptions.php(270): Illuminate\\Foundation\\Bootstrap\\HandleExceptions->handleShutdown()
#3 E:\\wamp64\\www\\techsense\\vendor\\laravel\\framework\\src\\Illuminate\\Foundation\\Bootstrap\\HandleExceptions.php(0): Illuminate\\Foundation\\Bootstrap\\HandleExceptions->Illuminate\\Foundation\\Bootstrap\\{closure:E:\\wamp64\\www\\techsense\\vendor\\laravel\\framework\\src\\Illuminate\\Foundation\\Bootstrap\\HandleExceptions.php:269-271}()
#4 {main}
"} 
[2025-07-02 23:22:43] live.ERROR: Uncaught ReflectionException: Class "App\Policies\ModelPolicy" does not exist in Command line code:1
Stack trace:
#0 Command line code(1): ReflectionClass->__construct('App\\Policies\\Mo...')
#1 [internal function]: {closure}('App\\Policies\\Mo...', 'App\\Model')
#2 Command line code(1): array_map(Object(Closure), Array, Array)
#3 {main}
  thrown {"exception":"[object] (Symfony\\Component\\ErrorHandler\\Error\\FatalError(code: 0): Uncaught ReflectionException: Class \"App\\Policies\\ModelPolicy\" does not exist in Command line code:1
Stack trace:
#0 Command line code(1): ReflectionClass->__construct('App\\\\Policies\\\\Mo...')
#1 [internal function]: {closure}('App\\\\Policies\\\\Mo...', 'App\\\\Model')
#2 Command line code(1): array_map(Object(Closure), Array, Array)
#3 {main}
  thrown at Command line code:1)
[stacktrace]
#0 E:\\wamp64\\www\\techsense\\vendor\\laravel\\framework\\src\\Illuminate\\Foundation\\Bootstrap\\HandleExceptions.php(259): Symfony\\Component\\ErrorHandler\\Error\\FatalError->__construct(message: ''Uncaught Refle...', code: '0', error: '['type' => 1, '...', traceOffset: '0', traceArgs: '???', trace: '???')
#1 E:\\wamp64\\www\\techsense\\vendor\\laravel\\framework\\src\\Illuminate\\Foundation\\Bootstrap\\HandleExceptions.php(246): Illuminate\\Foundation\\Bootstrap\\HandleExceptions->fatalErrorFromPhpError(error: '['type' => 1, '...', traceOffset: '0')
#2 E:\\wamp64\\www\\techsense\\vendor\\laravel\\framework\\src\\Illuminate\\Foundation\\Bootstrap\\HandleExceptions.php(270): Illuminate\\Foundation\\Bootstrap\\HandleExceptions->handleShutdown()
#3 E:\\wamp64\\www\\techsense\\vendor\\laravel\\framework\\src\\Illuminate\\Foundation\\Bootstrap\\HandleExceptions.php(0): Illuminate\\Foundation\\Bootstrap\\HandleExceptions->Illuminate\\Foundation\\Bootstrap\\{closure:E:\\wamp64\\www\\techsense\\vendor\\laravel\\framework\\src\\Illuminate\\Foundation\\Bootstrap\\HandleExceptions.php:269-271}()
#4 {main}
"} 
[2025-07-02 23:23:43] live.ERROR: Uncaught ReflectionException: Class "App\Policies\ModelPolicy" does not exist in Command line code:1
Stack trace:
#0 Command line code(1): ReflectionClass->__construct('App\\Policies\\Mo...')
#1 [internal function]: {closure}('App\\Policies\\Mo...', 'App\\Model')
#2 Command line code(1): array_map(Object(Closure), Array, Array)
#3 {main}
  thrown {"exception":"[object] (Symfony\\Component\\ErrorHandler\\Error\\FatalError(code: 0): Uncaught ReflectionException: Class \"App\\Policies\\ModelPolicy\" does not exist in Command line code:1
Stack trace:
#0 Command line code(1): ReflectionClass->__construct('App\\\\Policies\\\\Mo...')
#1 [internal function]: {closure}('App\\\\Policies\\\\Mo...', 'App\\\\Model')
#2 Command line code(1): array_map(Object(Closure), Array, Array)
#3 {main}
  thrown at Command line code:1)
[stacktrace]
#0 E:\\wamp64\\www\\techsense\\vendor\\laravel\\framework\\src\\Illuminate\\Foundation\\Bootstrap\\HandleExceptions.php(259): Symfony\\Component\\ErrorHandler\\Error\\FatalError->__construct(message: ''Uncaught Refle...', code: '0', error: '['type' => 1, '...', traceOffset: '0', traceArgs: '???', trace: '???')
#1 E:\\wamp64\\www\\techsense\\vendor\\laravel\\framework\\src\\Illuminate\\Foundation\\Bootstrap\\HandleExceptions.php(246): Illuminate\\Foundation\\Bootstrap\\HandleExceptions->fatalErrorFromPhpError(error: '['type' => 1, '...', traceOffset: '0')
#2 E:\\wamp64\\www\\techsense\\vendor\\laravel\\framework\\src\\Illuminate\\Foundation\\Bootstrap\\HandleExceptions.php(270): Illuminate\\Foundation\\Bootstrap\\HandleExceptions->handleShutdown()
#3 E:\\wamp64\\www\\techsense\\vendor\\laravel\\framework\\src\\Illuminate\\Foundation\\Bootstrap\\HandleExceptions.php(0): Illuminate\\Foundation\\Bootstrap\\HandleExceptions->Illuminate\\Foundation\\Bootstrap\\{closure:E:\\wamp64\\www\\techsense\\vendor\\laravel\\framework\\src\\Illuminate\\Foundation\\Bootstrap\\HandleExceptions.php:269-271}()
#4 {main}
"} 
[2025-07-02 23:24:43] live.ERROR: Uncaught ReflectionException: Class "App\Policies\ModelPolicy" does not exist in Command line code:1
Stack trace:
#0 Command line code(1): ReflectionClass->__construct('App\\Policies\\Mo...')
#1 [internal function]: {closure}('App\\Policies\\Mo...', 'App\\Model')
#2 Command line code(1): array_map(Object(Closure), Array, Array)
#3 {main}
  thrown {"exception":"[object] (Symfony\\Component\\ErrorHandler\\Error\\FatalError(code: 0): Uncaught ReflectionException: Class \"App\\Policies\\ModelPolicy\" does not exist in Command line code:1
Stack trace:
#0 Command line code(1): ReflectionClass->__construct('App\\\\Policies\\\\Mo...')
#1 [internal function]: {closure}('App\\\\Policies\\\\Mo...', 'App\\\\Model')
#2 Command line code(1): array_map(Object(Closure), Array, Array)
#3 {main}
  thrown at Command line code:1)
[stacktrace]
#0 E:\\wamp64\\www\\techsense\\vendor\\laravel\\framework\\src\\Illuminate\\Foundation\\Bootstrap\\HandleExceptions.php(259): Symfony\\Component\\ErrorHandler\\Error\\FatalError->__construct(message: ''Uncaught Refle...', code: '0', error: '['type' => 1, '...', traceOffset: '0', traceArgs: '???', trace: '???')
#1 E:\\wamp64\\www\\techsense\\vendor\\laravel\\framework\\src\\Illuminate\\Foundation\\Bootstrap\\HandleExceptions.php(246): Illuminate\\Foundation\\Bootstrap\\HandleExceptions->fatalErrorFromPhpError(error: '['type' => 1, '...', traceOffset: '0')
#2 E:\\wamp64\\www\\techsense\\vendor\\laravel\\framework\\src\\Illuminate\\Foundation\\Bootstrap\\HandleExceptions.php(270): Illuminate\\Foundation\\Bootstrap\\HandleExceptions->handleShutdown()
#3 E:\\wamp64\\www\\techsense\\vendor\\laravel\\framework\\src\\Illuminate\\Foundation\\Bootstrap\\HandleExceptions.php(0): Illuminate\\Foundation\\Bootstrap\\HandleExceptions->Illuminate\\Foundation\\Bootstrap\\{closure:E:\\wamp64\\www\\techsense\\vendor\\laravel\\framework\\src\\Illuminate\\Foundation\\Bootstrap\\HandleExceptions.php:269-271}()
#4 {main}
"} 
[2025-07-02 23:25:43] live.ERROR: Uncaught ReflectionException: Class "App\Policies\ModelPolicy" does not exist in Command line code:1
Stack trace:
#0 Command line code(1): ReflectionClass->__construct('App\\Policies\\Mo...')
#1 [internal function]: {closure}('App\\Policies\\Mo...', 'App\\Model')
#2 Command line code(1): array_map(Object(Closure), Array, Array)
#3 {main}
  thrown {"exception":"[object] (Symfony\\Component\\ErrorHandler\\Error\\FatalError(code: 0): Uncaught ReflectionException: Class \"App\\Policies\\ModelPolicy\" does not exist in Command line code:1
Stack trace:
#0 Command line code(1): ReflectionClass->__construct('App\\\\Policies\\\\Mo...')
#1 [internal function]: {closure}('App\\\\Policies\\\\Mo...', 'App\\\\Model')
#2 Command line code(1): array_map(Object(Closure), Array, Array)
#3 {main}
  thrown at Command line code:1)
[stacktrace]
#0 E:\\wamp64\\www\\techsense\\vendor\\laravel\\framework\\src\\Illuminate\\Foundation\\Bootstrap\\HandleExceptions.php(259): Symfony\\Component\\ErrorHandler\\Error\\FatalError->__construct(message: ''Uncaught Refle...', code: '0', error: '['type' => 1, '...', traceOffset: '0', traceArgs: '???', trace: '???')
#1 E:\\wamp64\\www\\techsense\\vendor\\laravel\\framework\\src\\Illuminate\\Foundation\\Bootstrap\\HandleExceptions.php(246): Illuminate\\Foundation\\Bootstrap\\HandleExceptions->fatalErrorFromPhpError(error: '['type' => 1, '...', traceOffset: '0')
#2 E:\\wamp64\\www\\techsense\\vendor\\laravel\\framework\\src\\Illuminate\\Foundation\\Bootstrap\\HandleExceptions.php(270): Illuminate\\Foundation\\Bootstrap\\HandleExceptions->handleShutdown()
#3 E:\\wamp64\\www\\techsense\\vendor\\laravel\\framework\\src\\Illuminate\\Foundation\\Bootstrap\\HandleExceptions.php(0): Illuminate\\Foundation\\Bootstrap\\HandleExceptions->Illuminate\\Foundation\\Bootstrap\\{closure:E:\\wamp64\\www\\techsense\\vendor\\laravel\\framework\\src\\Illuminate\\Foundation\\Bootstrap\\HandleExceptions.php:269-271}()
#4 {main}
"} 
[2025-07-02 23:26:43] live.ERROR: Uncaught ReflectionException: Class "App\Policies\ModelPolicy" does not exist in Command line code:1
Stack trace:
#0 Command line code(1): ReflectionClass->__construct('App\\Policies\\Mo...')
#1 [internal function]: {closure}('App\\Policies\\Mo...', 'App\\Model')
#2 Command line code(1): array_map(Object(Closure), Array, Array)
#3 {main}
  thrown {"exception":"[object] (Symfony\\Component\\ErrorHandler\\Error\\FatalError(code: 0): Uncaught ReflectionException: Class \"App\\Policies\\ModelPolicy\" does not exist in Command line code:1
Stack trace:
#0 Command line code(1): ReflectionClass->__construct('App\\\\Policies\\\\Mo...')
#1 [internal function]: {closure}('App\\\\Policies\\\\Mo...', 'App\\\\Model')
#2 Command line code(1): array_map(Object(Closure), Array, Array)
#3 {main}
  thrown at Command line code:1)
[stacktrace]
#0 E:\\wamp64\\www\\techsense\\vendor\\laravel\\framework\\src\\Illuminate\\Foundation\\Bootstrap\\HandleExceptions.php(259): Symfony\\Component\\ErrorHandler\\Error\\FatalError->__construct(message: ''Uncaught Refle...', code: '0', error: '['type' => 1, '...', traceOffset: '0', traceArgs: '???', trace: '???')
#1 E:\\wamp64\\www\\techsense\\vendor\\laravel\\framework\\src\\Illuminate\\Foundation\\Bootstrap\\HandleExceptions.php(246): Illuminate\\Foundation\\Bootstrap\\HandleExceptions->fatalErrorFromPhpError(error: '['type' => 1, '...', traceOffset: '0')
#2 E:\\wamp64\\www\\techsense\\vendor\\laravel\\framework\\src\\Illuminate\\Foundation\\Bootstrap\\HandleExceptions.php(270): Illuminate\\Foundation\\Bootstrap\\HandleExceptions->handleShutdown()
#3 E:\\wamp64\\www\\techsense\\vendor\\laravel\\framework\\src\\Illuminate\\Foundation\\Bootstrap\\HandleExceptions.php(0): Illuminate\\Foundation\\Bootstrap\\HandleExceptions->Illuminate\\Foundation\\Bootstrap\\{closure:E:\\wamp64\\www\\techsense\\vendor\\laravel\\framework\\src\\Illuminate\\Foundation\\Bootstrap\\HandleExceptions.php:269-271}()
#4 {main}
"} 
[2025-07-02 23:56:52] live.ERROR: Action ReportController@getBillDueReport not defined. {"view":{"view":"E:\\wamp64\\www\\techsense\\resources\\views\\report\\partials\\bill_due_report.blade.php","data":{"asset_v":"<pre class=sf-dump id=sf-dump-1766142928 data-indent-pad=\"  \"><span class=sf-dump-num>530</span>
</pre><script>Sfdump(\"sf-dump-1766142928\", {\"maxDepth\":3,\"maxStringLength\":160})</script>
","errors":"<pre class=sf-dump id=sf-dump-490284487 data-indent-pad=\"  \"><span class=sf-dump-note>Illuminate\\Support\\ViewErrorBag</span> {<a class=sf-dump-ref>#2283</a><samp data-depth=1 class=sf-dump-expanded>
  #<span class=sf-dump-protected title=\"Protected property\">bags</span>: []
</samp>}
</pre><script>Sfdump(\"sf-dump-490284487\", {\"maxDepth\":3,\"maxStringLength\":160})</script>
","business_locations":"<pre class=sf-dump id=sf-dump-2145772359 data-indent-pad=\"  \"><span class=sf-dump-note>Illuminate\\Support\\Collection</span> {<a class=sf-dump-ref>#2886</a><samp data-depth=1 class=sf-dump-expanded>
  #<span class=sf-dump-protected title=\"Protected property\">items</span>: <span class=sf-dump-note>array:2</span> [<samp data-depth=2 class=sf-dump-compact>
    <span class=sf-dump-key>1</span> => \"<span class=sf-dump-str title=\"34 characters\">Techsense Bangladesh Ltd. (BL0001)</span>\"
    <span class=sf-dump-key>2</span> => \"<span class=sf-dump-str title=\"16 characters\">Alibaba (BL0002)</span>\"
  </samp>]
  #<span class=sf-dump-protected title=\"Protected property\">escapeWhenCastingToString</span>: <span class=sf-dump-const>false</span>
</samp>}
</pre><script>Sfdump(\"sf-dump-2145772359\", {\"maxDepth\":3,\"maxStringLength\":160})</script>
","customers":"<pre class=sf-dump id=sf-dump-1575336038 data-indent-pad=\"  \"><span class=sf-dump-note>Illuminate\\Support\\Collection</span> {<a class=sf-dump-ref>#2894</a><samp data-depth=1 class=sf-dump-expanded>
  #<span class=sf-dump-protected title=\"Protected property\">items</span>: <span class=sf-dump-note>array:137</span> [<samp data-depth=2 class=sf-dump-compact>
    <span class=sf-dump-key>1</span> => \"<span class=sf-dump-str title=\"56 characters\">Akij Particle Board Mills Ltd. - Sandip Debnath (CO0091)</span>\"
    <span class=sf-dump-key>2</span> => \"<span class=sf-dump-str title=\"45 characters\">Akij Biax Films Ltd. - Amjad Hossain (CO0092)</span>\"
    <span class=sf-dump-key>3</span> => \"<span class=sf-dump-str title=\"60 characters\">Akij Poly Fibre Industries Limited - Alvy Khondaker (CO0093)</span>\"
    <span class=sf-dump-key>4</span> => \"<span class=sf-dump-str title=\"52 characters\">Akij Plastic Ltd. - Md. Abdullah -Al-Mahfuj (CO0094)</span>\"
    <span class=sf-dump-key>5</span> => \"<span class=sf-dump-str title=\"42 characters\">JMI Cylinders Ltd. - Mehdi Hassan (CO0095)</span>\"
    <span class=sf-dump-key>6</span> => \"<span class=sf-dump-str title=\"51 characters\">JMI Sankur Valve &amp; Bung Ltd - Mehdi Hassan (CO0096)</span>\"
    <span class=sf-dump-key>7</span> => \"<span class=sf-dump-str title=\"61 characters\">Square Pharmaceuticals PLC. - Shajibur Rahman Shajal (CO0097)</span>\"
    <span class=sf-dump-key>8</span> => \"<span class=sf-dump-str title=\"77 characters\">Healthcare Pharmaceuticals Ltd.(Cephalosporin) - Engr. Fahad Ferdous (CO0098)</span>\"
    <span class=sf-dump-key>9</span> => \"<span class=sf-dump-str title=\"64 characters\">Advanced Chemical Industries Ltd. - Riyad Ahmed Siddiqi (CO0099)</span>\"
    <span class=sf-dump-key>10</span> => \"<span class=sf-dump-str title=\"43 characters\">BRAC Printing Pack - Jahidul Islam (CO0100)</span>\"
    <span class=sf-dump-key>11</span> => \"<span class=sf-dump-str title=\"70 characters\">Shun Shing Packaging Industries Ltd. -  Mr. Md. Abdus Sadeq   (CO0101)</span>\"
    <span class=sf-dump-key>12</span> => \"<span class=sf-dump-str title=\"43 characters\">ACI Foods Ltd - Yaduzzaman Bhuiyan (CO0102)</span>\"
    <span class=sf-dump-key>13</span> => \"<span class=sf-dump-str title=\"52 characters\">ACI Salt Limited - Lubaina Saffana Siddiqua (CO0103)</span>\"
    <span class=sf-dump-key>14</span> => \"<span class=sf-dump-str title=\"53 characters\">ACI CO-RO BANGLADESH LTD - Md Ashraful Islam (CO0104)</span>\"
    <span class=sf-dump-key>15</span> => \"<span class=sf-dump-str title=\"57 characters\">Akij Food &amp; Beverage Ltd - Mr Ujjal Baran Mondal (CO0105)</span>\"
    <span class=sf-dump-key>16</span> => \"<span class=sf-dump-str title=\"48 characters\">C.P. Bangladesh Co.; Ltd - Mahbub Hasan (CO0106)</span>\"
    <span class=sf-dump-key>17</span> => \"<span class=sf-dump-str title=\"74 characters\">Coca Cola International Beverages Private Ltd - Miss Usshy Rahman (CO0107)</span>\"
    <span class=sf-dump-key>18</span> => \"<span class=sf-dump-str title=\"47 characters\">BBS Cables Ltd. -  Md. Zahid Hossain   (CO0108)</span>\"
    <span class=sf-dump-key>19</span> => \"<span class=sf-dump-str title=\"59 characters\">RAK Ceramics (Bangladesh) Limited - Md. Nure Elahi (CO0109)</span>\"
    <span class=sf-dump-key>20</span> => \"<span class=sf-dump-str title=\"39 characters\">Incepta Pharmaceuticals Ltd -  (CO0110)</span>\"
    <span class=sf-dump-key>21</span> => \"<span class=sf-dump-str title=\"52 characters\">Akij Ceramics Ltd. -  Sazedul Islam Sazid   (CO0111)</span>\"
    <span class=sf-dump-key>22</span> => \"<span class=sf-dump-str title=\"36 characters\">Meghna Group - Sourav Nandi (CO0112)</span>\"
    <span class=sf-dump-key>23</span> => \"<span class=sf-dump-str title=\"57 characters\">Akij Glass Industries Ltd -  Md. Anowar Parvez   (CO0113)</span>\"
    <span class=sf-dump-key>24</span> => \"<span class=sf-dump-str title=\"52 characters\">ACI Pure Flour Limited - Yaduzzaman Bhuiyan (CO0114)</span>\"
    <span class=sf-dump-key>25</span> => \"<span class=sf-dump-str title=\"44 characters\">Akij Cartons Limited -  MD. HABIB   (CO0115)</span>\"
    <span class=sf-dump-key>26</span> => \"<span class=sf-dump-str title=\"42 characters\">ACI Motors LTD -  Farah Farzana   (CO0116)</span>\"
    <span class=sf-dump-key>27</span> => \"<span class=sf-dump-str title=\"45 characters\">Dan Foods Limited - Mr. Saiful Islam (CO0117)</span>\"
    <span class=sf-dump-key>28</span> => \"<span class=sf-dump-str title=\"54 characters\">Energy Hub Bangladesh - Mohammad Yahiya Arfan (CO0118)</span>\"
    <span class=sf-dump-key>29</span> => \"<span class=sf-dump-str title=\"38 characters\">Akij Glass Industries Ltd. -  (CO0119)</span>\"
    <span class=sf-dump-key>30</span> => \"<span class=sf-dump-str title=\"25 characters\"> - Md Rubel Akon (CO0120)</span>\"
    <span class=sf-dump-key>31</span> => \"<span class=sf-dump-str title=\"34 characters\">Marico Bangladesh Ltd. -  (CO0121)</span>\"
    <span class=sf-dump-key>32</span> => \"<span class=sf-dump-str title=\"63 characters\">ACI Premiaflex Plastics Ltd. - Shamiul Ashraf Shoishob (CO0122)</span>\"
    <span class=sf-dump-key>33</span> => \"<span class=sf-dump-str title=\"62 characters\">RAK Ceramics (Bangladesh) Limited - Md. Shariful Alam (CO0123)</span>\"
    <span class=sf-dump-key>35</span> => \"<span class=sf-dump-str title=\"34 characters\">Transcom Beverages Ltd -  (CO0125)</span>\"
    <span class=sf-dump-key>36</span> => \"<span class=sf-dump-str title=\"21 characters\">DNA Medix -  (CO0126)</span>\"
    <span class=sf-dump-key>39</span> => \"<span class=sf-dump-str title=\"38 characters\">Advance System Engineering -  (CO0129)</span>\"
    <span class=sf-dump-key>49</span> => \"<span class=sf-dump-str title=\"21 characters\"> - Mr Shakil (CO0139)</span>\"
    <span class=sf-dump-key>50</span> => \"<span class=sf-dump-str title=\"22 characters\"> - Mr student (CO0140)</span>\"
    <span class=sf-dump-key>51</span> => \"<span class=sf-dump-str title=\"47 characters\">International Classic Composit Ltd. -  (CO0141)</span>\"
    <span class=sf-dump-key>52</span> => \"<span class=sf-dump-str title=\"47 characters\">International Classic Composit Ltd. -  (CO0142)</span>\"
    <span class=sf-dump-key>53</span> => \"<span class=sf-dump-str title=\"58 characters\">Meghna Group Of Industries - Mr. Md.Tariqul Islam (CO0143)</span>\"
    <span class=sf-dump-key>56</span> => \"<span class=sf-dump-str title=\"27 characters\">Khusbu Icecream -  (CO0146)</span>\"
    <span class=sf-dump-key>63</span> => \"<span class=sf-dump-str title=\"32 characters\">APEX HOLDING LIMITED -  (CO0153)</span>\"
    <span class=sf-dump-key>64</span> => \"<span class=sf-dump-str title=\"57 characters\">Bengal Hurricane Dyeing &amp; Printing (PVT) LTD. -  (CO0154)</span>\"
    <span class=sf-dump-key>66</span> => \"<span class=sf-dump-str title=\"52 characters\">Beximco Pharmaceutical Ltd - Tazrian Tamima (CO0156)</span>\"
    <span class=sf-dump-key>67</span> => \"<span class=sf-dump-str title=\"30 characters\">Meghna PVC Limited -  (CO0157)</span>\"
    <span class=sf-dump-key>69</span> => \"<span class=sf-dump-str title=\"27 characters\">Akij Dairy Ltd. -  (CO0159)</span>\"
    <span class=sf-dump-key>70</span> => \"<span class=sf-dump-str title=\"30 characters\">M/S The Successors -  (CO0160)</span>\"
    <span class=sf-dump-key>71</span> => \"<span class=sf-dump-str title=\"34 characters\">Chicks &amp; Feeds Limited -  (CO0161)</span>\"
    <span class=sf-dump-key>72</span> => \"<span class=sf-dump-str title=\"34 characters\">ACI Animal Health Ltd. -  (CO0162)</span>\"
    <span class=sf-dump-key>73</span> => \"<span class=sf-dump-str title=\"61 characters\">LAKDHANAVI BANGLA POWER LIMITED - Mr. Rasehdul Islam (CO0163)</span>\"
    <span class=sf-dump-key>84</span> => \"<span class=sf-dump-str title=\"54 characters\">Desh Energy Chandpur Power Company Limited -  (CO0174)</span>\"
    <span class=sf-dump-key>85</span> => \"<span class=sf-dump-str title=\"42 characters\">Meghna Bulk Bag Industries Ltd -  (CO0175)</span>\"
    <span class=sf-dump-key>86</span> => \"<span class=sf-dump-str title=\"30 characters\">SHUSHAMA FEED LTD. -  (CO0176)</span>\"
    <span class=sf-dump-key>87</span> => \"<span class=sf-dump-str title=\"31 characters\">AKIJ Assentials Ltd -  (CO0177)</span>\"
    <span class=sf-dump-key>90</span> => \"<span class=sf-dump-str title=\"52 characters\">CP Bangladesh Co. Ltd. Birganj Feed Mill -  (CO0180)</span>\"
    <span class=sf-dump-key>93</span> => \"<span class=sf-dump-str title=\"71 characters\">Meghna Noodles and Biscuit Factory Ltd. - Mr Md. Tariqul Islam (CO0183)</span>\"
    <span class=sf-dump-key>97</span> => \"<span class=sf-dump-str title=\"27 characters\"> - Mr Shakil Ahmed (CO0187)</span>\"
    <span class=sf-dump-key>100</span> => \"<span class=sf-dump-str title=\"33 characters\">NIPRO JMI Pharma Ltd. -  (CO0190)</span>\"
    <span class=sf-dump-key>101</span> => \"<span class=sf-dump-str title=\"27 characters\">ACG Engineering -  (CO0191)</span>\"
    <span class=sf-dump-key>103</span> => \"<span class=sf-dump-str title=\"35 characters\">TVS AUTO BANGLADESH LTD -  (CO0193)</span>\"
    <span class=sf-dump-key>104</span> => \"<span class=sf-dump-str title=\"41 characters\">Meghna Pulp &amp; Paper Mills Ltd -  (CO0194)</span>\"
    <span class=sf-dump-key>105</span> => \"<span class=sf-dump-str title=\"47 characters\">Kamaphuli Polyester Products Co.Ltd -  (CO0195)</span>\"
    <span class=sf-dump-key>107</span> => \"<span class=sf-dump-str title=\"58 characters\">Reckitt Benckiser Bangladesh - Mr. Sakib Mohtasim (CO0197)</span>\"
    <span class=sf-dump-key>108</span> => \"<span class=sf-dump-str title=\"32 characters\">EMAMI BANGLADESH LTD -  (CO0198)</span>\"
    <span class=sf-dump-key>109</span> => \"<span class=sf-dump-str title=\"67 characters\">Hamza Textiles Ltd.( HTL-DYEING ) - Mr. Md. Tawhidul Islam (CO0199)</span>\"
    <span class=sf-dump-key>110</span> => \"<span class=sf-dump-str title=\"36 characters\">Sea Natural Food Limited -  (CO0200)</span>\"
    <span class=sf-dump-key>111</span> => \"<span class=sf-dump-str title=\"33 characters\">BRB HOSPITALS LIMITED -  (CO0201)</span>\"
    <span class=sf-dump-key>112</span> => \"<span class=sf-dump-str title=\"48 characters\">To Managing Director ,Anfords bd Ltd -  (CO0202)</span>\"
    <span class=sf-dump-key>113</span> => \"<span class=sf-dump-str title=\"35 characters\">YKK Bangladesh Pte Ltd. -  (CO0203)</span>\"
    <span class=sf-dump-key>114</span> => \"<span class=sf-dump-str title=\"49 characters\">Abdul Monem Limited - Mr. Meherul Sarkar (CO0204)</span>\"
    <span class=sf-dump-key>115</span> => \"<span class=sf-dump-str title=\"40 characters\">Smart Polymer Industries Ltd -  (CO0205)</span>\"
    <span class=sf-dump-key>116</span> => \"<span class=sf-dump-str title=\"54 characters\">CP Bangladesh Co.,Ltd, Chuadanga Feed Mill -  (CO0206)</span>\"
    <span class=sf-dump-key>118</span> => \"<span class=sf-dump-str title=\"54 characters\">Managing Director of Denimach Washing<span class=sf-dump-default>\\u{A0}</span>Ltd. -  (CO0208)</span>\"
    <span class=sf-dump-key>119</span> => \"<span class=sf-dump-str title=\"58 characters\">Advanced Chemical Industries Ltd. - Farah Farzana (CO0209)</span>\"
    <span class=sf-dump-key>120</span> => \"<span class=sf-dump-str title=\"60 characters\">Advanced Chemical Industries Ltd. - Mr Tanvir Ahmed (CO0210)</span>\"
    <span class=sf-dump-key>121</span> => \"<span class=sf-dump-str title=\"27 characters\">AKIJ ISPAT LTD. -  (CO0211)</span>\"
    <span class=sf-dump-key>122</span> => \"<span class=sf-dump-str title=\"40 characters\">Eskayef Pharmaceuticals Ltd. -  (CO0212)</span>\"
    <span class=sf-dump-key>123</span> => \"<span class=sf-dump-str title=\"30 characters\">ACI Hygiene Plant. -  (CO0213)</span>\"
    <span class=sf-dump-key>125</span> => \"<span class=sf-dump-str title=\"48 characters\">Julfikar Steel Re-Rolling Mills Ltd. -  (CO0215)</span>\"
    <span class=sf-dump-key>130</span> => \"<span class=sf-dump-str title=\"20 characters\">KOLPOLOK -  (CO0220)</span>\"
    <span class=sf-dump-key>132</span> => \"<span class=sf-dump-str title=\"43 characters\">Neem Sah International -  (Md. Jahid Hasan)</span>\"
    <span class=sf-dump-key>133</span> => \"<span class=sf-dump-str title=\"22 characters\">Salahuddin -  (CO0223)</span>\"
    <span class=sf-dump-key>137</span> => \"<span class=sf-dump-str title=\"48 characters\">Siam City Cement Bangladesh Limited. -  (CO0227)</span>\"
    <span class=sf-dump-key>138</span> => \"<span class=sf-dump-str title=\"62 characters\">Sonargaon Seeds Crushing Mills Ltd. - Mr. Abdul Alim. (CO0228)</span>\"
    <span class=sf-dump-key>140</span> => \"<span class=sf-dump-str title=\"28 characters\">RFL Tank -  (Md. Golam Nobi)</span>\"
    <span class=sf-dump-key>141</span> => \"<span class=sf-dump-str title=\"66 characters\">Bashundhara paper mills Limited. - Saifur Rahman Mozumder (CO0231)</span>\"
    <span class=sf-dump-key>142</span> => \"<span class=sf-dump-str title=\"47 characters\">British American Tobacco Bangladesh -  (CO0232)</span>\"
    <span class=sf-dump-key>144</span> => \"<span class=sf-dump-str title=\"49 characters\">Danish Condensed Milk Bangladesh Ltd. -  (CO0233)</span>\"
    <span class=sf-dump-key>147</span> => \"<span class=sf-dump-str title=\"22 characters\"> - Mr Mahabub (CO0235)</span>\"
    <span class=sf-dump-key>150</span> => \"<span class=sf-dump-str title=\"43 characters\">Healthcare Pharmaceuticals Ltd. -  (CO0238)</span>\"
    <span class=sf-dump-key>151</span> => \"<span class=sf-dump-str title=\"30 characters\">RBD Fibers Limited -  (CO0239)</span>\"
    <span class=sf-dump-key>152</span> => \"<span class=sf-dump-str title=\"28 characters\">PREMIER 1888 LTD -  (CO0240)</span>\"
    <span class=sf-dump-key>153</span> => \"<span class=sf-dump-str title=\"35 characters\">Omera Petroleum Limited -  (CO0241)</span>\"
    <span class=sf-dump-key>154</span> => \"<span class=sf-dump-str title=\"28 characters\">RFL TANK -  (Mr. Golam Nobi)</span>\"
    <span class=sf-dump-key>156</span> => \"<span class=sf-dump-str title=\"36 characters\">Akzochem industries (BD) -  (CO0244)</span>\"
    <span class=sf-dump-key>157</span> => \"<span class=sf-dump-str title=\"37 characters\">DEEPLAID Laborataries Ltd -  (CO0245)</span>\"
    <span class=sf-dump-key>158</span> => \"<span class=sf-dump-str title=\"42 characters\">Abrar Tech Serve International -  (CO0246)</span>\"
    <span class=sf-dump-key>159</span> => \"<span class=sf-dump-str title=\"42 characters\">Abrar Tech Serve International -  (CO0247)</span>\"
    <span class=sf-dump-key>160</span> => \"<span class=sf-dump-str title=\"41 characters\">Unique Cement Industries Ltd. -  (CO0248)</span>\"
    <span class=sf-dump-key>161</span> => \"<span class=sf-dump-str title=\"37 characters\">Tasnim Condensed Milk Ltd -  (CO0249)</span>\"
    <span class=sf-dump-key>162</span> => \"<span class=sf-dump-str title=\"20 characters\"> - Mr Rafat (CO0250)</span>\"
    <span class=sf-dump-key>164</span> => \"<span class=sf-dump-str title=\"28 characters\">Akij Paints Ltd. -  (CO0252)</span>\"
    <span class=sf-dump-key>165</span> => \"<span class=sf-dump-str title=\"25 characters\">Bongo Traders -  (CO0253)</span>\"
    <span class=sf-dump-key>166</span> => \"<span class=sf-dump-str title=\"38 characters\">Sonargaon Flour &amp; Dal Mill -  (CO0254)</span>\"
    <span class=sf-dump-key>167</span> => \"<span class=sf-dump-str title=\"50 characters\">Green Energy System - Mr Md. Tariquzzaman (CO0255)</span>\"
    <span class=sf-dump-key>168</span> => \"<span class=sf-dump-str title=\"20 characters\">Lotus BD -  (CO0256)</span>\"
    <span class=sf-dump-key>169</span> => \"<span class=sf-dump-str title=\"59 characters\">Doreen Power Generations and Systems Limited -  (Mr. Sujit)</span>\"
    <span class=sf-dump-key>170</span> => \"<span class=sf-dump-str title=\"47 characters\">British American Tobacco Bangladesh -  (CO0258)</span>\"
    <span class=sf-dump-key>171</span> => \"<span class=sf-dump-str title=\"42 characters\">Express Washing and Dyeing Ltd -  (CO0259)</span>\"
    <span class=sf-dump-key>172</span> => \"<span class=sf-dump-str title=\"31 characters\">MJ Engineering Ltd. -  (CO0260)</span>\"
    <span class=sf-dump-key>173</span> => \"<span class=sf-dump-str title=\"30 characters\">Jute Alliance Ltd. -  (CO0261)</span>\"
    <span class=sf-dump-key>174</span> => \"<span class=sf-dump-str title=\"48 characters\">Jute Alliance Ltd. - Md. Hafizur Rahman (CO0262)</span>\"
    <span class=sf-dump-key>175</span> => \"<span class=sf-dump-str title=\"33 characters\">Partex Tissue Limited -  (CO0263)</span>\"
    <span class=sf-dump-key>176</span> => \"<span class=sf-dump-str title=\"36 characters\">Akij Steel Mills Limited -  (CO0264)</span>\"
    <span class=sf-dump-key>177</span> => \"<span class=sf-dump-str title=\"34 characters\">ISPAHANI FOODS LIMITED -  (CO0265)</span>\"
    <span class=sf-dump-key>178</span> => \"<span class=sf-dump-str title=\"27 characters\">ZESS TYRE &amp;TUBE -  (CO0266)</span>\"
    <span class=sf-dump-key>179</span> => \"<span class=sf-dump-str title=\"19 characters\">Cynergy -  (CO0267)</span>\"
    <span class=sf-dump-key>180</span> => \"<span class=sf-dump-str title=\"31 characters\">RSPL Health BD Ltd. -  (CO0268)</span>\"
    <span class=sf-dump-key>181</span> => \"<span class=sf-dump-str title=\"31 characters\">ACI Premio Plastics -  (CO0269)</span>\"
    <span class=sf-dump-key>182</span> => \"<span class=sf-dump-str title=\"43 characters\">DESHBANDHU FOOD &amp; BEVERAGE LTD. -  (CO0270)</span>\"
    <span class=sf-dump-key>183</span> => \"<span class=sf-dump-str title=\"31 characters\">Inova International -  (CO0271)</span>\"
    <span class=sf-dump-key>184</span> => \"<span class=sf-dump-str title=\"53 characters\">Akij Polymer Industries LTD - Muntasir Islam (CO0272)</span>\"
    <span class=sf-dump-key>185</span> => \"<span class=sf-dump-str title=\"124 characters\">Department of Applied Chemistry and Chemical Engineering Faculty of Engineering and Technology -  (Dr. A.N.M. Hamidul Kabir)</span>\"
    <span class=sf-dump-key>186</span> => \"<span class=sf-dump-str title=\"43 characters\">RAJ LANKA POWER COMPANY LIMITED -  (CO0274)</span>\"
    <span class=sf-dump-key>187</span> => \"<span class=sf-dump-str title=\"39 characters\">ACI Pharma - Mr. Tanvir Ahmed. (CO0275)</span>\"
    <span class=sf-dump-key>188</span> => \"<span class=sf-dump-str title=\"33 characters\">ARC Manufacturing Ltd -  (CO0276)</span>\"
    <span class=sf-dump-key>189</span> => \"<span class=sf-dump-str title=\"25 characters\">UNION LIMITED -  (CO0277)</span>\"
    <span class=sf-dump-key>190</span> => \"<span class=sf-dump-str title=\"23 characters\">OMC LIMITED -  (CO0278)</span>\"
    <span class=sf-dump-key>191</span> => \"<span class=sf-dump-str title=\"40 characters\">Healthcare Chemicals Limited -  (CO0279)</span>\"
    <span class=sf-dump-key>192</span> => \"<span class=sf-dump-str title=\"35 characters\">PADMA FEED &amp; CHICKS LTD -  (CO0280)</span>\"
    <span class=sf-dump-key>193</span> => \"<span class=sf-dump-str title=\"64 characters\">Healthcare Formulations Limited - Mr. Md. Mosiur Rahman (CO0281)</span>\"
    <span class=sf-dump-key>194</span> => \"<span class=sf-dump-str title=\"21 characters\"> - Mr Billal (CO0282)</span>\"
    <span class=sf-dump-key>195</span> => \"<span class=sf-dump-str title=\"50 characters\">S-Engineering &amp; FM - Mr.  Md. Ruhul Amin. (CO0283)</span>\"
    <span class=sf-dump-key>196</span> => \"<span class=sf-dump-str title=\"54 characters\">Rising Spinning Mills<span class=sf-dump-default>\\u{A0}</span>Ltd. - Mr. Rokonuzzaman (CO0284)</span>\"
    <span class=sf-dump-key>197</span> => \"<span class=sf-dump-str title=\"42 characters\">Inova International -  (Shahadat Mojumder)</span>\"
    <span class=sf-dump-key>198</span> => \"<span class=sf-dump-str title=\"43 characters\">ACI Formulations Limited -  (MD. SAKIB MIA)</span>\"
  </samp>]
  #<span class=sf-dump-protected title=\"Protected property\">escapeWhenCastingToString</span>: <span class=sf-dump-const>false</span>
</samp>}
</pre><script>Sfdump(\"sf-dump-1575336038\", {\"maxDepth\":3,\"maxStringLength\":160})</script>
","created_by":"<pre class=sf-dump id=sf-dump-554629984 data-indent-pad=\"  \"><span class=sf-dump-note>Illuminate\\Support\\Collection</span> {<a class=sf-dump-ref>#3033</a><samp data-depth=1 class=sf-dump-expanded>
  #<span class=sf-dump-protected title=\"Protected property\">items</span>: <span class=sf-dump-note>array:10</span> [<samp data-depth=2 class=sf-dump-compact>
    \"\" => \"<span class=sf-dump-str title=\"3 characters\">All</span>\"
    <span class=sf-dump-key>1</span> => \"<span class=sf-dump-str title=\"13 characters\"> System Admin</span>\"
    <span class=sf-dump-key>2</span> => \"<span class=sf-dump-str title=\"14 characters\">Mr. Tamim Khan</span>\"
    <span class=sf-dump-key>3</span> => \"<span class=sf-dump-str title=\"16 characters\">Mr. Raihan kabir</span>\"
    <span class=sf-dump-key>4</span> => \"<span class=sf-dump-str title=\"16 characters\">Mr. Ariful Islam</span>\"
    <span class=sf-dump-key>5</span> => \"<span class=sf-dump-str title=\"19 characters\">Mr. Neshad Siddique</span>\"
    <span class=sf-dump-key>6</span> => \"<span class=sf-dump-str title=\"16 characters\">Mr. Naimul Hasan</span>\"
    <span class=sf-dump-key>7</span> => \"<span class=sf-dump-str title=\"22 characters\">Mr. Sabbir Ahmed Shuvo</span>\"
    <span class=sf-dump-key>8</span> => \"<span class=sf-dump-str title=\"11 characters\">Mr. Billal </span>\"
    <span class=sf-dump-key>9</span> => \"<span class=sf-dump-str title=\"21 characters\">Mr. Md Al Amin Mondol</span>\"
  </samp>]
  #<span class=sf-dump-protected title=\"Protected property\">escapeWhenCastingToString</span>: <span class=sf-dump-const>false</span>
</samp>}
</pre><script>Sfdump(\"sf-dump-554629984\", {\"maxDepth\":3,\"maxStringLength\":160})</script>
","enabled_modules":"<pre class=sf-dump id=sf-dump-2054308856 data-indent-pad=\"  \"><span class=sf-dump-note>array:5</span> [<samp data-depth=1 class=sf-dump-expanded>
  <span class=sf-dump-index>0</span> => \"<span class=sf-dump-str title=\"9 characters\">purchases</span>\"
  <span class=sf-dump-index>1</span> => \"<span class=sf-dump-str title=\"8 characters\">add_sale</span>\"
  <span class=sf-dump-index>2</span> => \"<span class=sf-dump-str title=\"8 characters\">pos_sale</span>\"
  <span class=sf-dump-index>3</span> => \"<span class=sf-dump-str title=\"8 characters\">expenses</span>\"
  <span class=sf-dump-index>4</span> => \"<span class=sf-dump-str title=\"7 characters\">account</span>\"
</samp>]
</pre><script>Sfdump(\"sf-dump-2054308856\", {\"maxDepth\":3,\"maxStringLength\":160})</script>
","__is_pusher_enabled":"<pre class=sf-dump id=sf-dump-1984942716 data-indent-pad=\"  \"><span class=sf-dump-const>false</span>
</pre><script>Sfdump(\"sf-dump-1984942716\", {\"maxDepth\":3,\"maxStringLength\":160})</script>
"}},"userId":1,"exception":"[object] (Spatie\\LaravelIgnition\\Exceptions\\ViewException(code: 0): Action ReportController@getBillDueReport not defined. at E:\\wamp64\\www\\techsense\\vendor\\laravel\\framework\\src\\Illuminate\\Routing\\UrlGenerator.php:510)
[stacktrace]
#0 E:\\wamp64\\www\\techsense\\vendor\\laravel\\framework\\src\\Illuminate\\Foundation\\helpers.php(102): Illuminate\\Routing\\UrlGenerator->action('ReportControlle...', Array, true)
#1 E:\\wamp64\\www\\techsense\\resources\\views\\report\\partials\\bill_due_report.blade.php(95): action('ReportControlle...')
#2 E:\\wamp64\\www\\techsense\\vendor\\laravel\\framework\\src\\Illuminate\\Filesystem\\Filesystem.php(109): require('E:\\\\wamp64\\\\www\\\\t...')
#3 E:\\wamp64\\www\\techsense\\vendor\\laravel\\framework\\src\\Illuminate\\Filesystem\\Filesystem.php(110): Illuminate\\Filesystem\\Filesystem::Illuminate\\Filesystem\\{closure}()
#4 E:\\wamp64\\www\\techsense\\vendor\\laravel\\framework\\src\\Illuminate\\View\\Engines\\PhpEngine.php(58): Illuminate\\Filesystem\\Filesystem->getRequire('E:\\\\wamp64\\\\www\\\\t...', Array)
#5 E:\\wamp64\\www\\techsense\\vendor\\laravel\\framework\\src\\Illuminate\\View\\Engines\\CompilerEngine.php(70): Illuminate\\View\\Engines\\PhpEngine->evaluatePath('E:\\\\wamp64\\\\www\\\\t...', Array)
#6 E:\\wamp64\\www\\techsense\\vendor\\laravel\\framework\\src\\Illuminate\\View\\View.php(195): Illuminate\\View\\Engines\\CompilerEngine->get('E:\\\\wamp64\\\\www\\\\t...', Array)
#7 E:\\wamp64\\www\\techsense\\vendor\\laravel\\framework\\src\\Illuminate\\View\\View.php(178): Illuminate\\View\\View->getContents()
#8 E:\\wamp64\\www\\techsense\\vendor\\laravel\\framework\\src\\Illuminate\\View\\View.php(147): Illuminate\\View\\View->renderContents()
#9 E:\\wamp64\\www\\techsense\\vendor\\laravel\\framework\\src\\Illuminate\\Http\\Response.php(69): Illuminate\\View\\View->render()
#10 E:\\wamp64\\www\\techsense\\vendor\\laravel\\framework\\src\\Illuminate\\Http\\Response.php(35): Illuminate\\Http\\Response->setContent(Object(Illuminate\\View\\View))
#11 E:\\wamp64\\www\\techsense\\vendor\\laravel\\framework\\src\\Illuminate\\Routing\\Router.php(906): Illuminate\\Http\\Response->__construct(Object(Illuminate\\View\\View), 200, Array)
#12 E:\\wamp64\\www\\techsense\\vendor\\laravel\\framework\\src\\Illuminate\\Routing\\Router.php(875): Illuminate\\Routing\\Router::toResponse(Object(Illuminate\\Http\\Request), Object(Illuminate\\View\\View))
#13 E:\\wamp64\\www\\techsense\\vendor\\laravel\\framework\\src\\Illuminate\\Routing\\Router.php(797): Illuminate\\Routing\\Router->prepareResponse(Object(Illuminate\\Http\\Request), Object(Illuminate\\View\\View))
#14 E:\\wamp64\\www\\techsense\\vendor\\laravel\\framework\\src\\Illuminate\\Pipeline\\Pipeline.php(141): Illuminate\\Routing\\Router->Illuminate\\Routing\\{closure}(Object(Illuminate\\Http\\Request))
#15 E:\\wamp64\\www\\techsense\\app\\Http\\Middleware\\CheckUserLogin.php(22): Illuminate\\Pipeline\\Pipeline->Illuminate\\Pipeline\\{closure}(Object(Illuminate\\Http\\Request))
#16 E:\\wamp64\\www\\techsense\\vendor\\laravel\\framework\\src\\Illuminate\\Pipeline\\Pipeline.php(180): App\\Http\\Middleware\\CheckUserLogin->handle(Object(Illuminate\\Http\\Request), Object(Closure))
#17 E:\\wamp64\\www\\techsense\\app\\Http\\Middleware\\AdminSidebarMenu.php(805): Illuminate\\Pipeline\\Pipeline->Illuminate\\Pipeline\\{closure}(Object(Illuminate\\Http\\Request))
#18 E:\\wamp64\\www\\techsense\\vendor\\laravel\\framework\\src\\Illuminate\\Pipeline\\Pipeline.php(180): App\\Http\\Middleware\\AdminSidebarMenu->handle(Object(Illuminate\\Http\\Request), Object(Closure))
#19 E:\\wamp64\\www\\techsense\\app\\Http\\Middleware\\Timezone.php(30): Illuminate\\Pipeline\\Pipeline->Illuminate\\Pipeline\\{closure}(Object(Illuminate\\Http\\Request))
#20 E:\\wamp64\\www\\techsense\\vendor\\laravel\\framework\\src\\Illuminate\\Pipeline\\Pipeline.php(180): App\\Http\\Middleware\\Timezone->handle(Object(Illuminate\\Http\\Request), Object(Closure))
#21 E:\\wamp64\\www\\techsense\\app\\Http\\Middleware\\Language.php(25): Illuminate\\Pipeline\\Pipeline->Illuminate\\Pipeline\\{closure}(Object(Illuminate\\Http\\Request))
#22 E:\\wamp64\\www\\techsense\\vendor\\laravel\\framework\\src\\Illuminate\\Pipeline\\Pipeline.php(180): App\\Http\\Middleware\\Language->handle(Object(Illuminate\\Http\\Request), Object(Closure))
#23 E:\\wamp64\\www\\techsense\\app\\Http\\Middleware\\SetSessionData.php(52): Illuminate\\Pipeline\\Pipeline->Illuminate\\Pipeline\\{closure}(Object(Illuminate\\Http\\Request))
#24 E:\\wamp64\\www\\techsense\\vendor\\laravel\\framework\\src\\Illuminate\\Pipeline\\Pipeline.php(180): App\\Http\\Middleware\\SetSessionData->handle(Object(Illuminate\\Http\\Request), Object(Closure))
#25 E:\\wamp64\\www\\techsense\\app\\Http\\Middleware\\IsInstalled.php(50): Illuminate\\Pipeline\\Pipeline->Illuminate\\Pipeline\\{closure}(Object(Illuminate\\Http\\Request))
#26 E:\\wamp64\\www\\techsense\\vendor\\laravel\\framework\\src\\Illuminate\\Pipeline\\Pipeline.php(180): App\\Http\\Middleware\\IsInstalled->handle(Object(Illuminate\\Http\\Request), Object(Closure))
#27 E:\\wamp64\\www\\techsense\\vendor\\laravel\\framework\\src\\Illuminate\\Routing\\Middleware\\SubstituteBindings.php(50): Illuminate\\Pipeline\\Pipeline->Illuminate\\Pipeline\\{closure}(Object(Illuminate\\Http\\Request))
#28 E:\\wamp64\\www\\techsense\\vendor\\laravel\\framework\\src\\Illuminate\\Pipeline\\Pipeline.php(180): Illuminate\\Routing\\Middleware\\SubstituteBindings->handle(Object(Illuminate\\Http\\Request), Object(Closure))
#29 E:\\wamp64\\www\\techsense\\vendor\\laravel\\framework\\src\\Illuminate\\Auth\\Middleware\\Authenticate.php(44): Illuminate\\Pipeline\\Pipeline->Illuminate\\Pipeline\\{closure}(Object(Illuminate\\Http\\Request))
#30 E:\\wamp64\\www\\techsense\\vendor\\laravel\\framework\\src\\Illuminate\\Pipeline\\Pipeline.php(180): Illuminate\\Auth\\Middleware\\Authenticate->handle(Object(Illuminate\\Http\\Request), Object(Closure))
#31 E:\\wamp64\\www\\techsense\\vendor\\laravel\\framework\\src\\Illuminate\\Foundation\\Http\\Middleware\\VerifyCsrfToken.php(78): Illuminate\\Pipeline\\Pipeline->Illuminate\\Pipeline\\{closure}(Object(Illuminate\\Http\\Request))
#32 E:\\wamp64\\www\\techsense\\vendor\\laravel\\framework\\src\\Illuminate\\Pipeline\\Pipeline.php(180): Illuminate\\Foundation\\Http\\Middleware\\VerifyCsrfToken->handle(Object(Illuminate\\Http\\Request), Object(Closure))
#33 E:\\wamp64\\www\\techsense\\vendor\\laravel\\framework\\src\\Illuminate\\View\\Middleware\\ShareErrorsFromSession.php(49): Illuminate\\Pipeline\\Pipeline->Illuminate\\Pipeline\\{closure}(Object(Illuminate\\Http\\Request))
#34 E:\\wamp64\\www\\techsense\\vendor\\laravel\\framework\\src\\Illuminate\\Pipeline\\Pipeline.php(180): Illuminate\\View\\Middleware\\ShareErrorsFromSession->handle(Object(Illuminate\\Http\\Request), Object(Closure))
#35 E:\\wamp64\\www\\techsense\\vendor\\laravel\\framework\\src\\Illuminate\\Session\\Middleware\\StartSession.php(121): Illuminate\\Pipeline\\Pipeline->Illuminate\\Pipeline\\{closure}(Object(Illuminate\\Http\\Request))
#36 E:\\wamp64\\www\\techsense\\vendor\\laravel\\framework\\src\\Illuminate\\Session\\Middleware\\StartSession.php(64): Illuminate\\Session\\Middleware\\StartSession->handleStatefulRequest(Object(Illuminate\\Http\\Request), Object(Illuminate\\Session\\Store), Object(Closure))
#37 E:\\wamp64\\www\\techsense\\vendor\\laravel\\framework\\src\\Illuminate\\Pipeline\\Pipeline.php(180): Illuminate\\Session\\Middleware\\StartSession->handle(Object(Illuminate\\Http\\Request), Object(Closure))
#38 E:\\wamp64\\www\\techsense\\vendor\\laravel\\framework\\src\\Illuminate\\Cookie\\Middleware\\AddQueuedCookiesToResponse.php(37): Illuminate\\Pipeline\\Pipeline->Illuminate\\Pipeline\\{closure}(Object(Illuminate\\Http\\Request))
#39 E:\\wamp64\\www\\techsense\\vendor\\laravel\\framework\\src\\Illuminate\\Pipeline\\Pipeline.php(180): Illuminate\\Cookie\\Middleware\\AddQueuedCookiesToResponse->handle(Object(Illuminate\\Http\\Request), Object(Closure))
#40 E:\\wamp64\\www\\techsense\\vendor\\laravel\\framework\\src\\Illuminate\\Cookie\\Middleware\\EncryptCookies.php(67): Illuminate\\Pipeline\\Pipeline->Illuminate\\Pipeline\\{closure}(Object(Illuminate\\Http\\Request))
#41 E:\\wamp64\\www\\techsense\\vendor\\laravel\\framework\\src\\Illuminate\\Pipeline\\Pipeline.php(180): Illuminate\\Cookie\\Middleware\\EncryptCookies->handle(Object(Illuminate\\Http\\Request), Object(Closure))
#42 E:\\wamp64\\www\\techsense\\vendor\\laravel\\framework\\src\\Illuminate\\Pipeline\\Pipeline.php(116): Illuminate\\Pipeline\\Pipeline->Illuminate\\Pipeline\\{closure}(Object(Illuminate\\Http\\Request))
#43 E:\\wamp64\\www\\techsense\\vendor\\laravel\\framework\\src\\Illuminate\\Routing\\Router.php(797): Illuminate\\Pipeline\\Pipeline->then(Object(Closure))
#44 E:\\wamp64\\www\\techsense\\vendor\\laravel\\framework\\src\\Illuminate\\Routing\\Router.php(776): Illuminate\\Routing\\Router->runRouteWithinStack(Object(Illuminate\\Routing\\Route), Object(Illuminate\\Http\\Request))
#45 E:\\wamp64\\www\\techsense\\vendor\\laravel\\framework\\src\\Illuminate\\Routing\\Router.php(740): Illuminate\\Routing\\Router->runRoute(Object(Illuminate\\Http\\Request), Object(Illuminate\\Routing\\Route))
#46 E:\\wamp64\\www\\techsense\\vendor\\laravel\\framework\\src\\Illuminate\\Routing\\Router.php(729): Illuminate\\Routing\\Router->dispatchToRoute(Object(Illuminate\\Http\\Request))
#47 E:\\wamp64\\www\\techsense\\vendor\\laravel\\framework\\src\\Illuminate\\Foundation\\Http\\Kernel.php(190): Illuminate\\Routing\\Router->dispatch(Object(Illuminate\\Http\\Request))
#48 E:\\wamp64\\www\\techsense\\vendor\\laravel\\framework\\src\\Illuminate\\Pipeline\\Pipeline.php(141): Illuminate\\Foundation\\Http\\Kernel->Illuminate\\Foundation\\Http\\{closure}(Object(Illuminate\\Http\\Request))
#49 E:\\wamp64\\www\\techsense\\vendor\\barryvdh\\laravel-debugbar\\src\\Middleware\\InjectDebugbar.php(59): Illuminate\\Pipeline\\Pipeline->Illuminate\\Pipeline\\{closure}(Object(Illuminate\\Http\\Request))
#50 E:\\wamp64\\www\\techsense\\vendor\\laravel\\framework\\src\\Illuminate\\Pipeline\\Pipeline.php(180): Barryvdh\\Debugbar\\Middleware\\InjectDebugbar->handle(Object(Illuminate\\Http\\Request), Object(Closure))
#51 E:\\wamp64\\www\\techsense\\vendor\\laravel\\framework\\src\\Illuminate\\Foundation\\Http\\Middleware\\TransformsRequest.php(21): Illuminate\\Pipeline\\Pipeline->Illuminate\\Pipeline\\{closure}(Object(Illuminate\\Http\\Request))
#52 E:\\wamp64\\www\\techsense\\vendor\\laravel\\framework\\src\\Illuminate\\Foundation\\Http\\Middleware\\ConvertEmptyStringsToNull.php(31): Illuminate\\Foundation\\Http\\Middleware\\TransformsRequest->handle(Object(Illuminate\\Http\\Request), Object(Closure))
#53 E:\\wamp64\\www\\techsense\\vendor\\laravel\\framework\\src\\Illuminate\\Pipeline\\Pipeline.php(180): Illuminate\\Foundation\\Http\\Middleware\\ConvertEmptyStringsToNull->handle(Object(Illuminate\\Http\\Request), Object(Closure))
#54 E:\\wamp64\\www\\techsense\\vendor\\laravel\\framework\\src\\Illuminate\\Foundation\\Http\\Middleware\\TransformsRequest.php(21): Illuminate\\Pipeline\\Pipeline->Illuminate\\Pipeline\\{closure}(Object(Illuminate\\Http\\Request))
#55 E:\\wamp64\\www\\techsense\\vendor\\laravel\\framework\\src\\Illuminate\\Foundation\\Http\\Middleware\\TrimStrings.php(40): Illuminate\\Foundation\\Http\\Middleware\\TransformsRequest->handle(Object(Illuminate\\Http\\Request), Object(Closure))
#56 E:\\wamp64\\www\\techsense\\vendor\\laravel\\framework\\src\\Illuminate\\Pipeline\\Pipeline.php(180): Illuminate\\Foundation\\Http\\Middleware\\TrimStrings->handle(Object(Illuminate\\Http\\Request), Object(Closure))
#57 E:\\wamp64\\www\\techsense\\vendor\\laravel\\framework\\src\\Illuminate\\Foundation\\Http\\Middleware\\ValidatePostSize.php(27): Illuminate\\Pipeline\\Pipeline->Illuminate\\Pipeline\\{closure}(Object(Illuminate\\Http\\Request))
#58 E:\\wamp64\\www\\techsense\\vendor\\laravel\\framework\\src\\Illuminate\\Pipeline\\Pipeline.php(180): Illuminate\\Foundation\\Http\\Middleware\\ValidatePostSize->handle(Object(Illuminate\\Http\\Request), Object(Closure))
#59 E:\\wamp64\\www\\techsense\\vendor\\laravel\\framework\\src\\Illuminate\\Foundation\\Http\\Middleware\\PreventRequestsDuringMaintenance.php(86): Illuminate\\Pipeline\\Pipeline->Illuminate\\Pipeline\\{closure}(Object(Illuminate\\Http\\Request))
#60 E:\\wamp64\\www\\techsense\\vendor\\laravel\\framework\\src\\Illuminate\\Pipeline\\Pipeline.php(180): Illuminate\\Foundation\\Http\\Middleware\\PreventRequestsDuringMaintenance->handle(Object(Illuminate\\Http\\Request), Object(Closure))
#61 E:\\wamp64\\www\\techsense\\vendor\\laravel\\framework\\src\\Illuminate\\Http\\Middleware\\HandleCors.php(49): Illuminate\\Pipeline\\Pipeline->Illuminate\\Pipeline\\{closure}(Object(Illuminate\\Http\\Request))
#62 E:\\wamp64\\www\\techsense\\vendor\\laravel\\framework\\src\\Illuminate\\Pipeline\\Pipeline.php(180): Illuminate\\Http\\Middleware\\HandleCors->handle(Object(Illuminate\\Http\\Request), Object(Closure))
#63 E:\\wamp64\\www\\techsense\\vendor\\laravel\\framework\\src\\Illuminate\\Http\\Middleware\\TrustProxies.php(39): Illuminate\\Pipeline\\Pipeline->Illuminate\\Pipeline\\{closure}(Object(Illuminate\\Http\\Request))
#64 E:\\wamp64\\www\\techsense\\vendor\\laravel\\framework\\src\\Illuminate\\Pipeline\\Pipeline.php(180): Illuminate\\Http\\Middleware\\TrustProxies->handle(Object(Illuminate\\Http\\Request), Object(Closure))
#65 E:\\wamp64\\www\\techsense\\vendor\\laravel\\framework\\src\\Illuminate\\Pipeline\\Pipeline.php(116): Illuminate\\Pipeline\\Pipeline->Illuminate\\Pipeline\\{closure}(Object(Illuminate\\Http\\Request))
#66 E:\\wamp64\\www\\techsense\\vendor\\laravel\\framework\\src\\Illuminate\\Foundation\\Http\\Kernel.php(165): Illuminate\\Pipeline\\Pipeline->then(Object(Closure))
#67 E:\\wamp64\\www\\techsense\\vendor\\laravel\\framework\\src\\Illuminate\\Foundation\\Http\\Kernel.php(134): Illuminate\\Foundation\\Http\\Kernel->sendRequestThroughRouter(Object(Illuminate\\Http\\Request))
#68 E:\\wamp64\\www\\techsense\\public\\index.php(51): Illuminate\\Foundation\\Http\\Kernel->handle(Object(Illuminate\\Http\\Request))
#69 E:\\wamp64\\www\\techsense\\vendor\\laravel\\framework\\src\\Illuminate\\Foundation\\resources\\server.php(16): require_once('E:\\\\wamp64\\\\www\\\\t...')
#70 {main}

[previous exception] [object] (InvalidArgumentException(code: 0): Action ReportController@getBillDueReport not defined. at E:\\wamp64\\www\\techsense\\vendor\\laravel\\framework\\src\\Illuminate\\Routing\\UrlGenerator.php:510)
[stacktrace]
#0 E:\\wamp64\\www\\techsense\\vendor\\laravel\\framework\\src\\Illuminate\\Foundation\\helpers.php(102): Illuminate\\Routing\\UrlGenerator->action('ReportControlle...', Array, true)
#1 E:\\wamp64\\www\\techsense\\storage\\framework\\views\\fcf6a4592deb3f44ce20301d41f3afe9aa6eca49.php(103): action('ReportControlle...')
#2 E:\\wamp64\\www\\techsense\\vendor\\laravel\\framework\\src\\Illuminate\\Filesystem\\Filesystem.php(109): require('E:\\\\wamp64\\\\www\\\\t...')
#3 E:\\wamp64\\www\\techsense\\vendor\\laravel\\framework\\src\\Illuminate\\Filesystem\\Filesystem.php(110): Illuminate\\Filesystem\\Filesystem::Illuminate\\Filesystem\\{closure}()
#4 E:\\wamp64\\www\\techsense\\vendor\\laravel\\framework\\src\\Illuminate\\View\\Engines\\PhpEngine.php(58): Illuminate\\Filesystem\\Filesystem->getRequire('E:\\\\wamp64\\\\www\\\\t...', Array)
#5 E:\\wamp64\\www\\techsense\\vendor\\laravel\\framework\\src\\Illuminate\\View\\Engines\\CompilerEngine.php(70): Illuminate\\View\\Engines\\PhpEngine->evaluatePath('E:\\\\wamp64\\\\www\\\\t...', Array)
#6 E:\\wamp64\\www\\techsense\\vendor\\laravel\\framework\\src\\Illuminate\\View\\View.php(195): Illuminate\\View\\Engines\\CompilerEngine->get('E:\\\\wamp64\\\\www\\\\t...', Array)
#7 E:\\wamp64\\www\\techsense\\vendor\\laravel\\framework\\src\\Illuminate\\View\\View.php(178): Illuminate\\View\\View->getContents()
#8 E:\\wamp64\\www\\techsense\\vendor\\laravel\\framework\\src\\Illuminate\\View\\View.php(147): Illuminate\\View\\View->renderContents()
#9 E:\\wamp64\\www\\techsense\\vendor\\laravel\\framework\\src\\Illuminate\\Http\\Response.php(69): Illuminate\\View\\View->render()
#10 E:\\wamp64\\www\\techsense\\vendor\\laravel\\framework\\src\\Illuminate\\Http\\Response.php(35): Illuminate\\Http\\Response->setContent(Object(Illuminate\\View\\View))
#11 E:\\wamp64\\www\\techsense\\vendor\\laravel\\framework\\src\\Illuminate\\Routing\\Router.php(906): Illuminate\\Http\\Response->__construct(Object(Illuminate\\View\\View), 200, Array)
#12 E:\\wamp64\\www\\techsense\\vendor\\laravel\\framework\\src\\Illuminate\\Routing\\Router.php(875): Illuminate\\Routing\\Router::toResponse(Object(Illuminate\\Http\\Request), Object(Illuminate\\View\\View))
#13 E:\\wamp64\\www\\techsense\\vendor\\laravel\\framework\\src\\Illuminate\\Routing\\Router.php(797): Illuminate\\Routing\\Router->prepareResponse(Object(Illuminate\\Http\\Request), Object(Illuminate\\View\\View))
#14 E:\\wamp64\\www\\techsense\\vendor\\laravel\\framework\\src\\Illuminate\\Pipeline\\Pipeline.php(141): Illuminate\\Routing\\Router->Illuminate\\Routing\\{closure}(Object(Illuminate\\Http\\Request))
#15 E:\\wamp64\\www\\techsense\\app\\Http\\Middleware\\CheckUserLogin.php(22): Illuminate\\Pipeline\\Pipeline->Illuminate\\Pipeline\\{closure}(Object(Illuminate\\Http\\Request))
#16 E:\\wamp64\\www\\techsense\\vendor\\laravel\\framework\\src\\Illuminate\\Pipeline\\Pipeline.php(180): App\\Http\\Middleware\\CheckUserLogin->handle(Object(Illuminate\\Http\\Request), Object(Closure))
#17 E:\\wamp64\\www\\techsense\\app\\Http\\Middleware\\AdminSidebarMenu.php(805): Illuminate\\Pipeline\\Pipeline->Illuminate\\Pipeline\\{closure}(Object(Illuminate\\Http\\Request))
#18 E:\\wamp64\\www\\techsense\\vendor\\laravel\\framework\\src\\Illuminate\\Pipeline\\Pipeline.php(180): App\\Http\\Middleware\\AdminSidebarMenu->handle(Object(Illuminate\\Http\\Request), Object(Closure))
#19 E:\\wamp64\\www\\techsense\\app\\Http\\Middleware\\Timezone.php(30): Illuminate\\Pipeline\\Pipeline->Illuminate\\Pipeline\\{closure}(Object(Illuminate\\Http\\Request))
#20 E:\\wamp64\\www\\techsense\\vendor\\laravel\\framework\\src\\Illuminate\\Pipeline\\Pipeline.php(180): App\\Http\\Middleware\\Timezone->handle(Object(Illuminate\\Http\\Request), Object(Closure))
#21 E:\\wamp64\\www\\techsense\\app\\Http\\Middleware\\Language.php(25): Illuminate\\Pipeline\\Pipeline->Illuminate\\Pipeline\\{closure}(Object(Illuminate\\Http\\Request))
#22 E:\\wamp64\\www\\techsense\\vendor\\laravel\\framework\\src\\Illuminate\\Pipeline\\Pipeline.php(180): App\\Http\\Middleware\\Language->handle(Object(Illuminate\\Http\\Request), Object(Closure))
#23 E:\\wamp64\\www\\techsense\\app\\Http\\Middleware\\SetSessionData.php(52): Illuminate\\Pipeline\\Pipeline->Illuminate\\Pipeline\\{closure}(Object(Illuminate\\Http\\Request))
#24 E:\\wamp64\\www\\techsense\\vendor\\laravel\\framework\\src\\Illuminate\\Pipeline\\Pipeline.php(180): App\\Http\\Middleware\\SetSessionData->handle(Object(Illuminate\\Http\\Request), Object(Closure))
#25 E:\\wamp64\\www\\techsense\\app\\Http\\Middleware\\IsInstalled.php(50): Illuminate\\Pipeline\\Pipeline->Illuminate\\Pipeline\\{closure}(Object(Illuminate\\Http\\Request))
#26 E:\\wamp64\\www\\techsense\\vendor\\laravel\\framework\\src\\Illuminate\\Pipeline\\Pipeline.php(180): App\\Http\\Middleware\\IsInstalled->handle(Object(Illuminate\\Http\\Request), Object(Closure))
#27 E:\\wamp64\\www\\techsense\\vendor\\laravel\\framework\\src\\Illuminate\\Routing\\Middleware\\SubstituteBindings.php(50): Illuminate\\Pipeline\\Pipeline->Illuminate\\Pipeline\\{closure}(Object(Illuminate\\Http\\Request))
#28 E:\\wamp64\\www\\techsense\\vendor\\laravel\\framework\\src\\Illuminate\\Pipeline\\Pipeline.php(180): Illuminate\\Routing\\Middleware\\SubstituteBindings->handle(Object(Illuminate\\Http\\Request), Object(Closure))
#29 E:\\wamp64\\www\\techsense\\vendor\\laravel\\framework\\src\\Illuminate\\Auth\\Middleware\\Authenticate.php(44): Illuminate\\Pipeline\\Pipeline->Illuminate\\Pipeline\\{closure}(Object(Illuminate\\Http\\Request))
#30 E:\\wamp64\\www\\techsense\\vendor\\laravel\\framework\\src\\Illuminate\\Pipeline\\Pipeline.php(180): Illuminate\\Auth\\Middleware\\Authenticate->handle(Object(Illuminate\\Http\\Request), Object(Closure))
#31 E:\\wamp64\\www\\techsense\\vendor\\laravel\\framework\\src\\Illuminate\\Foundation\\Http\\Middleware\\VerifyCsrfToken.php(78): Illuminate\\Pipeline\\Pipeline->Illuminate\\Pipeline\\{closure}(Object(Illuminate\\Http\\Request))
#32 E:\\wamp64\\www\\techsense\\vendor\\laravel\\framework\\src\\Illuminate\\Pipeline\\Pipeline.php(180): Illuminate\\Foundation\\Http\\Middleware\\VerifyCsrfToken->handle(Object(Illuminate\\Http\\Request), Object(Closure))
#33 E:\\wamp64\\www\\techsense\\vendor\\laravel\\framework\\src\\Illuminate\\View\\Middleware\\ShareErrorsFromSession.php(49): Illuminate\\Pipeline\\Pipeline->Illuminate\\Pipeline\\{closure}(Object(Illuminate\\Http\\Request))
#34 E:\\wamp64\\www\\techsense\\vendor\\laravel\\framework\\src\\Illuminate\\Pipeline\\Pipeline.php(180): Illuminate\\View\\Middleware\\ShareErrorsFromSession->handle(Object(Illuminate\\Http\\Request), Object(Closure))
#35 E:\\wamp64\\www\\techsense\\vendor\\laravel\\framework\\src\\Illuminate\\Session\\Middleware\\StartSession.php(121): Illuminate\\Pipeline\\Pipeline->Illuminate\\Pipeline\\{closure}(Object(Illuminate\\Http\\Request))
#36 E:\\wamp64\\www\\techsense\\vendor\\laravel\\framework\\src\\Illuminate\\Session\\Middleware\\StartSession.php(64): Illuminate\\Session\\Middleware\\StartSession->handleStatefulRequest(Object(Illuminate\\Http\\Request), Object(Illuminate\\Session\\Store), Object(Closure))
#37 E:\\wamp64\\www\\techsense\\vendor\\laravel\\framework\\src\\Illuminate\\Pipeline\\Pipeline.php(180): Illuminate\\Session\\Middleware\\StartSession->handle(Object(Illuminate\\Http\\Request), Object(Closure))
#38 E:\\wamp64\\www\\techsense\\vendor\\laravel\\framework\\src\\Illuminate\\Cookie\\Middleware\\AddQueuedCookiesToResponse.php(37): Illuminate\\Pipeline\\Pipeline->Illuminate\\Pipeline\\{closure}(Object(Illuminate\\Http\\Request))
#39 E:\\wamp64\\www\\techsense\\vendor\\laravel\\framework\\src\\Illuminate\\Pipeline\\Pipeline.php(180): Illuminate\\Cookie\\Middleware\\AddQueuedCookiesToResponse->handle(Object(Illuminate\\Http\\Request), Object(Closure))
#40 E:\\wamp64\\www\\techsense\\vendor\\laravel\\framework\\src\\Illuminate\\Cookie\\Middleware\\EncryptCookies.php(67): Illuminate\\Pipeline\\Pipeline->Illuminate\\Pipeline\\{closure}(Object(Illuminate\\Http\\Request))
#41 E:\\wamp64\\www\\techsense\\vendor\\laravel\\framework\\src\\Illuminate\\Pipeline\\Pipeline.php(180): Illuminate\\Cookie\\Middleware\\EncryptCookies->handle(Object(Illuminate\\Http\\Request), Object(Closure))
#42 E:\\wamp64\\www\\techsense\\vendor\\laravel\\framework\\src\\Illuminate\\Pipeline\\Pipeline.php(116): Illuminate\\Pipeline\\Pipeline->Illuminate\\Pipeline\\{closure}(Object(Illuminate\\Http\\Request))
#43 E:\\wamp64\\www\\techsense\\vendor\\laravel\\framework\\src\\Illuminate\\Routing\\Router.php(797): Illuminate\\Pipeline\\Pipeline->then(Object(Closure))
#44 E:\\wamp64\\www\\techsense\\vendor\\laravel\\framework\\src\\Illuminate\\Routing\\Router.php(776): Illuminate\\Routing\\Router->runRouteWithinStack(Object(Illuminate\\Routing\\Route), Object(Illuminate\\Http\\Request))
#45 E:\\wamp64\\www\\techsense\\vendor\\laravel\\framework\\src\\Illuminate\\Routing\\Router.php(740): Illuminate\\Routing\\Router->runRoute(Object(Illuminate\\Http\\Request), Object(Illuminate\\Routing\\Route))
#46 E:\\wamp64\\www\\techsense\\vendor\\laravel\\framework\\src\\Illuminate\\Routing\\Router.php(729): Illuminate\\Routing\\Router->dispatchToRoute(Object(Illuminate\\Http\\Request))
#47 E:\\wamp64\\www\\techsense\\vendor\\laravel\\framework\\src\\Illuminate\\Foundation\\Http\\Kernel.php(190): Illuminate\\Routing\\Router->dispatch(Object(Illuminate\\Http\\Request))
#48 E:\\wamp64\\www\\techsense\\vendor\\laravel\\framework\\src\\Illuminate\\Pipeline\\Pipeline.php(141): Illuminate\\Foundation\\Http\\Kernel->Illuminate\\Foundation\\Http\\{closure}(Object(Illuminate\\Http\\Request))
#49 E:\\wamp64\\www\\techsense\\vendor\\barryvdh\\laravel-debugbar\\src\\Middleware\\InjectDebugbar.php(59): Illuminate\\Pipeline\\Pipeline->Illuminate\\Pipeline\\{closure}(Object(Illuminate\\Http\\Request))
#50 E:\\wamp64\\www\\techsense\\vendor\\laravel\\framework\\src\\Illuminate\\Pipeline\\Pipeline.php(180): Barryvdh\\Debugbar\\Middleware\\InjectDebugbar->handle(Object(Illuminate\\Http\\Request), Object(Closure))
#51 E:\\wamp64\\www\\techsense\\vendor\\laravel\\framework\\src\\Illuminate\\Foundation\\Http\\Middleware\\TransformsRequest.php(21): Illuminate\\Pipeline\\Pipeline->Illuminate\\Pipeline\\{closure}(Object(Illuminate\\Http\\Request))
#52 E:\\wamp64\\www\\techsense\\vendor\\laravel\\framework\\src\\Illuminate\\Foundation\\Http\\Middleware\\ConvertEmptyStringsToNull.php(31): Illuminate\\Foundation\\Http\\Middleware\\TransformsRequest->handle(Object(Illuminate\\Http\\Request), Object(Closure))
#53 E:\\wamp64\\www\\techsense\\vendor\\laravel\\framework\\src\\Illuminate\\Pipeline\\Pipeline.php(180): Illuminate\\Foundation\\Http\\Middleware\\ConvertEmptyStringsToNull->handle(Object(Illuminate\\Http\\Request), Object(Closure))
#54 E:\\wamp64\\www\\techsense\\vendor\\laravel\\framework\\src\\Illuminate\\Foundation\\Http\\Middleware\\TransformsRequest.php(21): Illuminate\\Pipeline\\Pipeline->Illuminate\\Pipeline\\{closure}(Object(Illuminate\\Http\\Request))
#55 E:\\wamp64\\www\\techsense\\vendor\\laravel\\framework\\src\\Illuminate\\Foundation\\Http\\Middleware\\TrimStrings.php(40): Illuminate\\Foundation\\Http\\Middleware\\TransformsRequest->handle(Object(Illuminate\\Http\\Request), Object(Closure))
#56 E:\\wamp64\\www\\techsense\\vendor\\laravel\\framework\\src\\Illuminate\\Pipeline\\Pipeline.php(180): Illuminate\\Foundation\\Http\\Middleware\\TrimStrings->handle(Object(Illuminate\\Http\\Request), Object(Closure))
#57 E:\\wamp64\\www\\techsense\\vendor\\laravel\\framework\\src\\Illuminate\\Foundation\\Http\\Middleware\\ValidatePostSize.php(27): Illuminate\\Pipeline\\Pipeline->Illuminate\\Pipeline\\{closure}(Object(Illuminate\\Http\\Request))
#58 E:\\wamp64\\www\\techsense\\vendor\\laravel\\framework\\src\\Illuminate\\Pipeline\\Pipeline.php(180): Illuminate\\Foundation\\Http\\Middleware\\ValidatePostSize->handle(Object(Illuminate\\Http\\Request), Object(Closure))
#59 E:\\wamp64\\www\\techsense\\vendor\\laravel\\framework\\src\\Illuminate\\Foundation\\Http\\Middleware\\PreventRequestsDuringMaintenance.php(86): Illuminate\\Pipeline\\Pipeline->Illuminate\\Pipeline\\{closure}(Object(Illuminate\\Http\\Request))
#60 E:\\wamp64\\www\\techsense\\vendor\\laravel\\framework\\src\\Illuminate\\Pipeline\\Pipeline.php(180): Illuminate\\Foundation\\Http\\Middleware\\PreventRequestsDuringMaintenance->handle(Object(Illuminate\\Http\\Request), Object(Closure))
#61 E:\\wamp64\\www\\techsense\\vendor\\laravel\\framework\\src\\Illuminate\\Http\\Middleware\\HandleCors.php(49): Illuminate\\Pipeline\\Pipeline->Illuminate\\Pipeline\\{closure}(Object(Illuminate\\Http\\Request))
#62 E:\\wamp64\\www\\techsense\\vendor\\laravel\\framework\\src\\Illuminate\\Pipeline\\Pipeline.php(180): Illuminate\\Http\\Middleware\\HandleCors->handle(Object(Illuminate\\Http\\Request), Object(Closure))
#63 E:\\wamp64\\www\\techsense\\vendor\\laravel\\framework\\src\\Illuminate\\Http\\Middleware\\TrustProxies.php(39): Illuminate\\Pipeline\\Pipeline->Illuminate\\Pipeline\\{closure}(Object(Illuminate\\Http\\Request))
#64 E:\\wamp64\\www\\techsense\\vendor\\laravel\\framework\\src\\Illuminate\\Pipeline\\Pipeline.php(180): Illuminate\\Http\\Middleware\\TrustProxies->handle(Object(Illuminate\\Http\\Request), Object(Closure))
#65 E:\\wamp64\\www\\techsense\\vendor\\laravel\\framework\\src\\Illuminate\\Pipeline\\Pipeline.php(116): Illuminate\\Pipeline\\Pipeline->Illuminate\\Pipeline\\{closure}(Object(Illuminate\\Http\\Request))
#66 E:\\wamp64\\www\\techsense\\vendor\\laravel\\framework\\src\\Illuminate\\Foundation\\Http\\Kernel.php(165): Illuminate\\Pipeline\\Pipeline->then(Object(Closure))
#67 E:\\wamp64\\www\\techsense\\vendor\\laravel\\framework\\src\\Illuminate\\Foundation\\Http\\Kernel.php(134): Illuminate\\Foundation\\Http\\Kernel->sendRequestThroughRouter(Object(Illuminate\\Http\\Request))
#68 E:\\wamp64\\www\\techsense\\public\\index.php(51): Illuminate\\Foundation\\Http\\Kernel->handle(Object(Illuminate\\Http\\Request))
#69 E:\\wamp64\\www\\techsense\\vendor\\laravel\\framework\\src\\Illuminate\\Foundation\\resources\\server.php(16): require_once('E:\\\\wamp64\\\\www\\\\t...')
#70 {main}
"} 
[2025-07-02 23:56:58] live.ERROR: Action ReportController@getBillDueReport not defined. {"view":{"view":"E:\\wamp64\\www\\techsense\\resources\\views\\report\\partials\\bill_due_report.blade.php","data":{"asset_v":"<pre class=sf-dump id=sf-dump-1351030665 data-indent-pad=\"  \"><span class=sf-dump-num>530</span>
</pre><script>Sfdump(\"sf-dump-1351030665\", {\"maxDepth\":3,\"maxStringLength\":160})</script>
","errors":"<pre class=sf-dump id=sf-dump-1548496586 data-indent-pad=\"  \"><span class=sf-dump-note>Illuminate\\Support\\ViewErrorBag</span> {<a class=sf-dump-ref>#2283</a><samp data-depth=1 class=sf-dump-expanded>
  #<span class=sf-dump-protected title=\"Protected property\">bags</span>: []
</samp>}
</pre><script>Sfdump(\"sf-dump-1548496586\", {\"maxDepth\":3,\"maxStringLength\":160})</script>
","business_locations":"<pre class=sf-dump id=sf-dump-1516564163 data-indent-pad=\"  \"><span class=sf-dump-note>Illuminate\\Support\\Collection</span> {<a class=sf-dump-ref>#2886</a><samp data-depth=1 class=sf-dump-expanded>
  #<span class=sf-dump-protected title=\"Protected property\">items</span>: <span class=sf-dump-note>array:2</span> [<samp data-depth=2 class=sf-dump-compact>
    <span class=sf-dump-key>1</span> => \"<span class=sf-dump-str title=\"34 characters\">Techsense Bangladesh Ltd. (BL0001)</span>\"
    <span class=sf-dump-key>2</span> => \"<span class=sf-dump-str title=\"16 characters\">Alibaba (BL0002)</span>\"
  </samp>]
  #<span class=sf-dump-protected title=\"Protected property\">escapeWhenCastingToString</span>: <span class=sf-dump-const>false</span>
</samp>}
</pre><script>Sfdump(\"sf-dump-1516564163\", {\"maxDepth\":3,\"maxStringLength\":160})</script>
","customers":"<pre class=sf-dump id=sf-dump-494029343 data-indent-pad=\"  \"><span class=sf-dump-note>Illuminate\\Support\\Collection</span> {<a class=sf-dump-ref>#2894</a><samp data-depth=1 class=sf-dump-expanded>
  #<span class=sf-dump-protected title=\"Protected property\">items</span>: <span class=sf-dump-note>array:137</span> [<samp data-depth=2 class=sf-dump-compact>
    <span class=sf-dump-key>1</span> => \"<span class=sf-dump-str title=\"56 characters\">Akij Particle Board Mills Ltd. - Sandip Debnath (CO0091)</span>\"
    <span class=sf-dump-key>2</span> => \"<span class=sf-dump-str title=\"45 characters\">Akij Biax Films Ltd. - Amjad Hossain (CO0092)</span>\"
    <span class=sf-dump-key>3</span> => \"<span class=sf-dump-str title=\"60 characters\">Akij Poly Fibre Industries Limited - Alvy Khondaker (CO0093)</span>\"
    <span class=sf-dump-key>4</span> => \"<span class=sf-dump-str title=\"52 characters\">Akij Plastic Ltd. - Md. Abdullah -Al-Mahfuj (CO0094)</span>\"
    <span class=sf-dump-key>5</span> => \"<span class=sf-dump-str title=\"42 characters\">JMI Cylinders Ltd. - Mehdi Hassan (CO0095)</span>\"
    <span class=sf-dump-key>6</span> => \"<span class=sf-dump-str title=\"51 characters\">JMI Sankur Valve &amp; Bung Ltd - Mehdi Hassan (CO0096)</span>\"
    <span class=sf-dump-key>7</span> => \"<span class=sf-dump-str title=\"61 characters\">Square Pharmaceuticals PLC. - Shajibur Rahman Shajal (CO0097)</span>\"
    <span class=sf-dump-key>8</span> => \"<span class=sf-dump-str title=\"77 characters\">Healthcare Pharmaceuticals Ltd.(Cephalosporin) - Engr. Fahad Ferdous (CO0098)</span>\"
    <span class=sf-dump-key>9</span> => \"<span class=sf-dump-str title=\"64 characters\">Advanced Chemical Industries Ltd. - Riyad Ahmed Siddiqi (CO0099)</span>\"
    <span class=sf-dump-key>10</span> => \"<span class=sf-dump-str title=\"43 characters\">BRAC Printing Pack - Jahidul Islam (CO0100)</span>\"
    <span class=sf-dump-key>11</span> => \"<span class=sf-dump-str title=\"70 characters\">Shun Shing Packaging Industries Ltd. -  Mr. Md. Abdus Sadeq   (CO0101)</span>\"
    <span class=sf-dump-key>12</span> => \"<span class=sf-dump-str title=\"43 characters\">ACI Foods Ltd - Yaduzzaman Bhuiyan (CO0102)</span>\"
    <span class=sf-dump-key>13</span> => \"<span class=sf-dump-str title=\"52 characters\">ACI Salt Limited - Lubaina Saffana Siddiqua (CO0103)</span>\"
    <span class=sf-dump-key>14</span> => \"<span class=sf-dump-str title=\"53 characters\">ACI CO-RO BANGLADESH LTD - Md Ashraful Islam (CO0104)</span>\"
    <span class=sf-dump-key>15</span> => \"<span class=sf-dump-str title=\"57 characters\">Akij Food &amp; Beverage Ltd - Mr Ujjal Baran Mondal (CO0105)</span>\"
    <span class=sf-dump-key>16</span> => \"<span class=sf-dump-str title=\"48 characters\">C.P. Bangladesh Co.; Ltd - Mahbub Hasan (CO0106)</span>\"
    <span class=sf-dump-key>17</span> => \"<span class=sf-dump-str title=\"74 characters\">Coca Cola International Beverages Private Ltd - Miss Usshy Rahman (CO0107)</span>\"
    <span class=sf-dump-key>18</span> => \"<span class=sf-dump-str title=\"47 characters\">BBS Cables Ltd. -  Md. Zahid Hossain   (CO0108)</span>\"
    <span class=sf-dump-key>19</span> => \"<span class=sf-dump-str title=\"59 characters\">RAK Ceramics (Bangladesh) Limited - Md. Nure Elahi (CO0109)</span>\"
    <span class=sf-dump-key>20</span> => \"<span class=sf-dump-str title=\"39 characters\">Incepta Pharmaceuticals Ltd -  (CO0110)</span>\"
    <span class=sf-dump-key>21</span> => \"<span class=sf-dump-str title=\"52 characters\">Akij Ceramics Ltd. -  Sazedul Islam Sazid   (CO0111)</span>\"
    <span class=sf-dump-key>22</span> => \"<span class=sf-dump-str title=\"36 characters\">Meghna Group - Sourav Nandi (CO0112)</span>\"
    <span class=sf-dump-key>23</span> => \"<span class=sf-dump-str title=\"57 characters\">Akij Glass Industries Ltd -  Md. Anowar Parvez   (CO0113)</span>\"
    <span class=sf-dump-key>24</span> => \"<span class=sf-dump-str title=\"52 characters\">ACI Pure Flour Limited - Yaduzzaman Bhuiyan (CO0114)</span>\"
    <span class=sf-dump-key>25</span> => \"<span class=sf-dump-str title=\"44 characters\">Akij Cartons Limited -  MD. HABIB   (CO0115)</span>\"
    <span class=sf-dump-key>26</span> => \"<span class=sf-dump-str title=\"42 characters\">ACI Motors LTD -  Farah Farzana   (CO0116)</span>\"
    <span class=sf-dump-key>27</span> => \"<span class=sf-dump-str title=\"45 characters\">Dan Foods Limited - Mr. Saiful Islam (CO0117)</span>\"
    <span class=sf-dump-key>28</span> => \"<span class=sf-dump-str title=\"54 characters\">Energy Hub Bangladesh - Mohammad Yahiya Arfan (CO0118)</span>\"
    <span class=sf-dump-key>29</span> => \"<span class=sf-dump-str title=\"38 characters\">Akij Glass Industries Ltd. -  (CO0119)</span>\"
    <span class=sf-dump-key>30</span> => \"<span class=sf-dump-str title=\"25 characters\"> - Md Rubel Akon (CO0120)</span>\"
    <span class=sf-dump-key>31</span> => \"<span class=sf-dump-str title=\"34 characters\">Marico Bangladesh Ltd. -  (CO0121)</span>\"
    <span class=sf-dump-key>32</span> => \"<span class=sf-dump-str title=\"63 characters\">ACI Premiaflex Plastics Ltd. - Shamiul Ashraf Shoishob (CO0122)</span>\"
    <span class=sf-dump-key>33</span> => \"<span class=sf-dump-str title=\"62 characters\">RAK Ceramics (Bangladesh) Limited - Md. Shariful Alam (CO0123)</span>\"
    <span class=sf-dump-key>35</span> => \"<span class=sf-dump-str title=\"34 characters\">Transcom Beverages Ltd -  (CO0125)</span>\"
    <span class=sf-dump-key>36</span> => \"<span class=sf-dump-str title=\"21 characters\">DNA Medix -  (CO0126)</span>\"
    <span class=sf-dump-key>39</span> => \"<span class=sf-dump-str title=\"38 characters\">Advance System Engineering -  (CO0129)</span>\"
    <span class=sf-dump-key>49</span> => \"<span class=sf-dump-str title=\"21 characters\"> - Mr Shakil (CO0139)</span>\"
    <span class=sf-dump-key>50</span> => \"<span class=sf-dump-str title=\"22 characters\"> - Mr student (CO0140)</span>\"
    <span class=sf-dump-key>51</span> => \"<span class=sf-dump-str title=\"47 characters\">International Classic Composit Ltd. -  (CO0141)</span>\"
    <span class=sf-dump-key>52</span> => \"<span class=sf-dump-str title=\"47 characters\">International Classic Composit Ltd. -  (CO0142)</span>\"
    <span class=sf-dump-key>53</span> => \"<span class=sf-dump-str title=\"58 characters\">Meghna Group Of Industries - Mr. Md.Tariqul Islam (CO0143)</span>\"
    <span class=sf-dump-key>56</span> => \"<span class=sf-dump-str title=\"27 characters\">Khusbu Icecream -  (CO0146)</span>\"
    <span class=sf-dump-key>63</span> => \"<span class=sf-dump-str title=\"32 characters\">APEX HOLDING LIMITED -  (CO0153)</span>\"
    <span class=sf-dump-key>64</span> => \"<span class=sf-dump-str title=\"57 characters\">Bengal Hurricane Dyeing &amp; Printing (PVT) LTD. -  (CO0154)</span>\"
    <span class=sf-dump-key>66</span> => \"<span class=sf-dump-str title=\"52 characters\">Beximco Pharmaceutical Ltd - Tazrian Tamima (CO0156)</span>\"
    <span class=sf-dump-key>67</span> => \"<span class=sf-dump-str title=\"30 characters\">Meghna PVC Limited -  (CO0157)</span>\"
    <span class=sf-dump-key>69</span> => \"<span class=sf-dump-str title=\"27 characters\">Akij Dairy Ltd. -  (CO0159)</span>\"
    <span class=sf-dump-key>70</span> => \"<span class=sf-dump-str title=\"30 characters\">M/S The Successors -  (CO0160)</span>\"
    <span class=sf-dump-key>71</span> => \"<span class=sf-dump-str title=\"34 characters\">Chicks &amp; Feeds Limited -  (CO0161)</span>\"
    <span class=sf-dump-key>72</span> => \"<span class=sf-dump-str title=\"34 characters\">ACI Animal Health Ltd. -  (CO0162)</span>\"
    <span class=sf-dump-key>73</span> => \"<span class=sf-dump-str title=\"61 characters\">LAKDHANAVI BANGLA POWER LIMITED - Mr. Rasehdul Islam (CO0163)</span>\"
    <span class=sf-dump-key>84</span> => \"<span class=sf-dump-str title=\"54 characters\">Desh Energy Chandpur Power Company Limited -  (CO0174)</span>\"
    <span class=sf-dump-key>85</span> => \"<span class=sf-dump-str title=\"42 characters\">Meghna Bulk Bag Industries Ltd -  (CO0175)</span>\"
    <span class=sf-dump-key>86</span> => \"<span class=sf-dump-str title=\"30 characters\">SHUSHAMA FEED LTD. -  (CO0176)</span>\"
    <span class=sf-dump-key>87</span> => \"<span class=sf-dump-str title=\"31 characters\">AKIJ Assentials Ltd -  (CO0177)</span>\"
    <span class=sf-dump-key>90</span> => \"<span class=sf-dump-str title=\"52 characters\">CP Bangladesh Co. Ltd. Birganj Feed Mill -  (CO0180)</span>\"
    <span class=sf-dump-key>93</span> => \"<span class=sf-dump-str title=\"71 characters\">Meghna Noodles and Biscuit Factory Ltd. - Mr Md. Tariqul Islam (CO0183)</span>\"
    <span class=sf-dump-key>97</span> => \"<span class=sf-dump-str title=\"27 characters\"> - Mr Shakil Ahmed (CO0187)</span>\"
    <span class=sf-dump-key>100</span> => \"<span class=sf-dump-str title=\"33 characters\">NIPRO JMI Pharma Ltd. -  (CO0190)</span>\"
    <span class=sf-dump-key>101</span> => \"<span class=sf-dump-str title=\"27 characters\">ACG Engineering -  (CO0191)</span>\"
    <span class=sf-dump-key>103</span> => \"<span class=sf-dump-str title=\"35 characters\">TVS AUTO BANGLADESH LTD -  (CO0193)</span>\"
    <span class=sf-dump-key>104</span> => \"<span class=sf-dump-str title=\"41 characters\">Meghna Pulp &amp; Paper Mills Ltd -  (CO0194)</span>\"
    <span class=sf-dump-key>105</span> => \"<span class=sf-dump-str title=\"47 characters\">Kamaphuli Polyester Products Co.Ltd -  (CO0195)</span>\"
    <span class=sf-dump-key>107</span> => \"<span class=sf-dump-str title=\"58 characters\">Reckitt Benckiser Bangladesh - Mr. Sakib Mohtasim (CO0197)</span>\"
    <span class=sf-dump-key>108</span> => \"<span class=sf-dump-str title=\"32 characters\">EMAMI BANGLADESH LTD -  (CO0198)</span>\"
    <span class=sf-dump-key>109</span> => \"<span class=sf-dump-str title=\"67 characters\">Hamza Textiles Ltd.( HTL-DYEING ) - Mr. Md. Tawhidul Islam (CO0199)</span>\"
    <span class=sf-dump-key>110</span> => \"<span class=sf-dump-str title=\"36 characters\">Sea Natural Food Limited -  (CO0200)</span>\"
    <span class=sf-dump-key>111</span> => \"<span class=sf-dump-str title=\"33 characters\">BRB HOSPITALS LIMITED -  (CO0201)</span>\"
    <span class=sf-dump-key>112</span> => \"<span class=sf-dump-str title=\"48 characters\">To Managing Director ,Anfords bd Ltd -  (CO0202)</span>\"
    <span class=sf-dump-key>113</span> => \"<span class=sf-dump-str title=\"35 characters\">YKK Bangladesh Pte Ltd. -  (CO0203)</span>\"
    <span class=sf-dump-key>114</span> => \"<span class=sf-dump-str title=\"49 characters\">Abdul Monem Limited - Mr. Meherul Sarkar (CO0204)</span>\"
    <span class=sf-dump-key>115</span> => \"<span class=sf-dump-str title=\"40 characters\">Smart Polymer Industries Ltd -  (CO0205)</span>\"
    <span class=sf-dump-key>116</span> => \"<span class=sf-dump-str title=\"54 characters\">CP Bangladesh Co.,Ltd, Chuadanga Feed Mill -  (CO0206)</span>\"
    <span class=sf-dump-key>118</span> => \"<span class=sf-dump-str title=\"54 characters\">Managing Director of Denimach Washing<span class=sf-dump-default>\\u{A0}</span>Ltd. -  (CO0208)</span>\"
    <span class=sf-dump-key>119</span> => \"<span class=sf-dump-str title=\"58 characters\">Advanced Chemical Industries Ltd. - Farah Farzana (CO0209)</span>\"
    <span class=sf-dump-key>120</span> => \"<span class=sf-dump-str title=\"60 characters\">Advanced Chemical Industries Ltd. - Mr Tanvir Ahmed (CO0210)</span>\"
    <span class=sf-dump-key>121</span> => \"<span class=sf-dump-str title=\"27 characters\">AKIJ ISPAT LTD. -  (CO0211)</span>\"
    <span class=sf-dump-key>122</span> => \"<span class=sf-dump-str title=\"40 characters\">Eskayef Pharmaceuticals Ltd. -  (CO0212)</span>\"
    <span class=sf-dump-key>123</span> => \"<span class=sf-dump-str title=\"30 characters\">ACI Hygiene Plant. -  (CO0213)</span>\"
    <span class=sf-dump-key>125</span> => \"<span class=sf-dump-str title=\"48 characters\">Julfikar Steel Re-Rolling Mills Ltd. -  (CO0215)</span>\"
    <span class=sf-dump-key>130</span> => \"<span class=sf-dump-str title=\"20 characters\">KOLPOLOK -  (CO0220)</span>\"
    <span class=sf-dump-key>132</span> => \"<span class=sf-dump-str title=\"43 characters\">Neem Sah International -  (Md. Jahid Hasan)</span>\"
    <span class=sf-dump-key>133</span> => \"<span class=sf-dump-str title=\"22 characters\">Salahuddin -  (CO0223)</span>\"
    <span class=sf-dump-key>137</span> => \"<span class=sf-dump-str title=\"48 characters\">Siam City Cement Bangladesh Limited. -  (CO0227)</span>\"
    <span class=sf-dump-key>138</span> => \"<span class=sf-dump-str title=\"62 characters\">Sonargaon Seeds Crushing Mills Ltd. - Mr. Abdul Alim. (CO0228)</span>\"
    <span class=sf-dump-key>140</span> => \"<span class=sf-dump-str title=\"28 characters\">RFL Tank -  (Md. Golam Nobi)</span>\"
    <span class=sf-dump-key>141</span> => \"<span class=sf-dump-str title=\"66 characters\">Bashundhara paper mills Limited. - Saifur Rahman Mozumder (CO0231)</span>\"
    <span class=sf-dump-key>142</span> => \"<span class=sf-dump-str title=\"47 characters\">British American Tobacco Bangladesh -  (CO0232)</span>\"
    <span class=sf-dump-key>144</span> => \"<span class=sf-dump-str title=\"49 characters\">Danish Condensed Milk Bangladesh Ltd. -  (CO0233)</span>\"
    <span class=sf-dump-key>147</span> => \"<span class=sf-dump-str title=\"22 characters\"> - Mr Mahabub (CO0235)</span>\"
    <span class=sf-dump-key>150</span> => \"<span class=sf-dump-str title=\"43 characters\">Healthcare Pharmaceuticals Ltd. -  (CO0238)</span>\"
    <span class=sf-dump-key>151</span> => \"<span class=sf-dump-str title=\"30 characters\">RBD Fibers Limited -  (CO0239)</span>\"
    <span class=sf-dump-key>152</span> => \"<span class=sf-dump-str title=\"28 characters\">PREMIER 1888 LTD -  (CO0240)</span>\"
    <span class=sf-dump-key>153</span> => \"<span class=sf-dump-str title=\"35 characters\">Omera Petroleum Limited -  (CO0241)</span>\"
    <span class=sf-dump-key>154</span> => \"<span class=sf-dump-str title=\"28 characters\">RFL TANK -  (Mr. Golam Nobi)</span>\"
    <span class=sf-dump-key>156</span> => \"<span class=sf-dump-str title=\"36 characters\">Akzochem industries (BD) -  (CO0244)</span>\"
    <span class=sf-dump-key>157</span> => \"<span class=sf-dump-str title=\"37 characters\">DEEPLAID Laborataries Ltd -  (CO0245)</span>\"
    <span class=sf-dump-key>158</span> => \"<span class=sf-dump-str title=\"42 characters\">Abrar Tech Serve International -  (CO0246)</span>\"
    <span class=sf-dump-key>159</span> => \"<span class=sf-dump-str title=\"42 characters\">Abrar Tech Serve International -  (CO0247)</span>\"
    <span class=sf-dump-key>160</span> => \"<span class=sf-dump-str title=\"41 characters\">Unique Cement Industries Ltd. -  (CO0248)</span>\"
    <span class=sf-dump-key>161</span> => \"<span class=sf-dump-str title=\"37 characters\">Tasnim Condensed Milk Ltd -  (CO0249)</span>\"
    <span class=sf-dump-key>162</span> => \"<span class=sf-dump-str title=\"20 characters\"> - Mr Rafat (CO0250)</span>\"
    <span class=sf-dump-key>164</span> => \"<span class=sf-dump-str title=\"28 characters\">Akij Paints Ltd. -  (CO0252)</span>\"
    <span class=sf-dump-key>165</span> => \"<span class=sf-dump-str title=\"25 characters\">Bongo Traders -  (CO0253)</span>\"
    <span class=sf-dump-key>166</span> => \"<span class=sf-dump-str title=\"38 characters\">Sonargaon Flour &amp; Dal Mill -  (CO0254)</span>\"
    <span class=sf-dump-key>167</span> => \"<span class=sf-dump-str title=\"50 characters\">Green Energy System - Mr Md. Tariquzzaman (CO0255)</span>\"
    <span class=sf-dump-key>168</span> => \"<span class=sf-dump-str title=\"20 characters\">Lotus BD -  (CO0256)</span>\"
    <span class=sf-dump-key>169</span> => \"<span class=sf-dump-str title=\"59 characters\">Doreen Power Generations and Systems Limited -  (Mr. Sujit)</span>\"
    <span class=sf-dump-key>170</span> => \"<span class=sf-dump-str title=\"47 characters\">British American Tobacco Bangladesh -  (CO0258)</span>\"
    <span class=sf-dump-key>171</span> => \"<span class=sf-dump-str title=\"42 characters\">Express Washing and Dyeing Ltd -  (CO0259)</span>\"
    <span class=sf-dump-key>172</span> => \"<span class=sf-dump-str title=\"31 characters\">MJ Engineering Ltd. -  (CO0260)</span>\"
    <span class=sf-dump-key>173</span> => \"<span class=sf-dump-str title=\"30 characters\">Jute Alliance Ltd. -  (CO0261)</span>\"
    <span class=sf-dump-key>174</span> => \"<span class=sf-dump-str title=\"48 characters\">Jute Alliance Ltd. - Md. Hafizur Rahman (CO0262)</span>\"
    <span class=sf-dump-key>175</span> => \"<span class=sf-dump-str title=\"33 characters\">Partex Tissue Limited -  (CO0263)</span>\"
    <span class=sf-dump-key>176</span> => \"<span class=sf-dump-str title=\"36 characters\">Akij Steel Mills Limited -  (CO0264)</span>\"
    <span class=sf-dump-key>177</span> => \"<span class=sf-dump-str title=\"34 characters\">ISPAHANI FOODS LIMITED -  (CO0265)</span>\"
    <span class=sf-dump-key>178</span> => \"<span class=sf-dump-str title=\"27 characters\">ZESS TYRE &amp;TUBE -  (CO0266)</span>\"
    <span class=sf-dump-key>179</span> => \"<span class=sf-dump-str title=\"19 characters\">Cynergy -  (CO0267)</span>\"
    <span class=sf-dump-key>180</span> => \"<span class=sf-dump-str title=\"31 characters\">RSPL Health BD Ltd. -  (CO0268)</span>\"
    <span class=sf-dump-key>181</span> => \"<span class=sf-dump-str title=\"31 characters\">ACI Premio Plastics -  (CO0269)</span>\"
    <span class=sf-dump-key>182</span> => \"<span class=sf-dump-str title=\"43 characters\">DESHBANDHU FOOD &amp; BEVERAGE LTD. -  (CO0270)</span>\"
    <span class=sf-dump-key>183</span> => \"<span class=sf-dump-str title=\"31 characters\">Inova International -  (CO0271)</span>\"
    <span class=sf-dump-key>184</span> => \"<span class=sf-dump-str title=\"53 characters\">Akij Polymer Industries LTD - Muntasir Islam (CO0272)</span>\"
    <span class=sf-dump-key>185</span> => \"<span class=sf-dump-str title=\"124 characters\">Department of Applied Chemistry and Chemical Engineering Faculty of Engineering and Technology -  (Dr. A.N.M. Hamidul Kabir)</span>\"
    <span class=sf-dump-key>186</span> => \"<span class=sf-dump-str title=\"43 characters\">RAJ LANKA POWER COMPANY LIMITED -  (CO0274)</span>\"
    <span class=sf-dump-key>187</span> => \"<span class=sf-dump-str title=\"39 characters\">ACI Pharma - Mr. Tanvir Ahmed. (CO0275)</span>\"
    <span class=sf-dump-key>188</span> => \"<span class=sf-dump-str title=\"33 characters\">ARC Manufacturing Ltd -  (CO0276)</span>\"
    <span class=sf-dump-key>189</span> => \"<span class=sf-dump-str title=\"25 characters\">UNION LIMITED -  (CO0277)</span>\"
    <span class=sf-dump-key>190</span> => \"<span class=sf-dump-str title=\"23 characters\">OMC LIMITED -  (CO0278)</span>\"
    <span class=sf-dump-key>191</span> => \"<span class=sf-dump-str title=\"40 characters\">Healthcare Chemicals Limited -  (CO0279)</span>\"
    <span class=sf-dump-key>192</span> => \"<span class=sf-dump-str title=\"35 characters\">PADMA FEED &amp; CHICKS LTD -  (CO0280)</span>\"
    <span class=sf-dump-key>193</span> => \"<span class=sf-dump-str title=\"64 characters\">Healthcare Formulations Limited - Mr. Md. Mosiur Rahman (CO0281)</span>\"
    <span class=sf-dump-key>194</span> => \"<span class=sf-dump-str title=\"21 characters\"> - Mr Billal (CO0282)</span>\"
    <span class=sf-dump-key>195</span> => \"<span class=sf-dump-str title=\"50 characters\">S-Engineering &amp; FM - Mr.  Md. Ruhul Amin. (CO0283)</span>\"
    <span class=sf-dump-key>196</span> => \"<span class=sf-dump-str title=\"54 characters\">Rising Spinning Mills<span class=sf-dump-default>\\u{A0}</span>Ltd. - Mr. Rokonuzzaman (CO0284)</span>\"
    <span class=sf-dump-key>197</span> => \"<span class=sf-dump-str title=\"42 characters\">Inova International -  (Shahadat Mojumder)</span>\"
    <span class=sf-dump-key>198</span> => \"<span class=sf-dump-str title=\"43 characters\">ACI Formulations Limited -  (MD. SAKIB MIA)</span>\"
  </samp>]
  #<span class=sf-dump-protected title=\"Protected property\">escapeWhenCastingToString</span>: <span class=sf-dump-const>false</span>
</samp>}
</pre><script>Sfdump(\"sf-dump-494029343\", {\"maxDepth\":3,\"maxStringLength\":160})</script>
","created_by":"<pre class=sf-dump id=sf-dump-1470998379 data-indent-pad=\"  \"><span class=sf-dump-note>Illuminate\\Support\\Collection</span> {<a class=sf-dump-ref>#3033</a><samp data-depth=1 class=sf-dump-expanded>
  #<span class=sf-dump-protected title=\"Protected property\">items</span>: <span class=sf-dump-note>array:10</span> [<samp data-depth=2 class=sf-dump-compact>
    \"\" => \"<span class=sf-dump-str title=\"3 characters\">All</span>\"
    <span class=sf-dump-key>1</span> => \"<span class=sf-dump-str title=\"13 characters\"> System Admin</span>\"
    <span class=sf-dump-key>2</span> => \"<span class=sf-dump-str title=\"14 characters\">Mr. Tamim Khan</span>\"
    <span class=sf-dump-key>3</span> => \"<span class=sf-dump-str title=\"16 characters\">Mr. Raihan kabir</span>\"
    <span class=sf-dump-key>4</span> => \"<span class=sf-dump-str title=\"16 characters\">Mr. Ariful Islam</span>\"
    <span class=sf-dump-key>5</span> => \"<span class=sf-dump-str title=\"19 characters\">Mr. Neshad Siddique</span>\"
    <span class=sf-dump-key>6</span> => \"<span class=sf-dump-str title=\"16 characters\">Mr. Naimul Hasan</span>\"
    <span class=sf-dump-key>7</span> => \"<span class=sf-dump-str title=\"22 characters\">Mr. Sabbir Ahmed Shuvo</span>\"
    <span class=sf-dump-key>8</span> => \"<span class=sf-dump-str title=\"11 characters\">Mr. Billal </span>\"
    <span class=sf-dump-key>9</span> => \"<span class=sf-dump-str title=\"21 characters\">Mr. Md Al Amin Mondol</span>\"
  </samp>]
  #<span class=sf-dump-protected title=\"Protected property\">escapeWhenCastingToString</span>: <span class=sf-dump-const>false</span>
</samp>}
</pre><script>Sfdump(\"sf-dump-1470998379\", {\"maxDepth\":3,\"maxStringLength\":160})</script>
","enabled_modules":"<pre class=sf-dump id=sf-dump-337432652 data-indent-pad=\"  \"><span class=sf-dump-note>array:5</span> [<samp data-depth=1 class=sf-dump-expanded>
  <span class=sf-dump-index>0</span> => \"<span class=sf-dump-str title=\"9 characters\">purchases</span>\"
  <span class=sf-dump-index>1</span> => \"<span class=sf-dump-str title=\"8 characters\">add_sale</span>\"
  <span class=sf-dump-index>2</span> => \"<span class=sf-dump-str title=\"8 characters\">pos_sale</span>\"
  <span class=sf-dump-index>3</span> => \"<span class=sf-dump-str title=\"8 characters\">expenses</span>\"
  <span class=sf-dump-index>4</span> => \"<span class=sf-dump-str title=\"7 characters\">account</span>\"
</samp>]
</pre><script>Sfdump(\"sf-dump-337432652\", {\"maxDepth\":3,\"maxStringLength\":160})</script>
","__is_pusher_enabled":"<pre class=sf-dump id=sf-dump-1114037246 data-indent-pad=\"  \"><span class=sf-dump-const>false</span>
</pre><script>Sfdump(\"sf-dump-1114037246\", {\"maxDepth\":3,\"maxStringLength\":160})</script>
"}},"userId":1,"exception":"[object] (Spatie\\LaravelIgnition\\Exceptions\\ViewException(code: 0): Action ReportController@getBillDueReport not defined. at E:\\wamp64\\www\\techsense\\vendor\\laravel\\framework\\src\\Illuminate\\Routing\\UrlGenerator.php:510)
[stacktrace]
#0 E:\\wamp64\\www\\techsense\\vendor\\laravel\\framework\\src\\Illuminate\\Foundation\\helpers.php(102): Illuminate\\Routing\\UrlGenerator->action('ReportControlle...', Array, true)
#1 E:\\wamp64\\www\\techsense\\resources\\views\\report\\partials\\bill_due_report.blade.php(95): action('ReportControlle...')
#2 E:\\wamp64\\www\\techsense\\vendor\\laravel\\framework\\src\\Illuminate\\Filesystem\\Filesystem.php(109): require('E:\\\\wamp64\\\\www\\\\t...')
#3 E:\\wamp64\\www\\techsense\\vendor\\laravel\\framework\\src\\Illuminate\\Filesystem\\Filesystem.php(110): Illuminate\\Filesystem\\Filesystem::Illuminate\\Filesystem\\{closure}()
#4 E:\\wamp64\\www\\techsense\\vendor\\laravel\\framework\\src\\Illuminate\\View\\Engines\\PhpEngine.php(58): Illuminate\\Filesystem\\Filesystem->getRequire('E:\\\\wamp64\\\\www\\\\t...', Array)
#5 E:\\wamp64\\www\\techsense\\vendor\\laravel\\framework\\src\\Illuminate\\View\\Engines\\CompilerEngine.php(70): Illuminate\\View\\Engines\\PhpEngine->evaluatePath('E:\\\\wamp64\\\\www\\\\t...', Array)
#6 E:\\wamp64\\www\\techsense\\vendor\\laravel\\framework\\src\\Illuminate\\View\\View.php(195): Illuminate\\View\\Engines\\CompilerEngine->get('E:\\\\wamp64\\\\www\\\\t...', Array)
#7 E:\\wamp64\\www\\techsense\\vendor\\laravel\\framework\\src\\Illuminate\\View\\View.php(178): Illuminate\\View\\View->getContents()
#8 E:\\wamp64\\www\\techsense\\vendor\\laravel\\framework\\src\\Illuminate\\View\\View.php(147): Illuminate\\View\\View->renderContents()
#9 E:\\wamp64\\www\\techsense\\vendor\\laravel\\framework\\src\\Illuminate\\Http\\Response.php(69): Illuminate\\View\\View->render()
#10 E:\\wamp64\\www\\techsense\\vendor\\laravel\\framework\\src\\Illuminate\\Http\\Response.php(35): Illuminate\\Http\\Response->setContent(Object(Illuminate\\View\\View))
#11 E:\\wamp64\\www\\techsense\\vendor\\laravel\\framework\\src\\Illuminate\\Routing\\Router.php(906): Illuminate\\Http\\Response->__construct(Object(Illuminate\\View\\View), 200, Array)
#12 E:\\wamp64\\www\\techsense\\vendor\\laravel\\framework\\src\\Illuminate\\Routing\\Router.php(875): Illuminate\\Routing\\Router::toResponse(Object(Illuminate\\Http\\Request), Object(Illuminate\\View\\View))
#13 E:\\wamp64\\www\\techsense\\vendor\\laravel\\framework\\src\\Illuminate\\Routing\\Router.php(797): Illuminate\\Routing\\Router->prepareResponse(Object(Illuminate\\Http\\Request), Object(Illuminate\\View\\View))
#14 E:\\wamp64\\www\\techsense\\vendor\\laravel\\framework\\src\\Illuminate\\Pipeline\\Pipeline.php(141): Illuminate\\Routing\\Router->Illuminate\\Routing\\{closure}(Object(Illuminate\\Http\\Request))
#15 E:\\wamp64\\www\\techsense\\app\\Http\\Middleware\\CheckUserLogin.php(22): Illuminate\\Pipeline\\Pipeline->Illuminate\\Pipeline\\{closure}(Object(Illuminate\\Http\\Request))
#16 E:\\wamp64\\www\\techsense\\vendor\\laravel\\framework\\src\\Illuminate\\Pipeline\\Pipeline.php(180): App\\Http\\Middleware\\CheckUserLogin->handle(Object(Illuminate\\Http\\Request), Object(Closure))
#17 E:\\wamp64\\www\\techsense\\app\\Http\\Middleware\\AdminSidebarMenu.php(805): Illuminate\\Pipeline\\Pipeline->Illuminate\\Pipeline\\{closure}(Object(Illuminate\\Http\\Request))
#18 E:\\wamp64\\www\\techsense\\vendor\\laravel\\framework\\src\\Illuminate\\Pipeline\\Pipeline.php(180): App\\Http\\Middleware\\AdminSidebarMenu->handle(Object(Illuminate\\Http\\Request), Object(Closure))
#19 E:\\wamp64\\www\\techsense\\app\\Http\\Middleware\\Timezone.php(30): Illuminate\\Pipeline\\Pipeline->Illuminate\\Pipeline\\{closure}(Object(Illuminate\\Http\\Request))
#20 E:\\wamp64\\www\\techsense\\vendor\\laravel\\framework\\src\\Illuminate\\Pipeline\\Pipeline.php(180): App\\Http\\Middleware\\Timezone->handle(Object(Illuminate\\Http\\Request), Object(Closure))
#21 E:\\wamp64\\www\\techsense\\app\\Http\\Middleware\\Language.php(25): Illuminate\\Pipeline\\Pipeline->Illuminate\\Pipeline\\{closure}(Object(Illuminate\\Http\\Request))
#22 E:\\wamp64\\www\\techsense\\vendor\\laravel\\framework\\src\\Illuminate\\Pipeline\\Pipeline.php(180): App\\Http\\Middleware\\Language->handle(Object(Illuminate\\Http\\Request), Object(Closure))
#23 E:\\wamp64\\www\\techsense\\app\\Http\\Middleware\\SetSessionData.php(52): Illuminate\\Pipeline\\Pipeline->Illuminate\\Pipeline\\{closure}(Object(Illuminate\\Http\\Request))
#24 E:\\wamp64\\www\\techsense\\vendor\\laravel\\framework\\src\\Illuminate\\Pipeline\\Pipeline.php(180): App\\Http\\Middleware\\SetSessionData->handle(Object(Illuminate\\Http\\Request), Object(Closure))
#25 E:\\wamp64\\www\\techsense\\app\\Http\\Middleware\\IsInstalled.php(50): Illuminate\\Pipeline\\Pipeline->Illuminate\\Pipeline\\{closure}(Object(Illuminate\\Http\\Request))
#26 E:\\wamp64\\www\\techsense\\vendor\\laravel\\framework\\src\\Illuminate\\Pipeline\\Pipeline.php(180): App\\Http\\Middleware\\IsInstalled->handle(Object(Illuminate\\Http\\Request), Object(Closure))
#27 E:\\wamp64\\www\\techsense\\vendor\\laravel\\framework\\src\\Illuminate\\Routing\\Middleware\\SubstituteBindings.php(50): Illuminate\\Pipeline\\Pipeline->Illuminate\\Pipeline\\{closure}(Object(Illuminate\\Http\\Request))
#28 E:\\wamp64\\www\\techsense\\vendor\\laravel\\framework\\src\\Illuminate\\Pipeline\\Pipeline.php(180): Illuminate\\Routing\\Middleware\\SubstituteBindings->handle(Object(Illuminate\\Http\\Request), Object(Closure))
#29 E:\\wamp64\\www\\techsense\\vendor\\laravel\\framework\\src\\Illuminate\\Auth\\Middleware\\Authenticate.php(44): Illuminate\\Pipeline\\Pipeline->Illuminate\\Pipeline\\{closure}(Object(Illuminate\\Http\\Request))
#30 E:\\wamp64\\www\\techsense\\vendor\\laravel\\framework\\src\\Illuminate\\Pipeline\\Pipeline.php(180): Illuminate\\Auth\\Middleware\\Authenticate->handle(Object(Illuminate\\Http\\Request), Object(Closure))
#31 E:\\wamp64\\www\\techsense\\vendor\\laravel\\framework\\src\\Illuminate\\Foundation\\Http\\Middleware\\VerifyCsrfToken.php(78): Illuminate\\Pipeline\\Pipeline->Illuminate\\Pipeline\\{closure}(Object(Illuminate\\Http\\Request))
#32 E:\\wamp64\\www\\techsense\\vendor\\laravel\\framework\\src\\Illuminate\\Pipeline\\Pipeline.php(180): Illuminate\\Foundation\\Http\\Middleware\\VerifyCsrfToken->handle(Object(Illuminate\\Http\\Request), Object(Closure))
#33 E:\\wamp64\\www\\techsense\\vendor\\laravel\\framework\\src\\Illuminate\\View\\Middleware\\ShareErrorsFromSession.php(49): Illuminate\\Pipeline\\Pipeline->Illuminate\\Pipeline\\{closure}(Object(Illuminate\\Http\\Request))
#34 E:\\wamp64\\www\\techsense\\vendor\\laravel\\framework\\src\\Illuminate\\Pipeline\\Pipeline.php(180): Illuminate\\View\\Middleware\\ShareErrorsFromSession->handle(Object(Illuminate\\Http\\Request), Object(Closure))
#35 E:\\wamp64\\www\\techsense\\vendor\\laravel\\framework\\src\\Illuminate\\Session\\Middleware\\StartSession.php(121): Illuminate\\Pipeline\\Pipeline->Illuminate\\Pipeline\\{closure}(Object(Illuminate\\Http\\Request))
#36 E:\\wamp64\\www\\techsense\\vendor\\laravel\\framework\\src\\Illuminate\\Session\\Middleware\\StartSession.php(64): Illuminate\\Session\\Middleware\\StartSession->handleStatefulRequest(Object(Illuminate\\Http\\Request), Object(Illuminate\\Session\\Store), Object(Closure))
#37 E:\\wamp64\\www\\techsense\\vendor\\laravel\\framework\\src\\Illuminate\\Pipeline\\Pipeline.php(180): Illuminate\\Session\\Middleware\\StartSession->handle(Object(Illuminate\\Http\\Request), Object(Closure))
#38 E:\\wamp64\\www\\techsense\\vendor\\laravel\\framework\\src\\Illuminate\\Cookie\\Middleware\\AddQueuedCookiesToResponse.php(37): Illuminate\\Pipeline\\Pipeline->Illuminate\\Pipeline\\{closure}(Object(Illuminate\\Http\\Request))
#39 E:\\wamp64\\www\\techsense\\vendor\\laravel\\framework\\src\\Illuminate\\Pipeline\\Pipeline.php(180): Illuminate\\Cookie\\Middleware\\AddQueuedCookiesToResponse->handle(Object(Illuminate\\Http\\Request), Object(Closure))
#40 E:\\wamp64\\www\\techsense\\vendor\\laravel\\framework\\src\\Illuminate\\Cookie\\Middleware\\EncryptCookies.php(67): Illuminate\\Pipeline\\Pipeline->Illuminate\\Pipeline\\{closure}(Object(Illuminate\\Http\\Request))
#41 E:\\wamp64\\www\\techsense\\vendor\\laravel\\framework\\src\\Illuminate\\Pipeline\\Pipeline.php(180): Illuminate\\Cookie\\Middleware\\EncryptCookies->handle(Object(Illuminate\\Http\\Request), Object(Closure))
#42 E:\\wamp64\\www\\techsense\\vendor\\laravel\\framework\\src\\Illuminate\\Pipeline\\Pipeline.php(116): Illuminate\\Pipeline\\Pipeline->Illuminate\\Pipeline\\{closure}(Object(Illuminate\\Http\\Request))
#43 E:\\wamp64\\www\\techsense\\vendor\\laravel\\framework\\src\\Illuminate\\Routing\\Router.php(797): Illuminate\\Pipeline\\Pipeline->then(Object(Closure))
#44 E:\\wamp64\\www\\techsense\\vendor\\laravel\\framework\\src\\Illuminate\\Routing\\Router.php(776): Illuminate\\Routing\\Router->runRouteWithinStack(Object(Illuminate\\Routing\\Route), Object(Illuminate\\Http\\Request))
#45 E:\\wamp64\\www\\techsense\\vendor\\laravel\\framework\\src\\Illuminate\\Routing\\Router.php(740): Illuminate\\Routing\\Router->runRoute(Object(Illuminate\\Http\\Request), Object(Illuminate\\Routing\\Route))
#46 E:\\wamp64\\www\\techsense\\vendor\\laravel\\framework\\src\\Illuminate\\Routing\\Router.php(729): Illuminate\\Routing\\Router->dispatchToRoute(Object(Illuminate\\Http\\Request))
#47 E:\\wamp64\\www\\techsense\\vendor\\laravel\\framework\\src\\Illuminate\\Foundation\\Http\\Kernel.php(190): Illuminate\\Routing\\Router->dispatch(Object(Illuminate\\Http\\Request))
#48 E:\\wamp64\\www\\techsense\\vendor\\laravel\\framework\\src\\Illuminate\\Pipeline\\Pipeline.php(141): Illuminate\\Foundation\\Http\\Kernel->Illuminate\\Foundation\\Http\\{closure}(Object(Illuminate\\Http\\Request))
#49 E:\\wamp64\\www\\techsense\\vendor\\barryvdh\\laravel-debugbar\\src\\Middleware\\InjectDebugbar.php(59): Illuminate\\Pipeline\\Pipeline->Illuminate\\Pipeline\\{closure}(Object(Illuminate\\Http\\Request))
#50 E:\\wamp64\\www\\techsense\\vendor\\laravel\\framework\\src\\Illuminate\\Pipeline\\Pipeline.php(180): Barryvdh\\Debugbar\\Middleware\\InjectDebugbar->handle(Object(Illuminate\\Http\\Request), Object(Closure))
#51 E:\\wamp64\\www\\techsense\\vendor\\laravel\\framework\\src\\Illuminate\\Foundation\\Http\\Middleware\\TransformsRequest.php(21): Illuminate\\Pipeline\\Pipeline->Illuminate\\Pipeline\\{closure}(Object(Illuminate\\Http\\Request))
#52 E:\\wamp64\\www\\techsense\\vendor\\laravel\\framework\\src\\Illuminate\\Foundation\\Http\\Middleware\\ConvertEmptyStringsToNull.php(31): Illuminate\\Foundation\\Http\\Middleware\\TransformsRequest->handle(Object(Illuminate\\Http\\Request), Object(Closure))
#53 E:\\wamp64\\www\\techsense\\vendor\\laravel\\framework\\src\\Illuminate\\Pipeline\\Pipeline.php(180): Illuminate\\Foundation\\Http\\Middleware\\ConvertEmptyStringsToNull->handle(Object(Illuminate\\Http\\Request), Object(Closure))
#54 E:\\wamp64\\www\\techsense\\vendor\\laravel\\framework\\src\\Illuminate\\Foundation\\Http\\Middleware\\TransformsRequest.php(21): Illuminate\\Pipeline\\Pipeline->Illuminate\\Pipeline\\{closure}(Object(Illuminate\\Http\\Request))
#55 E:\\wamp64\\www\\techsense\\vendor\\laravel\\framework\\src\\Illuminate\\Foundation\\Http\\Middleware\\TrimStrings.php(40): Illuminate\\Foundation\\Http\\Middleware\\TransformsRequest->handle(Object(Illuminate\\Http\\Request), Object(Closure))
#56 E:\\wamp64\\www\\techsense\\vendor\\laravel\\framework\\src\\Illuminate\\Pipeline\\Pipeline.php(180): Illuminate\\Foundation\\Http\\Middleware\\TrimStrings->handle(Object(Illuminate\\Http\\Request), Object(Closure))
#57 E:\\wamp64\\www\\techsense\\vendor\\laravel\\framework\\src\\Illuminate\\Foundation\\Http\\Middleware\\ValidatePostSize.php(27): Illuminate\\Pipeline\\Pipeline->Illuminate\\Pipeline\\{closure}(Object(Illuminate\\Http\\Request))
#58 E:\\wamp64\\www\\techsense\\vendor\\laravel\\framework\\src\\Illuminate\\Pipeline\\Pipeline.php(180): Illuminate\\Foundation\\Http\\Middleware\\ValidatePostSize->handle(Object(Illuminate\\Http\\Request), Object(Closure))
#59 E:\\wamp64\\www\\techsense\\vendor\\laravel\\framework\\src\\Illuminate\\Foundation\\Http\\Middleware\\PreventRequestsDuringMaintenance.php(86): Illuminate\\Pipeline\\Pipeline->Illuminate\\Pipeline\\{closure}(Object(Illuminate\\Http\\Request))
#60 E:\\wamp64\\www\\techsense\\vendor\\laravel\\framework\\src\\Illuminate\\Pipeline\\Pipeline.php(180): Illuminate\\Foundation\\Http\\Middleware\\PreventRequestsDuringMaintenance->handle(Object(Illuminate\\Http\\Request), Object(Closure))
#61 E:\\wamp64\\www\\techsense\\vendor\\laravel\\framework\\src\\Illuminate\\Http\\Middleware\\HandleCors.php(49): Illuminate\\Pipeline\\Pipeline->Illuminate\\Pipeline\\{closure}(Object(Illuminate\\Http\\Request))
#62 E:\\wamp64\\www\\techsense\\vendor\\laravel\\framework\\src\\Illuminate\\Pipeline\\Pipeline.php(180): Illuminate\\Http\\Middleware\\HandleCors->handle(Object(Illuminate\\Http\\Request), Object(Closure))
#63 E:\\wamp64\\www\\techsense\\vendor\\laravel\\framework\\src\\Illuminate\\Http\\Middleware\\TrustProxies.php(39): Illuminate\\Pipeline\\Pipeline->Illuminate\\Pipeline\\{closure}(Object(Illuminate\\Http\\Request))
#64 E:\\wamp64\\www\\techsense\\vendor\\laravel\\framework\\src\\Illuminate\\Pipeline\\Pipeline.php(180): Illuminate\\Http\\Middleware\\TrustProxies->handle(Object(Illuminate\\Http\\Request), Object(Closure))
#65 E:\\wamp64\\www\\techsense\\vendor\\laravel\\framework\\src\\Illuminate\\Pipeline\\Pipeline.php(116): Illuminate\\Pipeline\\Pipeline->Illuminate\\Pipeline\\{closure}(Object(Illuminate\\Http\\Request))
#66 E:\\wamp64\\www\\techsense\\vendor\\laravel\\framework\\src\\Illuminate\\Foundation\\Http\\Kernel.php(165): Illuminate\\Pipeline\\Pipeline->then(Object(Closure))
#67 E:\\wamp64\\www\\techsense\\vendor\\laravel\\framework\\src\\Illuminate\\Foundation\\Http\\Kernel.php(134): Illuminate\\Foundation\\Http\\Kernel->sendRequestThroughRouter(Object(Illuminate\\Http\\Request))
#68 E:\\wamp64\\www\\techsense\\public\\index.php(51): Illuminate\\Foundation\\Http\\Kernel->handle(Object(Illuminate\\Http\\Request))
#69 E:\\wamp64\\www\\techsense\\vendor\\laravel\\framework\\src\\Illuminate\\Foundation\\resources\\server.php(16): require_once('E:\\\\wamp64\\\\www\\\\t...')
#70 {main}

[previous exception] [object] (InvalidArgumentException(code: 0): Action ReportController@getBillDueReport not defined. at E:\\wamp64\\www\\techsense\\vendor\\laravel\\framework\\src\\Illuminate\\Routing\\UrlGenerator.php:510)
[stacktrace]
#0 E:\\wamp64\\www\\techsense\\vendor\\laravel\\framework\\src\\Illuminate\\Foundation\\helpers.php(102): Illuminate\\Routing\\UrlGenerator->action('ReportControlle...', Array, true)
#1 E:\\wamp64\\www\\techsense\\storage\\framework\\views\\fcf6a4592deb3f44ce20301d41f3afe9aa6eca49.php(103): action('ReportControlle...')
#2 E:\\wamp64\\www\\techsense\\vendor\\laravel\\framework\\src\\Illuminate\\Filesystem\\Filesystem.php(109): require('E:\\\\wamp64\\\\www\\\\t...')
#3 E:\\wamp64\\www\\techsense\\vendor\\laravel\\framework\\src\\Illuminate\\Filesystem\\Filesystem.php(110): Illuminate\\Filesystem\\Filesystem::Illuminate\\Filesystem\\{closure}()
#4 E:\\wamp64\\www\\techsense\\vendor\\laravel\\framework\\src\\Illuminate\\View\\Engines\\PhpEngine.php(58): Illuminate\\Filesystem\\Filesystem->getRequire('E:\\\\wamp64\\\\www\\\\t...', Array)
#5 E:\\wamp64\\www\\techsense\\vendor\\laravel\\framework\\src\\Illuminate\\View\\Engines\\CompilerEngine.php(70): Illuminate\\View\\Engines\\PhpEngine->evaluatePath('E:\\\\wamp64\\\\www\\\\t...', Array)
#6 E:\\wamp64\\www\\techsense\\vendor\\laravel\\framework\\src\\Illuminate\\View\\View.php(195): Illuminate\\View\\Engines\\CompilerEngine->get('E:\\\\wamp64\\\\www\\\\t...', Array)
#7 E:\\wamp64\\www\\techsense\\vendor\\laravel\\framework\\src\\Illuminate\\View\\View.php(178): Illuminate\\View\\View->getContents()
#8 E:\\wamp64\\www\\techsense\\vendor\\laravel\\framework\\src\\Illuminate\\View\\View.php(147): Illuminate\\View\\View->renderContents()
#9 E:\\wamp64\\www\\techsense\\vendor\\laravel\\framework\\src\\Illuminate\\Http\\Response.php(69): Illuminate\\View\\View->render()
#10 E:\\wamp64\\www\\techsense\\vendor\\laravel\\framework\\src\\Illuminate\\Http\\Response.php(35): Illuminate\\Http\\Response->setContent(Object(Illuminate\\View\\View))
#11 E:\\wamp64\\www\\techsense\\vendor\\laravel\\framework\\src\\Illuminate\\Routing\\Router.php(906): Illuminate\\Http\\Response->__construct(Object(Illuminate\\View\\View), 200, Array)
#12 E:\\wamp64\\www\\techsense\\vendor\\laravel\\framework\\src\\Illuminate\\Routing\\Router.php(875): Illuminate\\Routing\\Router::toResponse(Object(Illuminate\\Http\\Request), Object(Illuminate\\View\\View))
#13 E:\\wamp64\\www\\techsense\\vendor\\laravel\\framework\\src\\Illuminate\\Routing\\Router.php(797): Illuminate\\Routing\\Router->prepareResponse(Object(Illuminate\\Http\\Request), Object(Illuminate\\View\\View))
#14 E:\\wamp64\\www\\techsense\\vendor\\laravel\\framework\\src\\Illuminate\\Pipeline\\Pipeline.php(141): Illuminate\\Routing\\Router->Illuminate\\Routing\\{closure}(Object(Illuminate\\Http\\Request))
#15 E:\\wamp64\\www\\techsense\\app\\Http\\Middleware\\CheckUserLogin.php(22): Illuminate\\Pipeline\\Pipeline->Illuminate\\Pipeline\\{closure}(Object(Illuminate\\Http\\Request))
#16 E:\\wamp64\\www\\techsense\\vendor\\laravel\\framework\\src\\Illuminate\\Pipeline\\Pipeline.php(180): App\\Http\\Middleware\\CheckUserLogin->handle(Object(Illuminate\\Http\\Request), Object(Closure))
#17 E:\\wamp64\\www\\techsense\\app\\Http\\Middleware\\AdminSidebarMenu.php(805): Illuminate\\Pipeline\\Pipeline->Illuminate\\Pipeline\\{closure}(Object(Illuminate\\Http\\Request))
#18 E:\\wamp64\\www\\techsense\\vendor\\laravel\\framework\\src\\Illuminate\\Pipeline\\Pipeline.php(180): App\\Http\\Middleware\\AdminSidebarMenu->handle(Object(Illuminate\\Http\\Request), Object(Closure))
#19 E:\\wamp64\\www\\techsense\\app\\Http\\Middleware\\Timezone.php(30): Illuminate\\Pipeline\\Pipeline->Illuminate\\Pipeline\\{closure}(Object(Illuminate\\Http\\Request))
#20 E:\\wamp64\\www\\techsense\\vendor\\laravel\\framework\\src\\Illuminate\\Pipeline\\Pipeline.php(180): App\\Http\\Middleware\\Timezone->handle(Object(Illuminate\\Http\\Request), Object(Closure))
#21 E:\\wamp64\\www\\techsense\\app\\Http\\Middleware\\Language.php(25): Illuminate\\Pipeline\\Pipeline->Illuminate\\Pipeline\\{closure}(Object(Illuminate\\Http\\Request))
#22 E:\\wamp64\\www\\techsense\\vendor\\laravel\\framework\\src\\Illuminate\\Pipeline\\Pipeline.php(180): App\\Http\\Middleware\\Language->handle(Object(Illuminate\\Http\\Request), Object(Closure))
#23 E:\\wamp64\\www\\techsense\\app\\Http\\Middleware\\SetSessionData.php(52): Illuminate\\Pipeline\\Pipeline->Illuminate\\Pipeline\\{closure}(Object(Illuminate\\Http\\Request))
#24 E:\\wamp64\\www\\techsense\\vendor\\laravel\\framework\\src\\Illuminate\\Pipeline\\Pipeline.php(180): App\\Http\\Middleware\\SetSessionData->handle(Object(Illuminate\\Http\\Request), Object(Closure))
#25 E:\\wamp64\\www\\techsense\\app\\Http\\Middleware\\IsInstalled.php(50): Illuminate\\Pipeline\\Pipeline->Illuminate\\Pipeline\\{closure}(Object(Illuminate\\Http\\Request))
#26 E:\\wamp64\\www\\techsense\\vendor\\laravel\\framework\\src\\Illuminate\\Pipeline\\Pipeline.php(180): App\\Http\\Middleware\\IsInstalled->handle(Object(Illuminate\\Http\\Request), Object(Closure))
#27 E:\\wamp64\\www\\techsense\\vendor\\laravel\\framework\\src\\Illuminate\\Routing\\Middleware\\SubstituteBindings.php(50): Illuminate\\Pipeline\\Pipeline->Illuminate\\Pipeline\\{closure}(Object(Illuminate\\Http\\Request))
#28 E:\\wamp64\\www\\techsense\\vendor\\laravel\\framework\\src\\Illuminate\\Pipeline\\Pipeline.php(180): Illuminate\\Routing\\Middleware\\SubstituteBindings->handle(Object(Illuminate\\Http\\Request), Object(Closure))
#29 E:\\wamp64\\www\\techsense\\vendor\\laravel\\framework\\src\\Illuminate\\Auth\\Middleware\\Authenticate.php(44): Illuminate\\Pipeline\\Pipeline->Illuminate\\Pipeline\\{closure}(Object(Illuminate\\Http\\Request))
#30 E:\\wamp64\\www\\techsense\\vendor\\laravel\\framework\\src\\Illuminate\\Pipeline\\Pipeline.php(180): Illuminate\\Auth\\Middleware\\Authenticate->handle(Object(Illuminate\\Http\\Request), Object(Closure))
#31 E:\\wamp64\\www\\techsense\\vendor\\laravel\\framework\\src\\Illuminate\\Foundation\\Http\\Middleware\\VerifyCsrfToken.php(78): Illuminate\\Pipeline\\Pipeline->Illuminate\\Pipeline\\{closure}(Object(Illuminate\\Http\\Request))
#32 E:\\wamp64\\www\\techsense\\vendor\\laravel\\framework\\src\\Illuminate\\Pipeline\\Pipeline.php(180): Illuminate\\Foundation\\Http\\Middleware\\VerifyCsrfToken->handle(Object(Illuminate\\Http\\Request), Object(Closure))
#33 E:\\wamp64\\www\\techsense\\vendor\\laravel\\framework\\src\\Illuminate\\View\\Middleware\\ShareErrorsFromSession.php(49): Illuminate\\Pipeline\\Pipeline->Illuminate\\Pipeline\\{closure}(Object(Illuminate\\Http\\Request))
#34 E:\\wamp64\\www\\techsense\\vendor\\laravel\\framework\\src\\Illuminate\\Pipeline\\Pipeline.php(180): Illuminate\\View\\Middleware\\ShareErrorsFromSession->handle(Object(Illuminate\\Http\\Request), Object(Closure))
#35 E:\\wamp64\\www\\techsense\\vendor\\laravel\\framework\\src\\Illuminate\\Session\\Middleware\\StartSession.php(121): Illuminate\\Pipeline\\Pipeline->Illuminate\\Pipeline\\{closure}(Object(Illuminate\\Http\\Request))
#36 E:\\wamp64\\www\\techsense\\vendor\\laravel\\framework\\src\\Illuminate\\Session\\Middleware\\StartSession.php(64): Illuminate\\Session\\Middleware\\StartSession->handleStatefulRequest(Object(Illuminate\\Http\\Request), Object(Illuminate\\Session\\Store), Object(Closure))
#37 E:\\wamp64\\www\\techsense\\vendor\\laravel\\framework\\src\\Illuminate\\Pipeline\\Pipeline.php(180): Illuminate\\Session\\Middleware\\StartSession->handle(Object(Illuminate\\Http\\Request), Object(Closure))
#38 E:\\wamp64\\www\\techsense\\vendor\\laravel\\framework\\src\\Illuminate\\Cookie\\Middleware\\AddQueuedCookiesToResponse.php(37): Illuminate\\Pipeline\\Pipeline->Illuminate\\Pipeline\\{closure}(Object(Illuminate\\Http\\Request))
#39 E:\\wamp64\\www\\techsense\\vendor\\laravel\\framework\\src\\Illuminate\\Pipeline\\Pipeline.php(180): Illuminate\\Cookie\\Middleware\\AddQueuedCookiesToResponse->handle(Object(Illuminate\\Http\\Request), Object(Closure))
#40 E:\\wamp64\\www\\techsense\\vendor\\laravel\\framework\\src\\Illuminate\\Cookie\\Middleware\\EncryptCookies.php(67): Illuminate\\Pipeline\\Pipeline->Illuminate\\Pipeline\\{closure}(Object(Illuminate\\Http\\Request))
#41 E:\\wamp64\\www\\techsense\\vendor\\laravel\\framework\\src\\Illuminate\\Pipeline\\Pipeline.php(180): Illuminate\\Cookie\\Middleware\\EncryptCookies->handle(Object(Illuminate\\Http\\Request), Object(Closure))
#42 E:\\wamp64\\www\\techsense\\vendor\\laravel\\framework\\src\\Illuminate\\Pipeline\\Pipeline.php(116): Illuminate\\Pipeline\\Pipeline->Illuminate\\Pipeline\\{closure}(Object(Illuminate\\Http\\Request))
#43 E:\\wamp64\\www\\techsense\\vendor\\laravel\\framework\\src\\Illuminate\\Routing\\Router.php(797): Illuminate\\Pipeline\\Pipeline->then(Object(Closure))
#44 E:\\wamp64\\www\\techsense\\vendor\\laravel\\framework\\src\\Illuminate\\Routing\\Router.php(776): Illuminate\\Routing\\Router->runRouteWithinStack(Object(Illuminate\\Routing\\Route), Object(Illuminate\\Http\\Request))
#45 E:\\wamp64\\www\\techsense\\vendor\\laravel\\framework\\src\\Illuminate\\Routing\\Router.php(740): Illuminate\\Routing\\Router->runRoute(Object(Illuminate\\Http\\Request), Object(Illuminate\\Routing\\Route))
#46 E:\\wamp64\\www\\techsense\\vendor\\laravel\\framework\\src\\Illuminate\\Routing\\Router.php(729): Illuminate\\Routing\\Router->dispatchToRoute(Object(Illuminate\\Http\\Request))
#47 E:\\wamp64\\www\\techsense\\vendor\\laravel\\framework\\src\\Illuminate\\Foundation\\Http\\Kernel.php(190): Illuminate\\Routing\\Router->dispatch(Object(Illuminate\\Http\\Request))
#48 E:\\wamp64\\www\\techsense\\vendor\\laravel\\framework\\src\\Illuminate\\Pipeline\\Pipeline.php(141): Illuminate\\Foundation\\Http\\Kernel->Illuminate\\Foundation\\Http\\{closure}(Object(Illuminate\\Http\\Request))
#49 E:\\wamp64\\www\\techsense\\vendor\\barryvdh\\laravel-debugbar\\src\\Middleware\\InjectDebugbar.php(59): Illuminate\\Pipeline\\Pipeline->Illuminate\\Pipeline\\{closure}(Object(Illuminate\\Http\\Request))
#50 E:\\wamp64\\www\\techsense\\vendor\\laravel\\framework\\src\\Illuminate\\Pipeline\\Pipeline.php(180): Barryvdh\\Debugbar\\Middleware\\InjectDebugbar->handle(Object(Illuminate\\Http\\Request), Object(Closure))
#51 E:\\wamp64\\www\\techsense\\vendor\\laravel\\framework\\src\\Illuminate\\Foundation\\Http\\Middleware\\TransformsRequest.php(21): Illuminate\\Pipeline\\Pipeline->Illuminate\\Pipeline\\{closure}(Object(Illuminate\\Http\\Request))
#52 E:\\wamp64\\www\\techsense\\vendor\\laravel\\framework\\src\\Illuminate\\Foundation\\Http\\Middleware\\ConvertEmptyStringsToNull.php(31): Illuminate\\Foundation\\Http\\Middleware\\TransformsRequest->handle(Object(Illuminate\\Http\\Request), Object(Closure))
#53 E:\\wamp64\\www\\techsense\\vendor\\laravel\\framework\\src\\Illuminate\\Pipeline\\Pipeline.php(180): Illuminate\\Foundation\\Http\\Middleware\\ConvertEmptyStringsToNull->handle(Object(Illuminate\\Http\\Request), Object(Closure))
#54 E:\\wamp64\\www\\techsense\\vendor\\laravel\\framework\\src\\Illuminate\\Foundation\\Http\\Middleware\\TransformsRequest.php(21): Illuminate\\Pipeline\\Pipeline->Illuminate\\Pipeline\\{closure}(Object(Illuminate\\Http\\Request))
#55 E:\\wamp64\\www\\techsense\\vendor\\laravel\\framework\\src\\Illuminate\\Foundation\\Http\\Middleware\\TrimStrings.php(40): Illuminate\\Foundation\\Http\\Middleware\\TransformsRequest->handle(Object(Illuminate\\Http\\Request), Object(Closure))
#56 E:\\wamp64\\www\\techsense\\vendor\\laravel\\framework\\src\\Illuminate\\Pipeline\\Pipeline.php(180): Illuminate\\Foundation\\Http\\Middleware\\TrimStrings->handle(Object(Illuminate\\Http\\Request), Object(Closure))
#57 E:\\wamp64\\www\\techsense\\vendor\\laravel\\framework\\src\\Illuminate\\Foundation\\Http\\Middleware\\ValidatePostSize.php(27): Illuminate\\Pipeline\\Pipeline->Illuminate\\Pipeline\\{closure}(Object(Illuminate\\Http\\Request))
#58 E:\\wamp64\\www\\techsense\\vendor\\laravel\\framework\\src\\Illuminate\\Pipeline\\Pipeline.php(180): Illuminate\\Foundation\\Http\\Middleware\\ValidatePostSize->handle(Object(Illuminate\\Http\\Request), Object(Closure))
#59 E:\\wamp64\\www\\techsense\\vendor\\laravel\\framework\\src\\Illuminate\\Foundation\\Http\\Middleware\\PreventRequestsDuringMaintenance.php(86): Illuminate\\Pipeline\\Pipeline->Illuminate\\Pipeline\\{closure}(Object(Illuminate\\Http\\Request))
#60 E:\\wamp64\\www\\techsense\\vendor\\laravel\\framework\\src\\Illuminate\\Pipeline\\Pipeline.php(180): Illuminate\\Foundation\\Http\\Middleware\\PreventRequestsDuringMaintenance->handle(Object(Illuminate\\Http\\Request), Object(Closure))
#61 E:\\wamp64\\www\\techsense\\vendor\\laravel\\framework\\src\\Illuminate\\Http\\Middleware\\HandleCors.php(49): Illuminate\\Pipeline\\Pipeline->Illuminate\\Pipeline\\{closure}(Object(Illuminate\\Http\\Request))
#62 E:\\wamp64\\www\\techsense\\vendor\\laravel\\framework\\src\\Illuminate\\Pipeline\\Pipeline.php(180): Illuminate\\Http\\Middleware\\HandleCors->handle(Object(Illuminate\\Http\\Request), Object(Closure))
#63 E:\\wamp64\\www\\techsense\\vendor\\laravel\\framework\\src\\Illuminate\\Http\\Middleware\\TrustProxies.php(39): Illuminate\\Pipeline\\Pipeline->Illuminate\\Pipeline\\{closure}(Object(Illuminate\\Http\\Request))
#64 E:\\wamp64\\www\\techsense\\vendor\\laravel\\framework\\src\\Illuminate\\Pipeline\\Pipeline.php(180): Illuminate\\Http\\Middleware\\TrustProxies->handle(Object(Illuminate\\Http\\Request), Object(Closure))
#65 E:\\wamp64\\www\\techsense\\vendor\\laravel\\framework\\src\\Illuminate\\Pipeline\\Pipeline.php(116): Illuminate\\Pipeline\\Pipeline->Illuminate\\Pipeline\\{closure}(Object(Illuminate\\Http\\Request))
#66 E:\\wamp64\\www\\techsense\\vendor\\laravel\\framework\\src\\Illuminate\\Foundation\\Http\\Kernel.php(165): Illuminate\\Pipeline\\Pipeline->then(Object(Closure))
#67 E:\\wamp64\\www\\techsense\\vendor\\laravel\\framework\\src\\Illuminate\\Foundation\\Http\\Kernel.php(134): Illuminate\\Foundation\\Http\\Kernel->sendRequestThroughRouter(Object(Illuminate\\Http\\Request))
#68 E:\\wamp64\\www\\techsense\\public\\index.php(51): Illuminate\\Foundation\\Http\\Kernel->handle(Object(Illuminate\\Http\\Request))
#69 E:\\wamp64\\www\\techsense\\vendor\\laravel\\framework\\src\\Illuminate\\Foundation\\resources\\server.php(16): require_once('E:\\\\wamp64\\\\www\\\\t...')
#70 {main}
"} 
[2025-07-02 23:57:19] live.ERROR: Action ReportController@getBillDueReport not defined. {"view":{"view":"E:\\wamp64\\www\\techsense\\resources\\views\\report\\partials\\bill_due_report.blade.php","data":{"asset_v":"<pre class=sf-dump id=sf-dump-2126330646 data-indent-pad=\"  \"><span class=sf-dump-num>530</span>
</pre><script>Sfdump(\"sf-dump-2126330646\", {\"maxDepth\":3,\"maxStringLength\":160})</script>
","errors":"<pre class=sf-dump id=sf-dump-163292586 data-indent-pad=\"  \"><span class=sf-dump-note>Illuminate\\Support\\ViewErrorBag</span> {<a class=sf-dump-ref>#2283</a><samp data-depth=1 class=sf-dump-expanded>
  #<span class=sf-dump-protected title=\"Protected property\">bags</span>: []
</samp>}
</pre><script>Sfdump(\"sf-dump-163292586\", {\"maxDepth\":3,\"maxStringLength\":160})</script>
","business_locations":"<pre class=sf-dump id=sf-dump-2057337766 data-indent-pad=\"  \"><span class=sf-dump-note>Illuminate\\Support\\Collection</span> {<a class=sf-dump-ref>#2886</a><samp data-depth=1 class=sf-dump-expanded>
  #<span class=sf-dump-protected title=\"Protected property\">items</span>: <span class=sf-dump-note>array:2</span> [<samp data-depth=2 class=sf-dump-compact>
    <span class=sf-dump-key>1</span> => \"<span class=sf-dump-str title=\"34 characters\">Techsense Bangladesh Ltd. (BL0001)</span>\"
    <span class=sf-dump-key>2</span> => \"<span class=sf-dump-str title=\"16 characters\">Alibaba (BL0002)</span>\"
  </samp>]
  #<span class=sf-dump-protected title=\"Protected property\">escapeWhenCastingToString</span>: <span class=sf-dump-const>false</span>
</samp>}
</pre><script>Sfdump(\"sf-dump-2057337766\", {\"maxDepth\":3,\"maxStringLength\":160})</script>
","customers":"<pre class=sf-dump id=sf-dump-804528727 data-indent-pad=\"  \"><span class=sf-dump-note>Illuminate\\Support\\Collection</span> {<a class=sf-dump-ref>#2894</a><samp data-depth=1 class=sf-dump-expanded>
  #<span class=sf-dump-protected title=\"Protected property\">items</span>: <span class=sf-dump-note>array:137</span> [<samp data-depth=2 class=sf-dump-compact>
    <span class=sf-dump-key>1</span> => \"<span class=sf-dump-str title=\"56 characters\">Akij Particle Board Mills Ltd. - Sandip Debnath (CO0091)</span>\"
    <span class=sf-dump-key>2</span> => \"<span class=sf-dump-str title=\"45 characters\">Akij Biax Films Ltd. - Amjad Hossain (CO0092)</span>\"
    <span class=sf-dump-key>3</span> => \"<span class=sf-dump-str title=\"60 characters\">Akij Poly Fibre Industries Limited - Alvy Khondaker (CO0093)</span>\"
    <span class=sf-dump-key>4</span> => \"<span class=sf-dump-str title=\"52 characters\">Akij Plastic Ltd. - Md. Abdullah -Al-Mahfuj (CO0094)</span>\"
    <span class=sf-dump-key>5</span> => \"<span class=sf-dump-str title=\"42 characters\">JMI Cylinders Ltd. - Mehdi Hassan (CO0095)</span>\"
    <span class=sf-dump-key>6</span> => \"<span class=sf-dump-str title=\"51 characters\">JMI Sankur Valve &amp; Bung Ltd - Mehdi Hassan (CO0096)</span>\"
    <span class=sf-dump-key>7</span> => \"<span class=sf-dump-str title=\"61 characters\">Square Pharmaceuticals PLC. - Shajibur Rahman Shajal (CO0097)</span>\"
    <span class=sf-dump-key>8</span> => \"<span class=sf-dump-str title=\"77 characters\">Healthcare Pharmaceuticals Ltd.(Cephalosporin) - Engr. Fahad Ferdous (CO0098)</span>\"
    <span class=sf-dump-key>9</span> => \"<span class=sf-dump-str title=\"64 characters\">Advanced Chemical Industries Ltd. - Riyad Ahmed Siddiqi (CO0099)</span>\"
    <span class=sf-dump-key>10</span> => \"<span class=sf-dump-str title=\"43 characters\">BRAC Printing Pack - Jahidul Islam (CO0100)</span>\"
    <span class=sf-dump-key>11</span> => \"<span class=sf-dump-str title=\"70 characters\">Shun Shing Packaging Industries Ltd. -  Mr. Md. Abdus Sadeq   (CO0101)</span>\"
    <span class=sf-dump-key>12</span> => \"<span class=sf-dump-str title=\"43 characters\">ACI Foods Ltd - Yaduzzaman Bhuiyan (CO0102)</span>\"
    <span class=sf-dump-key>13</span> => \"<span class=sf-dump-str title=\"52 characters\">ACI Salt Limited - Lubaina Saffana Siddiqua (CO0103)</span>\"
    <span class=sf-dump-key>14</span> => \"<span class=sf-dump-str title=\"53 characters\">ACI CO-RO BANGLADESH LTD - Md Ashraful Islam (CO0104)</span>\"
    <span class=sf-dump-key>15</span> => \"<span class=sf-dump-str title=\"57 characters\">Akij Food &amp; Beverage Ltd - Mr Ujjal Baran Mondal (CO0105)</span>\"
    <span class=sf-dump-key>16</span> => \"<span class=sf-dump-str title=\"48 characters\">C.P. Bangladesh Co.; Ltd - Mahbub Hasan (CO0106)</span>\"
    <span class=sf-dump-key>17</span> => \"<span class=sf-dump-str title=\"74 characters\">Coca Cola International Beverages Private Ltd - Miss Usshy Rahman (CO0107)</span>\"
    <span class=sf-dump-key>18</span> => \"<span class=sf-dump-str title=\"47 characters\">BBS Cables Ltd. -  Md. Zahid Hossain   (CO0108)</span>\"
    <span class=sf-dump-key>19</span> => \"<span class=sf-dump-str title=\"59 characters\">RAK Ceramics (Bangladesh) Limited - Md. Nure Elahi (CO0109)</span>\"
    <span class=sf-dump-key>20</span> => \"<span class=sf-dump-str title=\"39 characters\">Incepta Pharmaceuticals Ltd -  (CO0110)</span>\"
    <span class=sf-dump-key>21</span> => \"<span class=sf-dump-str title=\"52 characters\">Akij Ceramics Ltd. -  Sazedul Islam Sazid   (CO0111)</span>\"
    <span class=sf-dump-key>22</span> => \"<span class=sf-dump-str title=\"36 characters\">Meghna Group - Sourav Nandi (CO0112)</span>\"
    <span class=sf-dump-key>23</span> => \"<span class=sf-dump-str title=\"57 characters\">Akij Glass Industries Ltd -  Md. Anowar Parvez   (CO0113)</span>\"
    <span class=sf-dump-key>24</span> => \"<span class=sf-dump-str title=\"52 characters\">ACI Pure Flour Limited - Yaduzzaman Bhuiyan (CO0114)</span>\"
    <span class=sf-dump-key>25</span> => \"<span class=sf-dump-str title=\"44 characters\">Akij Cartons Limited -  MD. HABIB   (CO0115)</span>\"
    <span class=sf-dump-key>26</span> => \"<span class=sf-dump-str title=\"42 characters\">ACI Motors LTD -  Farah Farzana   (CO0116)</span>\"
    <span class=sf-dump-key>27</span> => \"<span class=sf-dump-str title=\"45 characters\">Dan Foods Limited - Mr. Saiful Islam (CO0117)</span>\"
    <span class=sf-dump-key>28</span> => \"<span class=sf-dump-str title=\"54 characters\">Energy Hub Bangladesh - Mohammad Yahiya Arfan (CO0118)</span>\"
    <span class=sf-dump-key>29</span> => \"<span class=sf-dump-str title=\"38 characters\">Akij Glass Industries Ltd. -  (CO0119)</span>\"
    <span class=sf-dump-key>30</span> => \"<span class=sf-dump-str title=\"25 characters\"> - Md Rubel Akon (CO0120)</span>\"
    <span class=sf-dump-key>31</span> => \"<span class=sf-dump-str title=\"34 characters\">Marico Bangladesh Ltd. -  (CO0121)</span>\"
    <span class=sf-dump-key>32</span> => \"<span class=sf-dump-str title=\"63 characters\">ACI Premiaflex Plastics Ltd. - Shamiul Ashraf Shoishob (CO0122)</span>\"
    <span class=sf-dump-key>33</span> => \"<span class=sf-dump-str title=\"62 characters\">RAK Ceramics (Bangladesh) Limited - Md. Shariful Alam (CO0123)</span>\"
    <span class=sf-dump-key>35</span> => \"<span class=sf-dump-str title=\"34 characters\">Transcom Beverages Ltd -  (CO0125)</span>\"
    <span class=sf-dump-key>36</span> => \"<span class=sf-dump-str title=\"21 characters\">DNA Medix -  (CO0126)</span>\"
    <span class=sf-dump-key>39</span> => \"<span class=sf-dump-str title=\"38 characters\">Advance System Engineering -  (CO0129)</span>\"
    <span class=sf-dump-key>49</span> => \"<span class=sf-dump-str title=\"21 characters\"> - Mr Shakil (CO0139)</span>\"
    <span class=sf-dump-key>50</span> => \"<span class=sf-dump-str title=\"22 characters\"> - Mr student (CO0140)</span>\"
    <span class=sf-dump-key>51</span> => \"<span class=sf-dump-str title=\"47 characters\">International Classic Composit Ltd. -  (CO0141)</span>\"
    <span class=sf-dump-key>52</span> => \"<span class=sf-dump-str title=\"47 characters\">International Classic Composit Ltd. -  (CO0142)</span>\"
    <span class=sf-dump-key>53</span> => \"<span class=sf-dump-str title=\"58 characters\">Meghna Group Of Industries - Mr. Md.Tariqul Islam (CO0143)</span>\"
    <span class=sf-dump-key>56</span> => \"<span class=sf-dump-str title=\"27 characters\">Khusbu Icecream -  (CO0146)</span>\"
    <span class=sf-dump-key>63</span> => \"<span class=sf-dump-str title=\"32 characters\">APEX HOLDING LIMITED -  (CO0153)</span>\"
    <span class=sf-dump-key>64</span> => \"<span class=sf-dump-str title=\"57 characters\">Bengal Hurricane Dyeing &amp; Printing (PVT) LTD. -  (CO0154)</span>\"
    <span class=sf-dump-key>66</span> => \"<span class=sf-dump-str title=\"52 characters\">Beximco Pharmaceutical Ltd - Tazrian Tamima (CO0156)</span>\"
    <span class=sf-dump-key>67</span> => \"<span class=sf-dump-str title=\"30 characters\">Meghna PVC Limited -  (CO0157)</span>\"
    <span class=sf-dump-key>69</span> => \"<span class=sf-dump-str title=\"27 characters\">Akij Dairy Ltd. -  (CO0159)</span>\"
    <span class=sf-dump-key>70</span> => \"<span class=sf-dump-str title=\"30 characters\">M/S The Successors -  (CO0160)</span>\"
    <span class=sf-dump-key>71</span> => \"<span class=sf-dump-str title=\"34 characters\">Chicks &amp; Feeds Limited -  (CO0161)</span>\"
    <span class=sf-dump-key>72</span> => \"<span class=sf-dump-str title=\"34 characters\">ACI Animal Health Ltd. -  (CO0162)</span>\"
    <span class=sf-dump-key>73</span> => \"<span class=sf-dump-str title=\"61 characters\">LAKDHANAVI BANGLA POWER LIMITED - Mr. Rasehdul Islam (CO0163)</span>\"
    <span class=sf-dump-key>84</span> => \"<span class=sf-dump-str title=\"54 characters\">Desh Energy Chandpur Power Company Limited -  (CO0174)</span>\"
    <span class=sf-dump-key>85</span> => \"<span class=sf-dump-str title=\"42 characters\">Meghna Bulk Bag Industries Ltd -  (CO0175)</span>\"
    <span class=sf-dump-key>86</span> => \"<span class=sf-dump-str title=\"30 characters\">SHUSHAMA FEED LTD. -  (CO0176)</span>\"
    <span class=sf-dump-key>87</span> => \"<span class=sf-dump-str title=\"31 characters\">AKIJ Assentials Ltd -  (CO0177)</span>\"
    <span class=sf-dump-key>90</span> => \"<span class=sf-dump-str title=\"52 characters\">CP Bangladesh Co. Ltd. Birganj Feed Mill -  (CO0180)</span>\"
    <span class=sf-dump-key>93</span> => \"<span class=sf-dump-str title=\"71 characters\">Meghna Noodles and Biscuit Factory Ltd. - Mr Md. Tariqul Islam (CO0183)</span>\"
    <span class=sf-dump-key>97</span> => \"<span class=sf-dump-str title=\"27 characters\"> - Mr Shakil Ahmed (CO0187)</span>\"
    <span class=sf-dump-key>100</span> => \"<span class=sf-dump-str title=\"33 characters\">NIPRO JMI Pharma Ltd. -  (CO0190)</span>\"
    <span class=sf-dump-key>101</span> => \"<span class=sf-dump-str title=\"27 characters\">ACG Engineering -  (CO0191)</span>\"
    <span class=sf-dump-key>103</span> => \"<span class=sf-dump-str title=\"35 characters\">TVS AUTO BANGLADESH LTD -  (CO0193)</span>\"
    <span class=sf-dump-key>104</span> => \"<span class=sf-dump-str title=\"41 characters\">Meghna Pulp &amp; Paper Mills Ltd -  (CO0194)</span>\"
    <span class=sf-dump-key>105</span> => \"<span class=sf-dump-str title=\"47 characters\">Kamaphuli Polyester Products Co.Ltd -  (CO0195)</span>\"
    <span class=sf-dump-key>107</span> => \"<span class=sf-dump-str title=\"58 characters\">Reckitt Benckiser Bangladesh - Mr. Sakib Mohtasim (CO0197)</span>\"
    <span class=sf-dump-key>108</span> => \"<span class=sf-dump-str title=\"32 characters\">EMAMI BANGLADESH LTD -  (CO0198)</span>\"
    <span class=sf-dump-key>109</span> => \"<span class=sf-dump-str title=\"67 characters\">Hamza Textiles Ltd.( HTL-DYEING ) - Mr. Md. Tawhidul Islam (CO0199)</span>\"
    <span class=sf-dump-key>110</span> => \"<span class=sf-dump-str title=\"36 characters\">Sea Natural Food Limited -  (CO0200)</span>\"
    <span class=sf-dump-key>111</span> => \"<span class=sf-dump-str title=\"33 characters\">BRB HOSPITALS LIMITED -  (CO0201)</span>\"
    <span class=sf-dump-key>112</span> => \"<span class=sf-dump-str title=\"48 characters\">To Managing Director ,Anfords bd Ltd -  (CO0202)</span>\"
    <span class=sf-dump-key>113</span> => \"<span class=sf-dump-str title=\"35 characters\">YKK Bangladesh Pte Ltd. -  (CO0203)</span>\"
    <span class=sf-dump-key>114</span> => \"<span class=sf-dump-str title=\"49 characters\">Abdul Monem Limited - Mr. Meherul Sarkar (CO0204)</span>\"
    <span class=sf-dump-key>115</span> => \"<span class=sf-dump-str title=\"40 characters\">Smart Polymer Industries Ltd -  (CO0205)</span>\"
    <span class=sf-dump-key>116</span> => \"<span class=sf-dump-str title=\"54 characters\">CP Bangladesh Co.,Ltd, Chuadanga Feed Mill -  (CO0206)</span>\"
    <span class=sf-dump-key>118</span> => \"<span class=sf-dump-str title=\"54 characters\">Managing Director of Denimach Washing<span class=sf-dump-default>\\u{A0}</span>Ltd. -  (CO0208)</span>\"
    <span class=sf-dump-key>119</span> => \"<span class=sf-dump-str title=\"58 characters\">Advanced Chemical Industries Ltd. - Farah Farzana (CO0209)</span>\"
    <span class=sf-dump-key>120</span> => \"<span class=sf-dump-str title=\"60 characters\">Advanced Chemical Industries Ltd. - Mr Tanvir Ahmed (CO0210)</span>\"
    <span class=sf-dump-key>121</span> => \"<span class=sf-dump-str title=\"27 characters\">AKIJ ISPAT LTD. -  (CO0211)</span>\"
    <span class=sf-dump-key>122</span> => \"<span class=sf-dump-str title=\"40 characters\">Eskayef Pharmaceuticals Ltd. -  (CO0212)</span>\"
    <span class=sf-dump-key>123</span> => \"<span class=sf-dump-str title=\"30 characters\">ACI Hygiene Plant. -  (CO0213)</span>\"
    <span class=sf-dump-key>125</span> => \"<span class=sf-dump-str title=\"48 characters\">Julfikar Steel Re-Rolling Mills Ltd. -  (CO0215)</span>\"
    <span class=sf-dump-key>130</span> => \"<span class=sf-dump-str title=\"20 characters\">KOLPOLOK -  (CO0220)</span>\"
    <span class=sf-dump-key>132</span> => \"<span class=sf-dump-str title=\"43 characters\">Neem Sah International -  (Md. Jahid Hasan)</span>\"
    <span class=sf-dump-key>133</span> => \"<span class=sf-dump-str title=\"22 characters\">Salahuddin -  (CO0223)</span>\"
    <span class=sf-dump-key>137</span> => \"<span class=sf-dump-str title=\"48 characters\">Siam City Cement Bangladesh Limited. -  (CO0227)</span>\"
    <span class=sf-dump-key>138</span> => \"<span class=sf-dump-str title=\"62 characters\">Sonargaon Seeds Crushing Mills Ltd. - Mr. Abdul Alim. (CO0228)</span>\"
    <span class=sf-dump-key>140</span> => \"<span class=sf-dump-str title=\"28 characters\">RFL Tank -  (Md. Golam Nobi)</span>\"
    <span class=sf-dump-key>141</span> => \"<span class=sf-dump-str title=\"66 characters\">Bashundhara paper mills Limited. - Saifur Rahman Mozumder (CO0231)</span>\"
    <span class=sf-dump-key>142</span> => \"<span class=sf-dump-str title=\"47 characters\">British American Tobacco Bangladesh -  (CO0232)</span>\"
    <span class=sf-dump-key>144</span> => \"<span class=sf-dump-str title=\"49 characters\">Danish Condensed Milk Bangladesh Ltd. -  (CO0233)</span>\"
    <span class=sf-dump-key>147</span> => \"<span class=sf-dump-str title=\"22 characters\"> - Mr Mahabub (CO0235)</span>\"
    <span class=sf-dump-key>150</span> => \"<span class=sf-dump-str title=\"43 characters\">Healthcare Pharmaceuticals Ltd. -  (CO0238)</span>\"
    <span class=sf-dump-key>151</span> => \"<span class=sf-dump-str title=\"30 characters\">RBD Fibers Limited -  (CO0239)</span>\"
    <span class=sf-dump-key>152</span> => \"<span class=sf-dump-str title=\"28 characters\">PREMIER 1888 LTD -  (CO0240)</span>\"
    <span class=sf-dump-key>153</span> => \"<span class=sf-dump-str title=\"35 characters\">Omera Petroleum Limited -  (CO0241)</span>\"
    <span class=sf-dump-key>154</span> => \"<span class=sf-dump-str title=\"28 characters\">RFL TANK -  (Mr. Golam Nobi)</span>\"
    <span class=sf-dump-key>156</span> => \"<span class=sf-dump-str title=\"36 characters\">Akzochem industries (BD) -  (CO0244)</span>\"
    <span class=sf-dump-key>157</span> => \"<span class=sf-dump-str title=\"37 characters\">DEEPLAID Laborataries Ltd -  (CO0245)</span>\"
    <span class=sf-dump-key>158</span> => \"<span class=sf-dump-str title=\"42 characters\">Abrar Tech Serve International -  (CO0246)</span>\"
    <span class=sf-dump-key>159</span> => \"<span class=sf-dump-str title=\"42 characters\">Abrar Tech Serve International -  (CO0247)</span>\"
    <span class=sf-dump-key>160</span> => \"<span class=sf-dump-str title=\"41 characters\">Unique Cement Industries Ltd. -  (CO0248)</span>\"
    <span class=sf-dump-key>161</span> => \"<span class=sf-dump-str title=\"37 characters\">Tasnim Condensed Milk Ltd -  (CO0249)</span>\"
    <span class=sf-dump-key>162</span> => \"<span class=sf-dump-str title=\"20 characters\"> - Mr Rafat (CO0250)</span>\"
    <span class=sf-dump-key>164</span> => \"<span class=sf-dump-str title=\"28 characters\">Akij Paints Ltd. -  (CO0252)</span>\"
    <span class=sf-dump-key>165</span> => \"<span class=sf-dump-str title=\"25 characters\">Bongo Traders -  (CO0253)</span>\"
    <span class=sf-dump-key>166</span> => \"<span class=sf-dump-str title=\"38 characters\">Sonargaon Flour &amp; Dal Mill -  (CO0254)</span>\"
    <span class=sf-dump-key>167</span> => \"<span class=sf-dump-str title=\"50 characters\">Green Energy System - Mr Md. Tariquzzaman (CO0255)</span>\"
    <span class=sf-dump-key>168</span> => \"<span class=sf-dump-str title=\"20 characters\">Lotus BD -  (CO0256)</span>\"
    <span class=sf-dump-key>169</span> => \"<span class=sf-dump-str title=\"59 characters\">Doreen Power Generations and Systems Limited -  (Mr. Sujit)</span>\"
    <span class=sf-dump-key>170</span> => \"<span class=sf-dump-str title=\"47 characters\">British American Tobacco Bangladesh -  (CO0258)</span>\"
    <span class=sf-dump-key>171</span> => \"<span class=sf-dump-str title=\"42 characters\">Express Washing and Dyeing Ltd -  (CO0259)</span>\"
    <span class=sf-dump-key>172</span> => \"<span class=sf-dump-str title=\"31 characters\">MJ Engineering Ltd. -  (CO0260)</span>\"
    <span class=sf-dump-key>173</span> => \"<span class=sf-dump-str title=\"30 characters\">Jute Alliance Ltd. -  (CO0261)</span>\"
    <span class=sf-dump-key>174</span> => \"<span class=sf-dump-str title=\"48 characters\">Jute Alliance Ltd. - Md. Hafizur Rahman (CO0262)</span>\"
    <span class=sf-dump-key>175</span> => \"<span class=sf-dump-str title=\"33 characters\">Partex Tissue Limited -  (CO0263)</span>\"
    <span class=sf-dump-key>176</span> => \"<span class=sf-dump-str title=\"36 characters\">Akij Steel Mills Limited -  (CO0264)</span>\"
    <span class=sf-dump-key>177</span> => \"<span class=sf-dump-str title=\"34 characters\">ISPAHANI FOODS LIMITED -  (CO0265)</span>\"
    <span class=sf-dump-key>178</span> => \"<span class=sf-dump-str title=\"27 characters\">ZESS TYRE &amp;TUBE -  (CO0266)</span>\"
    <span class=sf-dump-key>179</span> => \"<span class=sf-dump-str title=\"19 characters\">Cynergy -  (CO0267)</span>\"
    <span class=sf-dump-key>180</span> => \"<span class=sf-dump-str title=\"31 characters\">RSPL Health BD Ltd. -  (CO0268)</span>\"
    <span class=sf-dump-key>181</span> => \"<span class=sf-dump-str title=\"31 characters\">ACI Premio Plastics -  (CO0269)</span>\"
    <span class=sf-dump-key>182</span> => \"<span class=sf-dump-str title=\"43 characters\">DESHBANDHU FOOD &amp; BEVERAGE LTD. -  (CO0270)</span>\"
    <span class=sf-dump-key>183</span> => \"<span class=sf-dump-str title=\"31 characters\">Inova International -  (CO0271)</span>\"
    <span class=sf-dump-key>184</span> => \"<span class=sf-dump-str title=\"53 characters\">Akij Polymer Industries LTD - Muntasir Islam (CO0272)</span>\"
    <span class=sf-dump-key>185</span> => \"<span class=sf-dump-str title=\"124 characters\">Department of Applied Chemistry and Chemical Engineering Faculty of Engineering and Technology -  (Dr. A.N.M. Hamidul Kabir)</span>\"
    <span class=sf-dump-key>186</span> => \"<span class=sf-dump-str title=\"43 characters\">RAJ LANKA POWER COMPANY LIMITED -  (CO0274)</span>\"
    <span class=sf-dump-key>187</span> => \"<span class=sf-dump-str title=\"39 characters\">ACI Pharma - Mr. Tanvir Ahmed. (CO0275)</span>\"
    <span class=sf-dump-key>188</span> => \"<span class=sf-dump-str title=\"33 characters\">ARC Manufacturing Ltd -  (CO0276)</span>\"
    <span class=sf-dump-key>189</span> => \"<span class=sf-dump-str title=\"25 characters\">UNION LIMITED -  (CO0277)</span>\"
    <span class=sf-dump-key>190</span> => \"<span class=sf-dump-str title=\"23 characters\">OMC LIMITED -  (CO0278)</span>\"
    <span class=sf-dump-key>191</span> => \"<span class=sf-dump-str title=\"40 characters\">Healthcare Chemicals Limited -  (CO0279)</span>\"
    <span class=sf-dump-key>192</span> => \"<span class=sf-dump-str title=\"35 characters\">PADMA FEED &amp; CHICKS LTD -  (CO0280)</span>\"
    <span class=sf-dump-key>193</span> => \"<span class=sf-dump-str title=\"64 characters\">Healthcare Formulations Limited - Mr. Md. Mosiur Rahman (CO0281)</span>\"
    <span class=sf-dump-key>194</span> => \"<span class=sf-dump-str title=\"21 characters\"> - Mr Billal (CO0282)</span>\"
    <span class=sf-dump-key>195</span> => \"<span class=sf-dump-str title=\"50 characters\">S-Engineering &amp; FM - Mr.  Md. Ruhul Amin. (CO0283)</span>\"
    <span class=sf-dump-key>196</span> => \"<span class=sf-dump-str title=\"54 characters\">Rising Spinning Mills<span class=sf-dump-default>\\u{A0}</span>Ltd. - Mr. Rokonuzzaman (CO0284)</span>\"
    <span class=sf-dump-key>197</span> => \"<span class=sf-dump-str title=\"42 characters\">Inova International -  (Shahadat Mojumder)</span>\"
    <span class=sf-dump-key>198</span> => \"<span class=sf-dump-str title=\"43 characters\">ACI Formulations Limited -  (MD. SAKIB MIA)</span>\"
  </samp>]
  #<span class=sf-dump-protected title=\"Protected property\">escapeWhenCastingToString</span>: <span class=sf-dump-const>false</span>
</samp>}
</pre><script>Sfdump(\"sf-dump-804528727\", {\"maxDepth\":3,\"maxStringLength\":160})</script>
","created_by":"<pre class=sf-dump id=sf-dump-485658496 data-indent-pad=\"  \"><span class=sf-dump-note>Illuminate\\Support\\Collection</span> {<a class=sf-dump-ref>#3033</a><samp data-depth=1 class=sf-dump-expanded>
  #<span class=sf-dump-protected title=\"Protected property\">items</span>: <span class=sf-dump-note>array:10</span> [<samp data-depth=2 class=sf-dump-compact>
    \"\" => \"<span class=sf-dump-str title=\"3 characters\">All</span>\"
    <span class=sf-dump-key>1</span> => \"<span class=sf-dump-str title=\"13 characters\"> System Admin</span>\"
    <span class=sf-dump-key>2</span> => \"<span class=sf-dump-str title=\"14 characters\">Mr. Tamim Khan</span>\"
    <span class=sf-dump-key>3</span> => \"<span class=sf-dump-str title=\"16 characters\">Mr. Raihan kabir</span>\"
    <span class=sf-dump-key>4</span> => \"<span class=sf-dump-str title=\"16 characters\">Mr. Ariful Islam</span>\"
    <span class=sf-dump-key>5</span> => \"<span class=sf-dump-str title=\"19 characters\">Mr. Neshad Siddique</span>\"
    <span class=sf-dump-key>6</span> => \"<span class=sf-dump-str title=\"16 characters\">Mr. Naimul Hasan</span>\"
    <span class=sf-dump-key>7</span> => \"<span class=sf-dump-str title=\"22 characters\">Mr. Sabbir Ahmed Shuvo</span>\"
    <span class=sf-dump-key>8</span> => \"<span class=sf-dump-str title=\"11 characters\">Mr. Billal </span>\"
    <span class=sf-dump-key>9</span> => \"<span class=sf-dump-str title=\"21 characters\">Mr. Md Al Amin Mondol</span>\"
  </samp>]
  #<span class=sf-dump-protected title=\"Protected property\">escapeWhenCastingToString</span>: <span class=sf-dump-const>false</span>
</samp>}
</pre><script>Sfdump(\"sf-dump-485658496\", {\"maxDepth\":3,\"maxStringLength\":160})</script>
","enabled_modules":"<pre class=sf-dump id=sf-dump-1534356697 data-indent-pad=\"  \"><span class=sf-dump-note>array:5</span> [<samp data-depth=1 class=sf-dump-expanded>
  <span class=sf-dump-index>0</span> => \"<span class=sf-dump-str title=\"9 characters\">purchases</span>\"
  <span class=sf-dump-index>1</span> => \"<span class=sf-dump-str title=\"8 characters\">add_sale</span>\"
  <span class=sf-dump-index>2</span> => \"<span class=sf-dump-str title=\"8 characters\">pos_sale</span>\"
  <span class=sf-dump-index>3</span> => \"<span class=sf-dump-str title=\"8 characters\">expenses</span>\"
  <span class=sf-dump-index>4</span> => \"<span class=sf-dump-str title=\"7 characters\">account</span>\"
</samp>]
</pre><script>Sfdump(\"sf-dump-1534356697\", {\"maxDepth\":3,\"maxStringLength\":160})</script>
","__is_pusher_enabled":"<pre class=sf-dump id=sf-dump-2144702039 data-indent-pad=\"  \"><span class=sf-dump-const>false</span>
</pre><script>Sfdump(\"sf-dump-2144702039\", {\"maxDepth\":3,\"maxStringLength\":160})</script>
"}},"userId":1,"exception":"[object] (Spatie\\LaravelIgnition\\Exceptions\\ViewException(code: 0): Action ReportController@getBillDueReport not defined. at E:\\wamp64\\www\\techsense\\vendor\\laravel\\framework\\src\\Illuminate\\Routing\\UrlGenerator.php:510)
[stacktrace]
#0 E:\\wamp64\\www\\techsense\\vendor\\laravel\\framework\\src\\Illuminate\\Foundation\\helpers.php(102): Illuminate\\Routing\\UrlGenerator->action('ReportControlle...', Array, true)
#1 E:\\wamp64\\www\\techsense\\resources\\views\\report\\partials\\bill_due_report.blade.php(95): action('ReportControlle...')
#2 E:\\wamp64\\www\\techsense\\vendor\\laravel\\framework\\src\\Illuminate\\Filesystem\\Filesystem.php(109): require('E:\\\\wamp64\\\\www\\\\t...')
#3 E:\\wamp64\\www\\techsense\\vendor\\laravel\\framework\\src\\Illuminate\\Filesystem\\Filesystem.php(110): Illuminate\\Filesystem\\Filesystem::Illuminate\\Filesystem\\{closure}()
#4 E:\\wamp64\\www\\techsense\\vendor\\laravel\\framework\\src\\Illuminate\\View\\Engines\\PhpEngine.php(58): Illuminate\\Filesystem\\Filesystem->getRequire('E:\\\\wamp64\\\\www\\\\t...', Array)
#5 E:\\wamp64\\www\\techsense\\vendor\\laravel\\framework\\src\\Illuminate\\View\\Engines\\CompilerEngine.php(70): Illuminate\\View\\Engines\\PhpEngine->evaluatePath('E:\\\\wamp64\\\\www\\\\t...', Array)
#6 E:\\wamp64\\www\\techsense\\vendor\\laravel\\framework\\src\\Illuminate\\View\\View.php(195): Illuminate\\View\\Engines\\CompilerEngine->get('E:\\\\wamp64\\\\www\\\\t...', Array)
#7 E:\\wamp64\\www\\techsense\\vendor\\laravel\\framework\\src\\Illuminate\\View\\View.php(178): Illuminate\\View\\View->getContents()
#8 E:\\wamp64\\www\\techsense\\vendor\\laravel\\framework\\src\\Illuminate\\View\\View.php(147): Illuminate\\View\\View->renderContents()
#9 E:\\wamp64\\www\\techsense\\vendor\\laravel\\framework\\src\\Illuminate\\Http\\Response.php(69): Illuminate\\View\\View->render()
#10 E:\\wamp64\\www\\techsense\\vendor\\laravel\\framework\\src\\Illuminate\\Http\\Response.php(35): Illuminate\\Http\\Response->setContent(Object(Illuminate\\View\\View))
#11 E:\\wamp64\\www\\techsense\\vendor\\laravel\\framework\\src\\Illuminate\\Routing\\Router.php(906): Illuminate\\Http\\Response->__construct(Object(Illuminate\\View\\View), 200, Array)
#12 E:\\wamp64\\www\\techsense\\vendor\\laravel\\framework\\src\\Illuminate\\Routing\\Router.php(875): Illuminate\\Routing\\Router::toResponse(Object(Illuminate\\Http\\Request), Object(Illuminate\\View\\View))
#13 E:\\wamp64\\www\\techsense\\vendor\\laravel\\framework\\src\\Illuminate\\Routing\\Router.php(797): Illuminate\\Routing\\Router->prepareResponse(Object(Illuminate\\Http\\Request), Object(Illuminate\\View\\View))
#14 E:\\wamp64\\www\\techsense\\vendor\\laravel\\framework\\src\\Illuminate\\Pipeline\\Pipeline.php(141): Illuminate\\Routing\\Router->Illuminate\\Routing\\{closure}(Object(Illuminate\\Http\\Request))
#15 E:\\wamp64\\www\\techsense\\app\\Http\\Middleware\\CheckUserLogin.php(22): Illuminate\\Pipeline\\Pipeline->Illuminate\\Pipeline\\{closure}(Object(Illuminate\\Http\\Request))
#16 E:\\wamp64\\www\\techsense\\vendor\\laravel\\framework\\src\\Illuminate\\Pipeline\\Pipeline.php(180): App\\Http\\Middleware\\CheckUserLogin->handle(Object(Illuminate\\Http\\Request), Object(Closure))
#17 E:\\wamp64\\www\\techsense\\app\\Http\\Middleware\\AdminSidebarMenu.php(805): Illuminate\\Pipeline\\Pipeline->Illuminate\\Pipeline\\{closure}(Object(Illuminate\\Http\\Request))
#18 E:\\wamp64\\www\\techsense\\vendor\\laravel\\framework\\src\\Illuminate\\Pipeline\\Pipeline.php(180): App\\Http\\Middleware\\AdminSidebarMenu->handle(Object(Illuminate\\Http\\Request), Object(Closure))
#19 E:\\wamp64\\www\\techsense\\app\\Http\\Middleware\\Timezone.php(30): Illuminate\\Pipeline\\Pipeline->Illuminate\\Pipeline\\{closure}(Object(Illuminate\\Http\\Request))
#20 E:\\wamp64\\www\\techsense\\vendor\\laravel\\framework\\src\\Illuminate\\Pipeline\\Pipeline.php(180): App\\Http\\Middleware\\Timezone->handle(Object(Illuminate\\Http\\Request), Object(Closure))
#21 E:\\wamp64\\www\\techsense\\app\\Http\\Middleware\\Language.php(25): Illuminate\\Pipeline\\Pipeline->Illuminate\\Pipeline\\{closure}(Object(Illuminate\\Http\\Request))
#22 E:\\wamp64\\www\\techsense\\vendor\\laravel\\framework\\src\\Illuminate\\Pipeline\\Pipeline.php(180): App\\Http\\Middleware\\Language->handle(Object(Illuminate\\Http\\Request), Object(Closure))
#23 E:\\wamp64\\www\\techsense\\app\\Http\\Middleware\\SetSessionData.php(52): Illuminate\\Pipeline\\Pipeline->Illuminate\\Pipeline\\{closure}(Object(Illuminate\\Http\\Request))
#24 E:\\wamp64\\www\\techsense\\vendor\\laravel\\framework\\src\\Illuminate\\Pipeline\\Pipeline.php(180): App\\Http\\Middleware\\SetSessionData->handle(Object(Illuminate\\Http\\Request), Object(Closure))
#25 E:\\wamp64\\www\\techsense\\app\\Http\\Middleware\\IsInstalled.php(50): Illuminate\\Pipeline\\Pipeline->Illuminate\\Pipeline\\{closure}(Object(Illuminate\\Http\\Request))
#26 E:\\wamp64\\www\\techsense\\vendor\\laravel\\framework\\src\\Illuminate\\Pipeline\\Pipeline.php(180): App\\Http\\Middleware\\IsInstalled->handle(Object(Illuminate\\Http\\Request), Object(Closure))
#27 E:\\wamp64\\www\\techsense\\vendor\\laravel\\framework\\src\\Illuminate\\Routing\\Middleware\\SubstituteBindings.php(50): Illuminate\\Pipeline\\Pipeline->Illuminate\\Pipeline\\{closure}(Object(Illuminate\\Http\\Request))
#28 E:\\wamp64\\www\\techsense\\vendor\\laravel\\framework\\src\\Illuminate\\Pipeline\\Pipeline.php(180): Illuminate\\Routing\\Middleware\\SubstituteBindings->handle(Object(Illuminate\\Http\\Request), Object(Closure))
#29 E:\\wamp64\\www\\techsense\\vendor\\laravel\\framework\\src\\Illuminate\\Auth\\Middleware\\Authenticate.php(44): Illuminate\\Pipeline\\Pipeline->Illuminate\\Pipeline\\{closure}(Object(Illuminate\\Http\\Request))
#30 E:\\wamp64\\www\\techsense\\vendor\\laravel\\framework\\src\\Illuminate\\Pipeline\\Pipeline.php(180): Illuminate\\Auth\\Middleware\\Authenticate->handle(Object(Illuminate\\Http\\Request), Object(Closure))
#31 E:\\wamp64\\www\\techsense\\vendor\\laravel\\framework\\src\\Illuminate\\Foundation\\Http\\Middleware\\VerifyCsrfToken.php(78): Illuminate\\Pipeline\\Pipeline->Illuminate\\Pipeline\\{closure}(Object(Illuminate\\Http\\Request))
#32 E:\\wamp64\\www\\techsense\\vendor\\laravel\\framework\\src\\Illuminate\\Pipeline\\Pipeline.php(180): Illuminate\\Foundation\\Http\\Middleware\\VerifyCsrfToken->handle(Object(Illuminate\\Http\\Request), Object(Closure))
#33 E:\\wamp64\\www\\techsense\\vendor\\laravel\\framework\\src\\Illuminate\\View\\Middleware\\ShareErrorsFromSession.php(49): Illuminate\\Pipeline\\Pipeline->Illuminate\\Pipeline\\{closure}(Object(Illuminate\\Http\\Request))
#34 E:\\wamp64\\www\\techsense\\vendor\\laravel\\framework\\src\\Illuminate\\Pipeline\\Pipeline.php(180): Illuminate\\View\\Middleware\\ShareErrorsFromSession->handle(Object(Illuminate\\Http\\Request), Object(Closure))
#35 E:\\wamp64\\www\\techsense\\vendor\\laravel\\framework\\src\\Illuminate\\Session\\Middleware\\StartSession.php(121): Illuminate\\Pipeline\\Pipeline->Illuminate\\Pipeline\\{closure}(Object(Illuminate\\Http\\Request))
#36 E:\\wamp64\\www\\techsense\\vendor\\laravel\\framework\\src\\Illuminate\\Session\\Middleware\\StartSession.php(64): Illuminate\\Session\\Middleware\\StartSession->handleStatefulRequest(Object(Illuminate\\Http\\Request), Object(Illuminate\\Session\\Store), Object(Closure))
#37 E:\\wamp64\\www\\techsense\\vendor\\laravel\\framework\\src\\Illuminate\\Pipeline\\Pipeline.php(180): Illuminate\\Session\\Middleware\\StartSession->handle(Object(Illuminate\\Http\\Request), Object(Closure))
#38 E:\\wamp64\\www\\techsense\\vendor\\laravel\\framework\\src\\Illuminate\\Cookie\\Middleware\\AddQueuedCookiesToResponse.php(37): Illuminate\\Pipeline\\Pipeline->Illuminate\\Pipeline\\{closure}(Object(Illuminate\\Http\\Request))
#39 E:\\wamp64\\www\\techsense\\vendor\\laravel\\framework\\src\\Illuminate\\Pipeline\\Pipeline.php(180): Illuminate\\Cookie\\Middleware\\AddQueuedCookiesToResponse->handle(Object(Illuminate\\Http\\Request), Object(Closure))
#40 E:\\wamp64\\www\\techsense\\vendor\\laravel\\framework\\src\\Illuminate\\Cookie\\Middleware\\EncryptCookies.php(67): Illuminate\\Pipeline\\Pipeline->Illuminate\\Pipeline\\{closure}(Object(Illuminate\\Http\\Request))
#41 E:\\wamp64\\www\\techsense\\vendor\\laravel\\framework\\src\\Illuminate\\Pipeline\\Pipeline.php(180): Illuminate\\Cookie\\Middleware\\EncryptCookies->handle(Object(Illuminate\\Http\\Request), Object(Closure))
#42 E:\\wamp64\\www\\techsense\\vendor\\laravel\\framework\\src\\Illuminate\\Pipeline\\Pipeline.php(116): Illuminate\\Pipeline\\Pipeline->Illuminate\\Pipeline\\{closure}(Object(Illuminate\\Http\\Request))
#43 E:\\wamp64\\www\\techsense\\vendor\\laravel\\framework\\src\\Illuminate\\Routing\\Router.php(797): Illuminate\\Pipeline\\Pipeline->then(Object(Closure))
#44 E:\\wamp64\\www\\techsense\\vendor\\laravel\\framework\\src\\Illuminate\\Routing\\Router.php(776): Illuminate\\Routing\\Router->runRouteWithinStack(Object(Illuminate\\Routing\\Route), Object(Illuminate\\Http\\Request))
#45 E:\\wamp64\\www\\techsense\\vendor\\laravel\\framework\\src\\Illuminate\\Routing\\Router.php(740): Illuminate\\Routing\\Router->runRoute(Object(Illuminate\\Http\\Request), Object(Illuminate\\Routing\\Route))
#46 E:\\wamp64\\www\\techsense\\vendor\\laravel\\framework\\src\\Illuminate\\Routing\\Router.php(729): Illuminate\\Routing\\Router->dispatchToRoute(Object(Illuminate\\Http\\Request))
#47 E:\\wamp64\\www\\techsense\\vendor\\laravel\\framework\\src\\Illuminate\\Foundation\\Http\\Kernel.php(190): Illuminate\\Routing\\Router->dispatch(Object(Illuminate\\Http\\Request))
#48 E:\\wamp64\\www\\techsense\\vendor\\laravel\\framework\\src\\Illuminate\\Pipeline\\Pipeline.php(141): Illuminate\\Foundation\\Http\\Kernel->Illuminate\\Foundation\\Http\\{closure}(Object(Illuminate\\Http\\Request))
#49 E:\\wamp64\\www\\techsense\\vendor\\barryvdh\\laravel-debugbar\\src\\Middleware\\InjectDebugbar.php(59): Illuminate\\Pipeline\\Pipeline->Illuminate\\Pipeline\\{closure}(Object(Illuminate\\Http\\Request))
#50 E:\\wamp64\\www\\techsense\\vendor\\laravel\\framework\\src\\Illuminate\\Pipeline\\Pipeline.php(180): Barryvdh\\Debugbar\\Middleware\\InjectDebugbar->handle(Object(Illuminate\\Http\\Request), Object(Closure))
#51 E:\\wamp64\\www\\techsense\\vendor\\laravel\\framework\\src\\Illuminate\\Foundation\\Http\\Middleware\\TransformsRequest.php(21): Illuminate\\Pipeline\\Pipeline->Illuminate\\Pipeline\\{closure}(Object(Illuminate\\Http\\Request))
#52 E:\\wamp64\\www\\techsense\\vendor\\laravel\\framework\\src\\Illuminate\\Foundation\\Http\\Middleware\\ConvertEmptyStringsToNull.php(31): Illuminate\\Foundation\\Http\\Middleware\\TransformsRequest->handle(Object(Illuminate\\Http\\Request), Object(Closure))
#53 E:\\wamp64\\www\\techsense\\vendor\\laravel\\framework\\src\\Illuminate\\Pipeline\\Pipeline.php(180): Illuminate\\Foundation\\Http\\Middleware\\ConvertEmptyStringsToNull->handle(Object(Illuminate\\Http\\Request), Object(Closure))
#54 E:\\wamp64\\www\\techsense\\vendor\\laravel\\framework\\src\\Illuminate\\Foundation\\Http\\Middleware\\TransformsRequest.php(21): Illuminate\\Pipeline\\Pipeline->Illuminate\\Pipeline\\{closure}(Object(Illuminate\\Http\\Request))
#55 E:\\wamp64\\www\\techsense\\vendor\\laravel\\framework\\src\\Illuminate\\Foundation\\Http\\Middleware\\TrimStrings.php(40): Illuminate\\Foundation\\Http\\Middleware\\TransformsRequest->handle(Object(Illuminate\\Http\\Request), Object(Closure))
#56 E:\\wamp64\\www\\techsense\\vendor\\laravel\\framework\\src\\Illuminate\\Pipeline\\Pipeline.php(180): Illuminate\\Foundation\\Http\\Middleware\\TrimStrings->handle(Object(Illuminate\\Http\\Request), Object(Closure))
#57 E:\\wamp64\\www\\techsense\\vendor\\laravel\\framework\\src\\Illuminate\\Foundation\\Http\\Middleware\\ValidatePostSize.php(27): Illuminate\\Pipeline\\Pipeline->Illuminate\\Pipeline\\{closure}(Object(Illuminate\\Http\\Request))
#58 E:\\wamp64\\www\\techsense\\vendor\\laravel\\framework\\src\\Illuminate\\Pipeline\\Pipeline.php(180): Illuminate\\Foundation\\Http\\Middleware\\ValidatePostSize->handle(Object(Illuminate\\Http\\Request), Object(Closure))
#59 E:\\wamp64\\www\\techsense\\vendor\\laravel\\framework\\src\\Illuminate\\Foundation\\Http\\Middleware\\PreventRequestsDuringMaintenance.php(86): Illuminate\\Pipeline\\Pipeline->Illuminate\\Pipeline\\{closure}(Object(Illuminate\\Http\\Request))
#60 E:\\wamp64\\www\\techsense\\vendor\\laravel\\framework\\src\\Illuminate\\Pipeline\\Pipeline.php(180): Illuminate\\Foundation\\Http\\Middleware\\PreventRequestsDuringMaintenance->handle(Object(Illuminate\\Http\\Request), Object(Closure))
#61 E:\\wamp64\\www\\techsense\\vendor\\laravel\\framework\\src\\Illuminate\\Http\\Middleware\\HandleCors.php(49): Illuminate\\Pipeline\\Pipeline->Illuminate\\Pipeline\\{closure}(Object(Illuminate\\Http\\Request))
#62 E:\\wamp64\\www\\techsense\\vendor\\laravel\\framework\\src\\Illuminate\\Pipeline\\Pipeline.php(180): Illuminate\\Http\\Middleware\\HandleCors->handle(Object(Illuminate\\Http\\Request), Object(Closure))
#63 E:\\wamp64\\www\\techsense\\vendor\\laravel\\framework\\src\\Illuminate\\Http\\Middleware\\TrustProxies.php(39): Illuminate\\Pipeline\\Pipeline->Illuminate\\Pipeline\\{closure}(Object(Illuminate\\Http\\Request))
#64 E:\\wamp64\\www\\techsense\\vendor\\laravel\\framework\\src\\Illuminate\\Pipeline\\Pipeline.php(180): Illuminate\\Http\\Middleware\\TrustProxies->handle(Object(Illuminate\\Http\\Request), Object(Closure))
#65 E:\\wamp64\\www\\techsense\\vendor\\laravel\\framework\\src\\Illuminate\\Pipeline\\Pipeline.php(116): Illuminate\\Pipeline\\Pipeline->Illuminate\\Pipeline\\{closure}(Object(Illuminate\\Http\\Request))
#66 E:\\wamp64\\www\\techsense\\vendor\\laravel\\framework\\src\\Illuminate\\Foundation\\Http\\Kernel.php(165): Illuminate\\Pipeline\\Pipeline->then(Object(Closure))
#67 E:\\wamp64\\www\\techsense\\vendor\\laravel\\framework\\src\\Illuminate\\Foundation\\Http\\Kernel.php(134): Illuminate\\Foundation\\Http\\Kernel->sendRequestThroughRouter(Object(Illuminate\\Http\\Request))
#68 E:\\wamp64\\www\\techsense\\public\\index.php(51): Illuminate\\Foundation\\Http\\Kernel->handle(Object(Illuminate\\Http\\Request))
#69 E:\\wamp64\\www\\techsense\\vendor\\laravel\\framework\\src\\Illuminate\\Foundation\\resources\\server.php(16): require_once('E:\\\\wamp64\\\\www\\\\t...')
#70 {main}

[previous exception] [object] (InvalidArgumentException(code: 0): Action ReportController@getBillDueReport not defined. at E:\\wamp64\\www\\techsense\\vendor\\laravel\\framework\\src\\Illuminate\\Routing\\UrlGenerator.php:510)
[stacktrace]
#0 E:\\wamp64\\www\\techsense\\vendor\\laravel\\framework\\src\\Illuminate\\Foundation\\helpers.php(102): Illuminate\\Routing\\UrlGenerator->action('ReportControlle...', Array, true)
#1 E:\\wamp64\\www\\techsense\\storage\\framework\\views\\fcf6a4592deb3f44ce20301d41f3afe9aa6eca49.php(103): action('ReportControlle...')
#2 E:\\wamp64\\www\\techsense\\vendor\\laravel\\framework\\src\\Illuminate\\Filesystem\\Filesystem.php(109): require('E:\\\\wamp64\\\\www\\\\t...')
#3 E:\\wamp64\\www\\techsense\\vendor\\laravel\\framework\\src\\Illuminate\\Filesystem\\Filesystem.php(110): Illuminate\\Filesystem\\Filesystem::Illuminate\\Filesystem\\{closure}()
#4 E:\\wamp64\\www\\techsense\\vendor\\laravel\\framework\\src\\Illuminate\\View\\Engines\\PhpEngine.php(58): Illuminate\\Filesystem\\Filesystem->getRequire('E:\\\\wamp64\\\\www\\\\t...', Array)
#5 E:\\wamp64\\www\\techsense\\vendor\\laravel\\framework\\src\\Illuminate\\View\\Engines\\CompilerEngine.php(70): Illuminate\\View\\Engines\\PhpEngine->evaluatePath('E:\\\\wamp64\\\\www\\\\t...', Array)
#6 E:\\wamp64\\www\\techsense\\vendor\\laravel\\framework\\src\\Illuminate\\View\\View.php(195): Illuminate\\View\\Engines\\CompilerEngine->get('E:\\\\wamp64\\\\www\\\\t...', Array)
#7 E:\\wamp64\\www\\techsense\\vendor\\laravel\\framework\\src\\Illuminate\\View\\View.php(178): Illuminate\\View\\View->getContents()
#8 E:\\wamp64\\www\\techsense\\vendor\\laravel\\framework\\src\\Illuminate\\View\\View.php(147): Illuminate\\View\\View->renderContents()
#9 E:\\wamp64\\www\\techsense\\vendor\\laravel\\framework\\src\\Illuminate\\Http\\Response.php(69): Illuminate\\View\\View->render()
#10 E:\\wamp64\\www\\techsense\\vendor\\laravel\\framework\\src\\Illuminate\\Http\\Response.php(35): Illuminate\\Http\\Response->setContent(Object(Illuminate\\View\\View))
#11 E:\\wamp64\\www\\techsense\\vendor\\laravel\\framework\\src\\Illuminate\\Routing\\Router.php(906): Illuminate\\Http\\Response->__construct(Object(Illuminate\\View\\View), 200, Array)
#12 E:\\wamp64\\www\\techsense\\vendor\\laravel\\framework\\src\\Illuminate\\Routing\\Router.php(875): Illuminate\\Routing\\Router::toResponse(Object(Illuminate\\Http\\Request), Object(Illuminate\\View\\View))
#13 E:\\wamp64\\www\\techsense\\vendor\\laravel\\framework\\src\\Illuminate\\Routing\\Router.php(797): Illuminate\\Routing\\Router->prepareResponse(Object(Illuminate\\Http\\Request), Object(Illuminate\\View\\View))
#14 E:\\wamp64\\www\\techsense\\vendor\\laravel\\framework\\src\\Illuminate\\Pipeline\\Pipeline.php(141): Illuminate\\Routing\\Router->Illuminate\\Routing\\{closure}(Object(Illuminate\\Http\\Request))
#15 E:\\wamp64\\www\\techsense\\app\\Http\\Middleware\\CheckUserLogin.php(22): Illuminate\\Pipeline\\Pipeline->Illuminate\\Pipeline\\{closure}(Object(Illuminate\\Http\\Request))
#16 E:\\wamp64\\www\\techsense\\vendor\\laravel\\framework\\src\\Illuminate\\Pipeline\\Pipeline.php(180): App\\Http\\Middleware\\CheckUserLogin->handle(Object(Illuminate\\Http\\Request), Object(Closure))
#17 E:\\wamp64\\www\\techsense\\app\\Http\\Middleware\\AdminSidebarMenu.php(805): Illuminate\\Pipeline\\Pipeline->Illuminate\\Pipeline\\{closure}(Object(Illuminate\\Http\\Request))
#18 E:\\wamp64\\www\\techsense\\vendor\\laravel\\framework\\src\\Illuminate\\Pipeline\\Pipeline.php(180): App\\Http\\Middleware\\AdminSidebarMenu->handle(Object(Illuminate\\Http\\Request), Object(Closure))
#19 E:\\wamp64\\www\\techsense\\app\\Http\\Middleware\\Timezone.php(30): Illuminate\\Pipeline\\Pipeline->Illuminate\\Pipeline\\{closure}(Object(Illuminate\\Http\\Request))
#20 E:\\wamp64\\www\\techsense\\vendor\\laravel\\framework\\src\\Illuminate\\Pipeline\\Pipeline.php(180): App\\Http\\Middleware\\Timezone->handle(Object(Illuminate\\Http\\Request), Object(Closure))
#21 E:\\wamp64\\www\\techsense\\app\\Http\\Middleware\\Language.php(25): Illuminate\\Pipeline\\Pipeline->Illuminate\\Pipeline\\{closure}(Object(Illuminate\\Http\\Request))
#22 E:\\wamp64\\www\\techsense\\vendor\\laravel\\framework\\src\\Illuminate\\Pipeline\\Pipeline.php(180): App\\Http\\Middleware\\Language->handle(Object(Illuminate\\Http\\Request), Object(Closure))
#23 E:\\wamp64\\www\\techsense\\app\\Http\\Middleware\\SetSessionData.php(52): Illuminate\\Pipeline\\Pipeline->Illuminate\\Pipeline\\{closure}(Object(Illuminate\\Http\\Request))
#24 E:\\wamp64\\www\\techsense\\vendor\\laravel\\framework\\src\\Illuminate\\Pipeline\\Pipeline.php(180): App\\Http\\Middleware\\SetSessionData->handle(Object(Illuminate\\Http\\Request), Object(Closure))
#25 E:\\wamp64\\www\\techsense\\app\\Http\\Middleware\\IsInstalled.php(50): Illuminate\\Pipeline\\Pipeline->Illuminate\\Pipeline\\{closure}(Object(Illuminate\\Http\\Request))
#26 E:\\wamp64\\www\\techsense\\vendor\\laravel\\framework\\src\\Illuminate\\Pipeline\\Pipeline.php(180): App\\Http\\Middleware\\IsInstalled->handle(Object(Illuminate\\Http\\Request), Object(Closure))
#27 E:\\wamp64\\www\\techsense\\vendor\\laravel\\framework\\src\\Illuminate\\Routing\\Middleware\\SubstituteBindings.php(50): Illuminate\\Pipeline\\Pipeline->Illuminate\\Pipeline\\{closure}(Object(Illuminate\\Http\\Request))
#28 E:\\wamp64\\www\\techsense\\vendor\\laravel\\framework\\src\\Illuminate\\Pipeline\\Pipeline.php(180): Illuminate\\Routing\\Middleware\\SubstituteBindings->handle(Object(Illuminate\\Http\\Request), Object(Closure))
#29 E:\\wamp64\\www\\techsense\\vendor\\laravel\\framework\\src\\Illuminate\\Auth\\Middleware\\Authenticate.php(44): Illuminate\\Pipeline\\Pipeline->Illuminate\\Pipeline\\{closure}(Object(Illuminate\\Http\\Request))
#30 E:\\wamp64\\www\\techsense\\vendor\\laravel\\framework\\src\\Illuminate\\Pipeline\\Pipeline.php(180): Illuminate\\Auth\\Middleware\\Authenticate->handle(Object(Illuminate\\Http\\Request), Object(Closure))
#31 E:\\wamp64\\www\\techsense\\vendor\\laravel\\framework\\src\\Illuminate\\Foundation\\Http\\Middleware\\VerifyCsrfToken.php(78): Illuminate\\Pipeline\\Pipeline->Illuminate\\Pipeline\\{closure}(Object(Illuminate\\Http\\Request))
#32 E:\\wamp64\\www\\techsense\\vendor\\laravel\\framework\\src\\Illuminate\\Pipeline\\Pipeline.php(180): Illuminate\\Foundation\\Http\\Middleware\\VerifyCsrfToken->handle(Object(Illuminate\\Http\\Request), Object(Closure))
#33 E:\\wamp64\\www\\techsense\\vendor\\laravel\\framework\\src\\Illuminate\\View\\Middleware\\ShareErrorsFromSession.php(49): Illuminate\\Pipeline\\Pipeline->Illuminate\\Pipeline\\{closure}(Object(Illuminate\\Http\\Request))
#34 E:\\wamp64\\www\\techsense\\vendor\\laravel\\framework\\src\\Illuminate\\Pipeline\\Pipeline.php(180): Illuminate\\View\\Middleware\\ShareErrorsFromSession->handle(Object(Illuminate\\Http\\Request), Object(Closure))
#35 E:\\wamp64\\www\\techsense\\vendor\\laravel\\framework\\src\\Illuminate\\Session\\Middleware\\StartSession.php(121): Illuminate\\Pipeline\\Pipeline->Illuminate\\Pipeline\\{closure}(Object(Illuminate\\Http\\Request))
#36 E:\\wamp64\\www\\techsense\\vendor\\laravel\\framework\\src\\Illuminate\\Session\\Middleware\\StartSession.php(64): Illuminate\\Session\\Middleware\\StartSession->handleStatefulRequest(Object(Illuminate\\Http\\Request), Object(Illuminate\\Session\\Store), Object(Closure))
#37 E:\\wamp64\\www\\techsense\\vendor\\laravel\\framework\\src\\Illuminate\\Pipeline\\Pipeline.php(180): Illuminate\\Session\\Middleware\\StartSession->handle(Object(Illuminate\\Http\\Request), Object(Closure))
#38 E:\\wamp64\\www\\techsense\\vendor\\laravel\\framework\\src\\Illuminate\\Cookie\\Middleware\\AddQueuedCookiesToResponse.php(37): Illuminate\\Pipeline\\Pipeline->Illuminate\\Pipeline\\{closure}(Object(Illuminate\\Http\\Request))
#39 E:\\wamp64\\www\\techsense\\vendor\\laravel\\framework\\src\\Illuminate\\Pipeline\\Pipeline.php(180): Illuminate\\Cookie\\Middleware\\AddQueuedCookiesToResponse->handle(Object(Illuminate\\Http\\Request), Object(Closure))
#40 E:\\wamp64\\www\\techsense\\vendor\\laravel\\framework\\src\\Illuminate\\Cookie\\Middleware\\EncryptCookies.php(67): Illuminate\\Pipeline\\Pipeline->Illuminate\\Pipeline\\{closure}(Object(Illuminate\\Http\\Request))
#41 E:\\wamp64\\www\\techsense\\vendor\\laravel\\framework\\src\\Illuminate\\Pipeline\\Pipeline.php(180): Illuminate\\Cookie\\Middleware\\EncryptCookies->handle(Object(Illuminate\\Http\\Request), Object(Closure))
#42 E:\\wamp64\\www\\techsense\\vendor\\laravel\\framework\\src\\Illuminate\\Pipeline\\Pipeline.php(116): Illuminate\\Pipeline\\Pipeline->Illuminate\\Pipeline\\{closure}(Object(Illuminate\\Http\\Request))
#43 E:\\wamp64\\www\\techsense\\vendor\\laravel\\framework\\src\\Illuminate\\Routing\\Router.php(797): Illuminate\\Pipeline\\Pipeline->then(Object(Closure))
#44 E:\\wamp64\\www\\techsense\\vendor\\laravel\\framework\\src\\Illuminate\\Routing\\Router.php(776): Illuminate\\Routing\\Router->runRouteWithinStack(Object(Illuminate\\Routing\\Route), Object(Illuminate\\Http\\Request))
#45 E:\\wamp64\\www\\techsense\\vendor\\laravel\\framework\\src\\Illuminate\\Routing\\Router.php(740): Illuminate\\Routing\\Router->runRoute(Object(Illuminate\\Http\\Request), Object(Illuminate\\Routing\\Route))
#46 E:\\wamp64\\www\\techsense\\vendor\\laravel\\framework\\src\\Illuminate\\Routing\\Router.php(729): Illuminate\\Routing\\Router->dispatchToRoute(Object(Illuminate\\Http\\Request))
#47 E:\\wamp64\\www\\techsense\\vendor\\laravel\\framework\\src\\Illuminate\\Foundation\\Http\\Kernel.php(190): Illuminate\\Routing\\Router->dispatch(Object(Illuminate\\Http\\Request))
#48 E:\\wamp64\\www\\techsense\\vendor\\laravel\\framework\\src\\Illuminate\\Pipeline\\Pipeline.php(141): Illuminate\\Foundation\\Http\\Kernel->Illuminate\\Foundation\\Http\\{closure}(Object(Illuminate\\Http\\Request))
#49 E:\\wamp64\\www\\techsense\\vendor\\barryvdh\\laravel-debugbar\\src\\Middleware\\InjectDebugbar.php(59): Illuminate\\Pipeline\\Pipeline->Illuminate\\Pipeline\\{closure}(Object(Illuminate\\Http\\Request))
#50 E:\\wamp64\\www\\techsense\\vendor\\laravel\\framework\\src\\Illuminate\\Pipeline\\Pipeline.php(180): Barryvdh\\Debugbar\\Middleware\\InjectDebugbar->handle(Object(Illuminate\\Http\\Request), Object(Closure))
#51 E:\\wamp64\\www\\techsense\\vendor\\laravel\\framework\\src\\Illuminate\\Foundation\\Http\\Middleware\\TransformsRequest.php(21): Illuminate\\Pipeline\\Pipeline->Illuminate\\Pipeline\\{closure}(Object(Illuminate\\Http\\Request))
#52 E:\\wamp64\\www\\techsense\\vendor\\laravel\\framework\\src\\Illuminate\\Foundation\\Http\\Middleware\\ConvertEmptyStringsToNull.php(31): Illuminate\\Foundation\\Http\\Middleware\\TransformsRequest->handle(Object(Illuminate\\Http\\Request), Object(Closure))
#53 E:\\wamp64\\www\\techsense\\vendor\\laravel\\framework\\src\\Illuminate\\Pipeline\\Pipeline.php(180): Illuminate\\Foundation\\Http\\Middleware\\ConvertEmptyStringsToNull->handle(Object(Illuminate\\Http\\Request), Object(Closure))
#54 E:\\wamp64\\www\\techsense\\vendor\\laravel\\framework\\src\\Illuminate\\Foundation\\Http\\Middleware\\TransformsRequest.php(21): Illuminate\\Pipeline\\Pipeline->Illuminate\\Pipeline\\{closure}(Object(Illuminate\\Http\\Request))
#55 E:\\wamp64\\www\\techsense\\vendor\\laravel\\framework\\src\\Illuminate\\Foundation\\Http\\Middleware\\TrimStrings.php(40): Illuminate\\Foundation\\Http\\Middleware\\TransformsRequest->handle(Object(Illuminate\\Http\\Request), Object(Closure))
#56 E:\\wamp64\\www\\techsense\\vendor\\laravel\\framework\\src\\Illuminate\\Pipeline\\Pipeline.php(180): Illuminate\\Foundation\\Http\\Middleware\\TrimStrings->handle(Object(Illuminate\\Http\\Request), Object(Closure))
#57 E:\\wamp64\\www\\techsense\\vendor\\laravel\\framework\\src\\Illuminate\\Foundation\\Http\\Middleware\\ValidatePostSize.php(27): Illuminate\\Pipeline\\Pipeline->Illuminate\\Pipeline\\{closure}(Object(Illuminate\\Http\\Request))
#58 E:\\wamp64\\www\\techsense\\vendor\\laravel\\framework\\src\\Illuminate\\Pipeline\\Pipeline.php(180): Illuminate\\Foundation\\Http\\Middleware\\ValidatePostSize->handle(Object(Illuminate\\Http\\Request), Object(Closure))
#59 E:\\wamp64\\www\\techsense\\vendor\\laravel\\framework\\src\\Illuminate\\Foundation\\Http\\Middleware\\PreventRequestsDuringMaintenance.php(86): Illuminate\\Pipeline\\Pipeline->Illuminate\\Pipeline\\{closure}(Object(Illuminate\\Http\\Request))
#60 E:\\wamp64\\www\\techsense\\vendor\\laravel\\framework\\src\\Illuminate\\Pipeline\\Pipeline.php(180): Illuminate\\Foundation\\Http\\Middleware\\PreventRequestsDuringMaintenance->handle(Object(Illuminate\\Http\\Request), Object(Closure))
#61 E:\\wamp64\\www\\techsense\\vendor\\laravel\\framework\\src\\Illuminate\\Http\\Middleware\\HandleCors.php(49): Illuminate\\Pipeline\\Pipeline->Illuminate\\Pipeline\\{closure}(Object(Illuminate\\Http\\Request))
#62 E:\\wamp64\\www\\techsense\\vendor\\laravel\\framework\\src\\Illuminate\\Pipeline\\Pipeline.php(180): Illuminate\\Http\\Middleware\\HandleCors->handle(Object(Illuminate\\Http\\Request), Object(Closure))
#63 E:\\wamp64\\www\\techsense\\vendor\\laravel\\framework\\src\\Illuminate\\Http\\Middleware\\TrustProxies.php(39): Illuminate\\Pipeline\\Pipeline->Illuminate\\Pipeline\\{closure}(Object(Illuminate\\Http\\Request))
#64 E:\\wamp64\\www\\techsense\\vendor\\laravel\\framework\\src\\Illuminate\\Pipeline\\Pipeline.php(180): Illuminate\\Http\\Middleware\\TrustProxies->handle(Object(Illuminate\\Http\\Request), Object(Closure))
#65 E:\\wamp64\\www\\techsense\\vendor\\laravel\\framework\\src\\Illuminate\\Pipeline\\Pipeline.php(116): Illuminate\\Pipeline\\Pipeline->Illuminate\\Pipeline\\{closure}(Object(Illuminate\\Http\\Request))
#66 E:\\wamp64\\www\\techsense\\vendor\\laravel\\framework\\src\\Illuminate\\Foundation\\Http\\Kernel.php(165): Illuminate\\Pipeline\\Pipeline->then(Object(Closure))
#67 E:\\wamp64\\www\\techsense\\vendor\\laravel\\framework\\src\\Illuminate\\Foundation\\Http\\Kernel.php(134): Illuminate\\Foundation\\Http\\Kernel->sendRequestThroughRouter(Object(Illuminate\\Http\\Request))
#68 E:\\wamp64\\www\\techsense\\public\\index.php(51): Illuminate\\Foundation\\Http\\Kernel->handle(Object(Illuminate\\Http\\Request))
#69 E:\\wamp64\\www\\techsense\\vendor\\laravel\\framework\\src\\Illuminate\\Foundation\\resources\\server.php(16): require_once('E:\\\\wamp64\\\\www\\\\t...')
#70 {main}
"} 
[2025-07-02 23:57:31] live.ERROR: Action ReportController@getBillDueReport not defined. {"view":{"view":"E:\\wamp64\\www\\techsense\\resources\\views\\report\\partials\\bill_due_report.blade.php","data":{"asset_v":"<pre class=sf-dump id=sf-dump-89829269 data-indent-pad=\"  \"><span class=sf-dump-num>530</span>
</pre><script>Sfdump(\"sf-dump-89829269\", {\"maxDepth\":3,\"maxStringLength\":160})</script>
","errors":"<pre class=sf-dump id=sf-dump-1563908022 data-indent-pad=\"  \"><span class=sf-dump-note>Illuminate\\Support\\ViewErrorBag</span> {<a class=sf-dump-ref>#2283</a><samp data-depth=1 class=sf-dump-expanded>
  #<span class=sf-dump-protected title=\"Protected property\">bags</span>: []
</samp>}
</pre><script>Sfdump(\"sf-dump-1563908022\", {\"maxDepth\":3,\"maxStringLength\":160})</script>
","business_locations":"<pre class=sf-dump id=sf-dump-1783950627 data-indent-pad=\"  \"><span class=sf-dump-note>Illuminate\\Support\\Collection</span> {<a class=sf-dump-ref>#2886</a><samp data-depth=1 class=sf-dump-expanded>
  #<span class=sf-dump-protected title=\"Protected property\">items</span>: <span class=sf-dump-note>array:2</span> [<samp data-depth=2 class=sf-dump-compact>
    <span class=sf-dump-key>1</span> => \"<span class=sf-dump-str title=\"34 characters\">Techsense Bangladesh Ltd. (BL0001)</span>\"
    <span class=sf-dump-key>2</span> => \"<span class=sf-dump-str title=\"16 characters\">Alibaba (BL0002)</span>\"
  </samp>]
  #<span class=sf-dump-protected title=\"Protected property\">escapeWhenCastingToString</span>: <span class=sf-dump-const>false</span>
</samp>}
</pre><script>Sfdump(\"sf-dump-1783950627\", {\"maxDepth\":3,\"maxStringLength\":160})</script>
","customers":"<pre class=sf-dump id=sf-dump-916894151 data-indent-pad=\"  \"><span class=sf-dump-note>Illuminate\\Support\\Collection</span> {<a class=sf-dump-ref>#2894</a><samp data-depth=1 class=sf-dump-expanded>
  #<span class=sf-dump-protected title=\"Protected property\">items</span>: <span class=sf-dump-note>array:137</span> [<samp data-depth=2 class=sf-dump-compact>
    <span class=sf-dump-key>1</span> => \"<span class=sf-dump-str title=\"56 characters\">Akij Particle Board Mills Ltd. - Sandip Debnath (CO0091)</span>\"
    <span class=sf-dump-key>2</span> => \"<span class=sf-dump-str title=\"45 characters\">Akij Biax Films Ltd. - Amjad Hossain (CO0092)</span>\"
    <span class=sf-dump-key>3</span> => \"<span class=sf-dump-str title=\"60 characters\">Akij Poly Fibre Industries Limited - Alvy Khondaker (CO0093)</span>\"
    <span class=sf-dump-key>4</span> => \"<span class=sf-dump-str title=\"52 characters\">Akij Plastic Ltd. - Md. Abdullah -Al-Mahfuj (CO0094)</span>\"
    <span class=sf-dump-key>5</span> => \"<span class=sf-dump-str title=\"42 characters\">JMI Cylinders Ltd. - Mehdi Hassan (CO0095)</span>\"
    <span class=sf-dump-key>6</span> => \"<span class=sf-dump-str title=\"51 characters\">JMI Sankur Valve &amp; Bung Ltd - Mehdi Hassan (CO0096)</span>\"
    <span class=sf-dump-key>7</span> => \"<span class=sf-dump-str title=\"61 characters\">Square Pharmaceuticals PLC. - Shajibur Rahman Shajal (CO0097)</span>\"
    <span class=sf-dump-key>8</span> => \"<span class=sf-dump-str title=\"77 characters\">Healthcare Pharmaceuticals Ltd.(Cephalosporin) - Engr. Fahad Ferdous (CO0098)</span>\"
    <span class=sf-dump-key>9</span> => \"<span class=sf-dump-str title=\"64 characters\">Advanced Chemical Industries Ltd. - Riyad Ahmed Siddiqi (CO0099)</span>\"
    <span class=sf-dump-key>10</span> => \"<span class=sf-dump-str title=\"43 characters\">BRAC Printing Pack - Jahidul Islam (CO0100)</span>\"
    <span class=sf-dump-key>11</span> => \"<span class=sf-dump-str title=\"70 characters\">Shun Shing Packaging Industries Ltd. -  Mr. Md. Abdus Sadeq   (CO0101)</span>\"
    <span class=sf-dump-key>12</span> => \"<span class=sf-dump-str title=\"43 characters\">ACI Foods Ltd - Yaduzzaman Bhuiyan (CO0102)</span>\"
    <span class=sf-dump-key>13</span> => \"<span class=sf-dump-str title=\"52 characters\">ACI Salt Limited - Lubaina Saffana Siddiqua (CO0103)</span>\"
    <span class=sf-dump-key>14</span> => \"<span class=sf-dump-str title=\"53 characters\">ACI CO-RO BANGLADESH LTD - Md Ashraful Islam (CO0104)</span>\"
    <span class=sf-dump-key>15</span> => \"<span class=sf-dump-str title=\"57 characters\">Akij Food &amp; Beverage Ltd - Mr Ujjal Baran Mondal (CO0105)</span>\"
    <span class=sf-dump-key>16</span> => \"<span class=sf-dump-str title=\"48 characters\">C.P. Bangladesh Co.; Ltd - Mahbub Hasan (CO0106)</span>\"
    <span class=sf-dump-key>17</span> => \"<span class=sf-dump-str title=\"74 characters\">Coca Cola International Beverages Private Ltd - Miss Usshy Rahman (CO0107)</span>\"
    <span class=sf-dump-key>18</span> => \"<span class=sf-dump-str title=\"47 characters\">BBS Cables Ltd. -  Md. Zahid Hossain   (CO0108)</span>\"
    <span class=sf-dump-key>19</span> => \"<span class=sf-dump-str title=\"59 characters\">RAK Ceramics (Bangladesh) Limited - Md. Nure Elahi (CO0109)</span>\"
    <span class=sf-dump-key>20</span> => \"<span class=sf-dump-str title=\"39 characters\">Incepta Pharmaceuticals Ltd -  (CO0110)</span>\"
    <span class=sf-dump-key>21</span> => \"<span class=sf-dump-str title=\"52 characters\">Akij Ceramics Ltd. -  Sazedul Islam Sazid   (CO0111)</span>\"
    <span class=sf-dump-key>22</span> => \"<span class=sf-dump-str title=\"36 characters\">Meghna Group - Sourav Nandi (CO0112)</span>\"
    <span class=sf-dump-key>23</span> => \"<span class=sf-dump-str title=\"57 characters\">Akij Glass Industries Ltd -  Md. Anowar Parvez   (CO0113)</span>\"
    <span class=sf-dump-key>24</span> => \"<span class=sf-dump-str title=\"52 characters\">ACI Pure Flour Limited - Yaduzzaman Bhuiyan (CO0114)</span>\"
    <span class=sf-dump-key>25</span> => \"<span class=sf-dump-str title=\"44 characters\">Akij Cartons Limited -  MD. HABIB   (CO0115)</span>\"
    <span class=sf-dump-key>26</span> => \"<span class=sf-dump-str title=\"42 characters\">ACI Motors LTD -  Farah Farzana   (CO0116)</span>\"
    <span class=sf-dump-key>27</span> => \"<span class=sf-dump-str title=\"45 characters\">Dan Foods Limited - Mr. Saiful Islam (CO0117)</span>\"
    <span class=sf-dump-key>28</span> => \"<span class=sf-dump-str title=\"54 characters\">Energy Hub Bangladesh - Mohammad Yahiya Arfan (CO0118)</span>\"
    <span class=sf-dump-key>29</span> => \"<span class=sf-dump-str title=\"38 characters\">Akij Glass Industries Ltd. -  (CO0119)</span>\"
    <span class=sf-dump-key>30</span> => \"<span class=sf-dump-str title=\"25 characters\"> - Md Rubel Akon (CO0120)</span>\"
    <span class=sf-dump-key>31</span> => \"<span class=sf-dump-str title=\"34 characters\">Marico Bangladesh Ltd. -  (CO0121)</span>\"
    <span class=sf-dump-key>32</span> => \"<span class=sf-dump-str title=\"63 characters\">ACI Premiaflex Plastics Ltd. - Shamiul Ashraf Shoishob (CO0122)</span>\"
    <span class=sf-dump-key>33</span> => \"<span class=sf-dump-str title=\"62 characters\">RAK Ceramics (Bangladesh) Limited - Md. Shariful Alam (CO0123)</span>\"
    <span class=sf-dump-key>35</span> => \"<span class=sf-dump-str title=\"34 characters\">Transcom Beverages Ltd -  (CO0125)</span>\"
    <span class=sf-dump-key>36</span> => \"<span class=sf-dump-str title=\"21 characters\">DNA Medix -  (CO0126)</span>\"
    <span class=sf-dump-key>39</span> => \"<span class=sf-dump-str title=\"38 characters\">Advance System Engineering -  (CO0129)</span>\"
    <span class=sf-dump-key>49</span> => \"<span class=sf-dump-str title=\"21 characters\"> - Mr Shakil (CO0139)</span>\"
    <span class=sf-dump-key>50</span> => \"<span class=sf-dump-str title=\"22 characters\"> - Mr student (CO0140)</span>\"
    <span class=sf-dump-key>51</span> => \"<span class=sf-dump-str title=\"47 characters\">International Classic Composit Ltd. -  (CO0141)</span>\"
    <span class=sf-dump-key>52</span> => \"<span class=sf-dump-str title=\"47 characters\">International Classic Composit Ltd. -  (CO0142)</span>\"
    <span class=sf-dump-key>53</span> => \"<span class=sf-dump-str title=\"58 characters\">Meghna Group Of Industries - Mr. Md.Tariqul Islam (CO0143)</span>\"
    <span class=sf-dump-key>56</span> => \"<span class=sf-dump-str title=\"27 characters\">Khusbu Icecream -  (CO0146)</span>\"
    <span class=sf-dump-key>63</span> => \"<span class=sf-dump-str title=\"32 characters\">APEX HOLDING LIMITED -  (CO0153)</span>\"
    <span class=sf-dump-key>64</span> => \"<span class=sf-dump-str title=\"57 characters\">Bengal Hurricane Dyeing &amp; Printing (PVT) LTD. -  (CO0154)</span>\"
    <span class=sf-dump-key>66</span> => \"<span class=sf-dump-str title=\"52 characters\">Beximco Pharmaceutical Ltd - Tazrian Tamima (CO0156)</span>\"
    <span class=sf-dump-key>67</span> => \"<span class=sf-dump-str title=\"30 characters\">Meghna PVC Limited -  (CO0157)</span>\"
    <span class=sf-dump-key>69</span> => \"<span class=sf-dump-str title=\"27 characters\">Akij Dairy Ltd. -  (CO0159)</span>\"
    <span class=sf-dump-key>70</span> => \"<span class=sf-dump-str title=\"30 characters\">M/S The Successors -  (CO0160)</span>\"
    <span class=sf-dump-key>71</span> => \"<span class=sf-dump-str title=\"34 characters\">Chicks &amp; Feeds Limited -  (CO0161)</span>\"
    <span class=sf-dump-key>72</span> => \"<span class=sf-dump-str title=\"34 characters\">ACI Animal Health Ltd. -  (CO0162)</span>\"
    <span class=sf-dump-key>73</span> => \"<span class=sf-dump-str title=\"61 characters\">LAKDHANAVI BANGLA POWER LIMITED - Mr. Rasehdul Islam (CO0163)</span>\"
    <span class=sf-dump-key>84</span> => \"<span class=sf-dump-str title=\"54 characters\">Desh Energy Chandpur Power Company Limited -  (CO0174)</span>\"
    <span class=sf-dump-key>85</span> => \"<span class=sf-dump-str title=\"42 characters\">Meghna Bulk Bag Industries Ltd -  (CO0175)</span>\"
    <span class=sf-dump-key>86</span> => \"<span class=sf-dump-str title=\"30 characters\">SHUSHAMA FEED LTD. -  (CO0176)</span>\"
    <span class=sf-dump-key>87</span> => \"<span class=sf-dump-str title=\"31 characters\">AKIJ Assentials Ltd -  (CO0177)</span>\"
    <span class=sf-dump-key>90</span> => \"<span class=sf-dump-str title=\"52 characters\">CP Bangladesh Co. Ltd. Birganj Feed Mill -  (CO0180)</span>\"
    <span class=sf-dump-key>93</span> => \"<span class=sf-dump-str title=\"71 characters\">Meghna Noodles and Biscuit Factory Ltd. - Mr Md. Tariqul Islam (CO0183)</span>\"
    <span class=sf-dump-key>97</span> => \"<span class=sf-dump-str title=\"27 characters\"> - Mr Shakil Ahmed (CO0187)</span>\"
    <span class=sf-dump-key>100</span> => \"<span class=sf-dump-str title=\"33 characters\">NIPRO JMI Pharma Ltd. -  (CO0190)</span>\"
    <span class=sf-dump-key>101</span> => \"<span class=sf-dump-str title=\"27 characters\">ACG Engineering -  (CO0191)</span>\"
    <span class=sf-dump-key>103</span> => \"<span class=sf-dump-str title=\"35 characters\">TVS AUTO BANGLADESH LTD -  (CO0193)</span>\"
    <span class=sf-dump-key>104</span> => \"<span class=sf-dump-str title=\"41 characters\">Meghna Pulp &amp; Paper Mills Ltd -  (CO0194)</span>\"
    <span class=sf-dump-key>105</span> => \"<span class=sf-dump-str title=\"47 characters\">Kamaphuli Polyester Products Co.Ltd -  (CO0195)</span>\"
    <span class=sf-dump-key>107</span> => \"<span class=sf-dump-str title=\"58 characters\">Reckitt Benckiser Bangladesh - Mr. Sakib Mohtasim (CO0197)</span>\"
    <span class=sf-dump-key>108</span> => \"<span class=sf-dump-str title=\"32 characters\">EMAMI BANGLADESH LTD -  (CO0198)</span>\"
    <span class=sf-dump-key>109</span> => \"<span class=sf-dump-str title=\"67 characters\">Hamza Textiles Ltd.( HTL-DYEING ) - Mr. Md. Tawhidul Islam (CO0199)</span>\"
    <span class=sf-dump-key>110</span> => \"<span class=sf-dump-str title=\"36 characters\">Sea Natural Food Limited -  (CO0200)</span>\"
    <span class=sf-dump-key>111</span> => \"<span class=sf-dump-str title=\"33 characters\">BRB HOSPITALS LIMITED -  (CO0201)</span>\"
    <span class=sf-dump-key>112</span> => \"<span class=sf-dump-str title=\"48 characters\">To Managing Director ,Anfords bd Ltd -  (CO0202)</span>\"
    <span class=sf-dump-key>113</span> => \"<span class=sf-dump-str title=\"35 characters\">YKK Bangladesh Pte Ltd. -  (CO0203)</span>\"
    <span class=sf-dump-key>114</span> => \"<span class=sf-dump-str title=\"49 characters\">Abdul Monem Limited - Mr. Meherul Sarkar (CO0204)</span>\"
    <span class=sf-dump-key>115</span> => \"<span class=sf-dump-str title=\"40 characters\">Smart Polymer Industries Ltd -  (CO0205)</span>\"
    <span class=sf-dump-key>116</span> => \"<span class=sf-dump-str title=\"54 characters\">CP Bangladesh Co.,Ltd, Chuadanga Feed Mill -  (CO0206)</span>\"
    <span class=sf-dump-key>118</span> => \"<span class=sf-dump-str title=\"54 characters\">Managing Director of Denimach Washing<span class=sf-dump-default>\\u{A0}</span>Ltd. -  (CO0208)</span>\"
    <span class=sf-dump-key>119</span> => \"<span class=sf-dump-str title=\"58 characters\">Advanced Chemical Industries Ltd. - Farah Farzana (CO0209)</span>\"
    <span class=sf-dump-key>120</span> => \"<span class=sf-dump-str title=\"60 characters\">Advanced Chemical Industries Ltd. - Mr Tanvir Ahmed (CO0210)</span>\"
    <span class=sf-dump-key>121</span> => \"<span class=sf-dump-str title=\"27 characters\">AKIJ ISPAT LTD. -  (CO0211)</span>\"
    <span class=sf-dump-key>122</span> => \"<span class=sf-dump-str title=\"40 characters\">Eskayef Pharmaceuticals Ltd. -  (CO0212)</span>\"
    <span class=sf-dump-key>123</span> => \"<span class=sf-dump-str title=\"30 characters\">ACI Hygiene Plant. -  (CO0213)</span>\"
    <span class=sf-dump-key>125</span> => \"<span class=sf-dump-str title=\"48 characters\">Julfikar Steel Re-Rolling Mills Ltd. -  (CO0215)</span>\"
    <span class=sf-dump-key>130</span> => \"<span class=sf-dump-str title=\"20 characters\">KOLPOLOK -  (CO0220)</span>\"
    <span class=sf-dump-key>132</span> => \"<span class=sf-dump-str title=\"43 characters\">Neem Sah International -  (Md. Jahid Hasan)</span>\"
    <span class=sf-dump-key>133</span> => \"<span class=sf-dump-str title=\"22 characters\">Salahuddin -  (CO0223)</span>\"
    <span class=sf-dump-key>137</span> => \"<span class=sf-dump-str title=\"48 characters\">Siam City Cement Bangladesh Limited. -  (CO0227)</span>\"
    <span class=sf-dump-key>138</span> => \"<span class=sf-dump-str title=\"62 characters\">Sonargaon Seeds Crushing Mills Ltd. - Mr. Abdul Alim. (CO0228)</span>\"
    <span class=sf-dump-key>140</span> => \"<span class=sf-dump-str title=\"28 characters\">RFL Tank -  (Md. Golam Nobi)</span>\"
    <span class=sf-dump-key>141</span> => \"<span class=sf-dump-str title=\"66 characters\">Bashundhara paper mills Limited. - Saifur Rahman Mozumder (CO0231)</span>\"
    <span class=sf-dump-key>142</span> => \"<span class=sf-dump-str title=\"47 characters\">British American Tobacco Bangladesh -  (CO0232)</span>\"
    <span class=sf-dump-key>144</span> => \"<span class=sf-dump-str title=\"49 characters\">Danish Condensed Milk Bangladesh Ltd. -  (CO0233)</span>\"
    <span class=sf-dump-key>147</span> => \"<span class=sf-dump-str title=\"22 characters\"> - Mr Mahabub (CO0235)</span>\"
    <span class=sf-dump-key>150</span> => \"<span class=sf-dump-str title=\"43 characters\">Healthcare Pharmaceuticals Ltd. -  (CO0238)</span>\"
    <span class=sf-dump-key>151</span> => \"<span class=sf-dump-str title=\"30 characters\">RBD Fibers Limited -  (CO0239)</span>\"
    <span class=sf-dump-key>152</span> => \"<span class=sf-dump-str title=\"28 characters\">PREMIER 1888 LTD -  (CO0240)</span>\"
    <span class=sf-dump-key>153</span> => \"<span class=sf-dump-str title=\"35 characters\">Omera Petroleum Limited -  (CO0241)</span>\"
    <span class=sf-dump-key>154</span> => \"<span class=sf-dump-str title=\"28 characters\">RFL TANK -  (Mr. Golam Nobi)</span>\"
    <span class=sf-dump-key>156</span> => \"<span class=sf-dump-str title=\"36 characters\">Akzochem industries (BD) -  (CO0244)</span>\"
    <span class=sf-dump-key>157</span> => \"<span class=sf-dump-str title=\"37 characters\">DEEPLAID Laborataries Ltd -  (CO0245)</span>\"
    <span class=sf-dump-key>158</span> => \"<span class=sf-dump-str title=\"42 characters\">Abrar Tech Serve International -  (CO0246)</span>\"
    <span class=sf-dump-key>159</span> => \"<span class=sf-dump-str title=\"42 characters\">Abrar Tech Serve International -  (CO0247)</span>\"
    <span class=sf-dump-key>160</span> => \"<span class=sf-dump-str title=\"41 characters\">Unique Cement Industries Ltd. -  (CO0248)</span>\"
    <span class=sf-dump-key>161</span> => \"<span class=sf-dump-str title=\"37 characters\">Tasnim Condensed Milk Ltd -  (CO0249)</span>\"
    <span class=sf-dump-key>162</span> => \"<span class=sf-dump-str title=\"20 characters\"> - Mr Rafat (CO0250)</span>\"
    <span class=sf-dump-key>164</span> => \"<span class=sf-dump-str title=\"28 characters\">Akij Paints Ltd. -  (CO0252)</span>\"
    <span class=sf-dump-key>165</span> => \"<span class=sf-dump-str title=\"25 characters\">Bongo Traders -  (CO0253)</span>\"
    <span class=sf-dump-key>166</span> => \"<span class=sf-dump-str title=\"38 characters\">Sonargaon Flour &amp; Dal Mill -  (CO0254)</span>\"
    <span class=sf-dump-key>167</span> => \"<span class=sf-dump-str title=\"50 characters\">Green Energy System - Mr Md. Tariquzzaman (CO0255)</span>\"
    <span class=sf-dump-key>168</span> => \"<span class=sf-dump-str title=\"20 characters\">Lotus BD -  (CO0256)</span>\"
    <span class=sf-dump-key>169</span> => \"<span class=sf-dump-str title=\"59 characters\">Doreen Power Generations and Systems Limited -  (Mr. Sujit)</span>\"
    <span class=sf-dump-key>170</span> => \"<span class=sf-dump-str title=\"47 characters\">British American Tobacco Bangladesh -  (CO0258)</span>\"
    <span class=sf-dump-key>171</span> => \"<span class=sf-dump-str title=\"42 characters\">Express Washing and Dyeing Ltd -  (CO0259)</span>\"
    <span class=sf-dump-key>172</span> => \"<span class=sf-dump-str title=\"31 characters\">MJ Engineering Ltd. -  (CO0260)</span>\"
    <span class=sf-dump-key>173</span> => \"<span class=sf-dump-str title=\"30 characters\">Jute Alliance Ltd. -  (CO0261)</span>\"
    <span class=sf-dump-key>174</span> => \"<span class=sf-dump-str title=\"48 characters\">Jute Alliance Ltd. - Md. Hafizur Rahman (CO0262)</span>\"
    <span class=sf-dump-key>175</span> => \"<span class=sf-dump-str title=\"33 characters\">Partex Tissue Limited -  (CO0263)</span>\"
    <span class=sf-dump-key>176</span> => \"<span class=sf-dump-str title=\"36 characters\">Akij Steel Mills Limited -  (CO0264)</span>\"
    <span class=sf-dump-key>177</span> => \"<span class=sf-dump-str title=\"34 characters\">ISPAHANI FOODS LIMITED -  (CO0265)</span>\"
    <span class=sf-dump-key>178</span> => \"<span class=sf-dump-str title=\"27 characters\">ZESS TYRE &amp;TUBE -  (CO0266)</span>\"
    <span class=sf-dump-key>179</span> => \"<span class=sf-dump-str title=\"19 characters\">Cynergy -  (CO0267)</span>\"
    <span class=sf-dump-key>180</span> => \"<span class=sf-dump-str title=\"31 characters\">RSPL Health BD Ltd. -  (CO0268)</span>\"
    <span class=sf-dump-key>181</span> => \"<span class=sf-dump-str title=\"31 characters\">ACI Premio Plastics -  (CO0269)</span>\"
    <span class=sf-dump-key>182</span> => \"<span class=sf-dump-str title=\"43 characters\">DESHBANDHU FOOD &amp; BEVERAGE LTD. -  (CO0270)</span>\"
    <span class=sf-dump-key>183</span> => \"<span class=sf-dump-str title=\"31 characters\">Inova International -  (CO0271)</span>\"
    <span class=sf-dump-key>184</span> => \"<span class=sf-dump-str title=\"53 characters\">Akij Polymer Industries LTD - Muntasir Islam (CO0272)</span>\"
    <span class=sf-dump-key>185</span> => \"<span class=sf-dump-str title=\"124 characters\">Department of Applied Chemistry and Chemical Engineering Faculty of Engineering and Technology -  (Dr. A.N.M. Hamidul Kabir)</span>\"
    <span class=sf-dump-key>186</span> => \"<span class=sf-dump-str title=\"43 characters\">RAJ LANKA POWER COMPANY LIMITED -  (CO0274)</span>\"
    <span class=sf-dump-key>187</span> => \"<span class=sf-dump-str title=\"39 characters\">ACI Pharma - Mr. Tanvir Ahmed. (CO0275)</span>\"
    <span class=sf-dump-key>188</span> => \"<span class=sf-dump-str title=\"33 characters\">ARC Manufacturing Ltd -  (CO0276)</span>\"
    <span class=sf-dump-key>189</span> => \"<span class=sf-dump-str title=\"25 characters\">UNION LIMITED -  (CO0277)</span>\"
    <span class=sf-dump-key>190</span> => \"<span class=sf-dump-str title=\"23 characters\">OMC LIMITED -  (CO0278)</span>\"
    <span class=sf-dump-key>191</span> => \"<span class=sf-dump-str title=\"40 characters\">Healthcare Chemicals Limited -  (CO0279)</span>\"
    <span class=sf-dump-key>192</span> => \"<span class=sf-dump-str title=\"35 characters\">PADMA FEED &amp; CHICKS LTD -  (CO0280)</span>\"
    <span class=sf-dump-key>193</span> => \"<span class=sf-dump-str title=\"64 characters\">Healthcare Formulations Limited - Mr. Md. Mosiur Rahman (CO0281)</span>\"
    <span class=sf-dump-key>194</span> => \"<span class=sf-dump-str title=\"21 characters\"> - Mr Billal (CO0282)</span>\"
    <span class=sf-dump-key>195</span> => \"<span class=sf-dump-str title=\"50 characters\">S-Engineering &amp; FM - Mr.  Md. Ruhul Amin. (CO0283)</span>\"
    <span class=sf-dump-key>196</span> => \"<span class=sf-dump-str title=\"54 characters\">Rising Spinning Mills<span class=sf-dump-default>\\u{A0}</span>Ltd. - Mr. Rokonuzzaman (CO0284)</span>\"
    <span class=sf-dump-key>197</span> => \"<span class=sf-dump-str title=\"42 characters\">Inova International -  (Shahadat Mojumder)</span>\"
    <span class=sf-dump-key>198</span> => \"<span class=sf-dump-str title=\"43 characters\">ACI Formulations Limited -  (MD. SAKIB MIA)</span>\"
  </samp>]
  #<span class=sf-dump-protected title=\"Protected property\">escapeWhenCastingToString</span>: <span class=sf-dump-const>false</span>
</samp>}
</pre><script>Sfdump(\"sf-dump-916894151\", {\"maxDepth\":3,\"maxStringLength\":160})</script>
","created_by":"<pre class=sf-dump id=sf-dump-1851247060 data-indent-pad=\"  \"><span class=sf-dump-note>Illuminate\\Support\\Collection</span> {<a class=sf-dump-ref>#3033</a><samp data-depth=1 class=sf-dump-expanded>
  #<span class=sf-dump-protected title=\"Protected property\">items</span>: <span class=sf-dump-note>array:10</span> [<samp data-depth=2 class=sf-dump-compact>
    \"\" => \"<span class=sf-dump-str title=\"3 characters\">All</span>\"
    <span class=sf-dump-key>1</span> => \"<span class=sf-dump-str title=\"13 characters\"> System Admin</span>\"
    <span class=sf-dump-key>2</span> => \"<span class=sf-dump-str title=\"14 characters\">Mr. Tamim Khan</span>\"
    <span class=sf-dump-key>3</span> => \"<span class=sf-dump-str title=\"16 characters\">Mr. Raihan kabir</span>\"
    <span class=sf-dump-key>4</span> => \"<span class=sf-dump-str title=\"16 characters\">Mr. Ariful Islam</span>\"
    <span class=sf-dump-key>5</span> => \"<span class=sf-dump-str title=\"19 characters\">Mr. Neshad Siddique</span>\"
    <span class=sf-dump-key>6</span> => \"<span class=sf-dump-str title=\"16 characters\">Mr. Naimul Hasan</span>\"
    <span class=sf-dump-key>7</span> => \"<span class=sf-dump-str title=\"22 characters\">Mr. Sabbir Ahmed Shuvo</span>\"
    <span class=sf-dump-key>8</span> => \"<span class=sf-dump-str title=\"11 characters\">Mr. Billal </span>\"
    <span class=sf-dump-key>9</span> => \"<span class=sf-dump-str title=\"21 characters\">Mr. Md Al Amin Mondol</span>\"
  </samp>]
  #<span class=sf-dump-protected title=\"Protected property\">escapeWhenCastingToString</span>: <span class=sf-dump-const>false</span>
</samp>}
</pre><script>Sfdump(\"sf-dump-1851247060\", {\"maxDepth\":3,\"maxStringLength\":160})</script>
","enabled_modules":"<pre class=sf-dump id=sf-dump-204366632 data-indent-pad=\"  \"><span class=sf-dump-note>array:5</span> [<samp data-depth=1 class=sf-dump-expanded>
  <span class=sf-dump-index>0</span> => \"<span class=sf-dump-str title=\"9 characters\">purchases</span>\"
  <span class=sf-dump-index>1</span> => \"<span class=sf-dump-str title=\"8 characters\">add_sale</span>\"
  <span class=sf-dump-index>2</span> => \"<span class=sf-dump-str title=\"8 characters\">pos_sale</span>\"
  <span class=sf-dump-index>3</span> => \"<span class=sf-dump-str title=\"8 characters\">expenses</span>\"
  <span class=sf-dump-index>4</span> => \"<span class=sf-dump-str title=\"7 characters\">account</span>\"
</samp>]
</pre><script>Sfdump(\"sf-dump-204366632\", {\"maxDepth\":3,\"maxStringLength\":160})</script>
","__is_pusher_enabled":"<pre class=sf-dump id=sf-dump-1625715947 data-indent-pad=\"  \"><span class=sf-dump-const>false</span>
</pre><script>Sfdump(\"sf-dump-1625715947\", {\"maxDepth\":3,\"maxStringLength\":160})</script>
"}},"userId":1,"exception":"[object] (Spatie\\LaravelIgnition\\Exceptions\\ViewException(code: 0): Action ReportController@getBillDueReport not defined. at E:\\wamp64\\www\\techsense\\vendor\\laravel\\framework\\src\\Illuminate\\Routing\\UrlGenerator.php:510)
[stacktrace]
#0 E:\\wamp64\\www\\techsense\\vendor\\laravel\\framework\\src\\Illuminate\\Foundation\\helpers.php(102): Illuminate\\Routing\\UrlGenerator->action('ReportControlle...', Array, true)
#1 E:\\wamp64\\www\\techsense\\resources\\views\\report\\partials\\bill_due_report.blade.php(95): action('ReportControlle...')
#2 E:\\wamp64\\www\\techsense\\vendor\\laravel\\framework\\src\\Illuminate\\Filesystem\\Filesystem.php(109): require('E:\\\\wamp64\\\\www\\\\t...')
#3 E:\\wamp64\\www\\techsense\\vendor\\laravel\\framework\\src\\Illuminate\\Filesystem\\Filesystem.php(110): Illuminate\\Filesystem\\Filesystem::Illuminate\\Filesystem\\{closure}()
#4 E:\\wamp64\\www\\techsense\\vendor\\laravel\\framework\\src\\Illuminate\\View\\Engines\\PhpEngine.php(58): Illuminate\\Filesystem\\Filesystem->getRequire('E:\\\\wamp64\\\\www\\\\t...', Array)
#5 E:\\wamp64\\www\\techsense\\vendor\\laravel\\framework\\src\\Illuminate\\View\\Engines\\CompilerEngine.php(70): Illuminate\\View\\Engines\\PhpEngine->evaluatePath('E:\\\\wamp64\\\\www\\\\t...', Array)
#6 E:\\wamp64\\www\\techsense\\vendor\\laravel\\framework\\src\\Illuminate\\View\\View.php(195): Illuminate\\View\\Engines\\CompilerEngine->get('E:\\\\wamp64\\\\www\\\\t...', Array)
#7 E:\\wamp64\\www\\techsense\\vendor\\laravel\\framework\\src\\Illuminate\\View\\View.php(178): Illuminate\\View\\View->getContents()
#8 E:\\wamp64\\www\\techsense\\vendor\\laravel\\framework\\src\\Illuminate\\View\\View.php(147): Illuminate\\View\\View->renderContents()
#9 E:\\wamp64\\www\\techsense\\vendor\\laravel\\framework\\src\\Illuminate\\Http\\Response.php(69): Illuminate\\View\\View->render()
#10 E:\\wamp64\\www\\techsense\\vendor\\laravel\\framework\\src\\Illuminate\\Http\\Response.php(35): Illuminate\\Http\\Response->setContent(Object(Illuminate\\View\\View))
#11 E:\\wamp64\\www\\techsense\\vendor\\laravel\\framework\\src\\Illuminate\\Routing\\Router.php(906): Illuminate\\Http\\Response->__construct(Object(Illuminate\\View\\View), 200, Array)
#12 E:\\wamp64\\www\\techsense\\vendor\\laravel\\framework\\src\\Illuminate\\Routing\\Router.php(875): Illuminate\\Routing\\Router::toResponse(Object(Illuminate\\Http\\Request), Object(Illuminate\\View\\View))
#13 E:\\wamp64\\www\\techsense\\vendor\\laravel\\framework\\src\\Illuminate\\Routing\\Router.php(797): Illuminate\\Routing\\Router->prepareResponse(Object(Illuminate\\Http\\Request), Object(Illuminate\\View\\View))
#14 E:\\wamp64\\www\\techsense\\vendor\\laravel\\framework\\src\\Illuminate\\Pipeline\\Pipeline.php(141): Illuminate\\Routing\\Router->Illuminate\\Routing\\{closure}(Object(Illuminate\\Http\\Request))
#15 E:\\wamp64\\www\\techsense\\app\\Http\\Middleware\\CheckUserLogin.php(22): Illuminate\\Pipeline\\Pipeline->Illuminate\\Pipeline\\{closure}(Object(Illuminate\\Http\\Request))
#16 E:\\wamp64\\www\\techsense\\vendor\\laravel\\framework\\src\\Illuminate\\Pipeline\\Pipeline.php(180): App\\Http\\Middleware\\CheckUserLogin->handle(Object(Illuminate\\Http\\Request), Object(Closure))
#17 E:\\wamp64\\www\\techsense\\app\\Http\\Middleware\\AdminSidebarMenu.php(805): Illuminate\\Pipeline\\Pipeline->Illuminate\\Pipeline\\{closure}(Object(Illuminate\\Http\\Request))
#18 E:\\wamp64\\www\\techsense\\vendor\\laravel\\framework\\src\\Illuminate\\Pipeline\\Pipeline.php(180): App\\Http\\Middleware\\AdminSidebarMenu->handle(Object(Illuminate\\Http\\Request), Object(Closure))
#19 E:\\wamp64\\www\\techsense\\app\\Http\\Middleware\\Timezone.php(30): Illuminate\\Pipeline\\Pipeline->Illuminate\\Pipeline\\{closure}(Object(Illuminate\\Http\\Request))
#20 E:\\wamp64\\www\\techsense\\vendor\\laravel\\framework\\src\\Illuminate\\Pipeline\\Pipeline.php(180): App\\Http\\Middleware\\Timezone->handle(Object(Illuminate\\Http\\Request), Object(Closure))
#21 E:\\wamp64\\www\\techsense\\app\\Http\\Middleware\\Language.php(25): Illuminate\\Pipeline\\Pipeline->Illuminate\\Pipeline\\{closure}(Object(Illuminate\\Http\\Request))
#22 E:\\wamp64\\www\\techsense\\vendor\\laravel\\framework\\src\\Illuminate\\Pipeline\\Pipeline.php(180): App\\Http\\Middleware\\Language->handle(Object(Illuminate\\Http\\Request), Object(Closure))
#23 E:\\wamp64\\www\\techsense\\app\\Http\\Middleware\\SetSessionData.php(52): Illuminate\\Pipeline\\Pipeline->Illuminate\\Pipeline\\{closure}(Object(Illuminate\\Http\\Request))
#24 E:\\wamp64\\www\\techsense\\vendor\\laravel\\framework\\src\\Illuminate\\Pipeline\\Pipeline.php(180): App\\Http\\Middleware\\SetSessionData->handle(Object(Illuminate\\Http\\Request), Object(Closure))
#25 E:\\wamp64\\www\\techsense\\app\\Http\\Middleware\\IsInstalled.php(50): Illuminate\\Pipeline\\Pipeline->Illuminate\\Pipeline\\{closure}(Object(Illuminate\\Http\\Request))
#26 E:\\wamp64\\www\\techsense\\vendor\\laravel\\framework\\src\\Illuminate\\Pipeline\\Pipeline.php(180): App\\Http\\Middleware\\IsInstalled->handle(Object(Illuminate\\Http\\Request), Object(Closure))
#27 E:\\wamp64\\www\\techsense\\vendor\\laravel\\framework\\src\\Illuminate\\Routing\\Middleware\\SubstituteBindings.php(50): Illuminate\\Pipeline\\Pipeline->Illuminate\\Pipeline\\{closure}(Object(Illuminate\\Http\\Request))
#28 E:\\wamp64\\www\\techsense\\vendor\\laravel\\framework\\src\\Illuminate\\Pipeline\\Pipeline.php(180): Illuminate\\Routing\\Middleware\\SubstituteBindings->handle(Object(Illuminate\\Http\\Request), Object(Closure))
#29 E:\\wamp64\\www\\techsense\\vendor\\laravel\\framework\\src\\Illuminate\\Auth\\Middleware\\Authenticate.php(44): Illuminate\\Pipeline\\Pipeline->Illuminate\\Pipeline\\{closure}(Object(Illuminate\\Http\\Request))
#30 E:\\wamp64\\www\\techsense\\vendor\\laravel\\framework\\src\\Illuminate\\Pipeline\\Pipeline.php(180): Illuminate\\Auth\\Middleware\\Authenticate->handle(Object(Illuminate\\Http\\Request), Object(Closure))
#31 E:\\wamp64\\www\\techsense\\vendor\\laravel\\framework\\src\\Illuminate\\Foundation\\Http\\Middleware\\VerifyCsrfToken.php(78): Illuminate\\Pipeline\\Pipeline->Illuminate\\Pipeline\\{closure}(Object(Illuminate\\Http\\Request))
#32 E:\\wamp64\\www\\techsense\\vendor\\laravel\\framework\\src\\Illuminate\\Pipeline\\Pipeline.php(180): Illuminate\\Foundation\\Http\\Middleware\\VerifyCsrfToken->handle(Object(Illuminate\\Http\\Request), Object(Closure))
#33 E:\\wamp64\\www\\techsense\\vendor\\laravel\\framework\\src\\Illuminate\\View\\Middleware\\ShareErrorsFromSession.php(49): Illuminate\\Pipeline\\Pipeline->Illuminate\\Pipeline\\{closure}(Object(Illuminate\\Http\\Request))
#34 E:\\wamp64\\www\\techsense\\vendor\\laravel\\framework\\src\\Illuminate\\Pipeline\\Pipeline.php(180): Illuminate\\View\\Middleware\\ShareErrorsFromSession->handle(Object(Illuminate\\Http\\Request), Object(Closure))
#35 E:\\wamp64\\www\\techsense\\vendor\\laravel\\framework\\src\\Illuminate\\Session\\Middleware\\StartSession.php(121): Illuminate\\Pipeline\\Pipeline->Illuminate\\Pipeline\\{closure}(Object(Illuminate\\Http\\Request))
#36 E:\\wamp64\\www\\techsense\\vendor\\laravel\\framework\\src\\Illuminate\\Session\\Middleware\\StartSession.php(64): Illuminate\\Session\\Middleware\\StartSession->handleStatefulRequest(Object(Illuminate\\Http\\Request), Object(Illuminate\\Session\\Store), Object(Closure))
#37 E:\\wamp64\\www\\techsense\\vendor\\laravel\\framework\\src\\Illuminate\\Pipeline\\Pipeline.php(180): Illuminate\\Session\\Middleware\\StartSession->handle(Object(Illuminate\\Http\\Request), Object(Closure))
#38 E:\\wamp64\\www\\techsense\\vendor\\laravel\\framework\\src\\Illuminate\\Cookie\\Middleware\\AddQueuedCookiesToResponse.php(37): Illuminate\\Pipeline\\Pipeline->Illuminate\\Pipeline\\{closure}(Object(Illuminate\\Http\\Request))
#39 E:\\wamp64\\www\\techsense\\vendor\\laravel\\framework\\src\\Illuminate\\Pipeline\\Pipeline.php(180): Illuminate\\Cookie\\Middleware\\AddQueuedCookiesToResponse->handle(Object(Illuminate\\Http\\Request), Object(Closure))
#40 E:\\wamp64\\www\\techsense\\vendor\\laravel\\framework\\src\\Illuminate\\Cookie\\Middleware\\EncryptCookies.php(67): Illuminate\\Pipeline\\Pipeline->Illuminate\\Pipeline\\{closure}(Object(Illuminate\\Http\\Request))
#41 E:\\wamp64\\www\\techsense\\vendor\\laravel\\framework\\src\\Illuminate\\Pipeline\\Pipeline.php(180): Illuminate\\Cookie\\Middleware\\EncryptCookies->handle(Object(Illuminate\\Http\\Request), Object(Closure))
#42 E:\\wamp64\\www\\techsense\\vendor\\laravel\\framework\\src\\Illuminate\\Pipeline\\Pipeline.php(116): Illuminate\\Pipeline\\Pipeline->Illuminate\\Pipeline\\{closure}(Object(Illuminate\\Http\\Request))
#43 E:\\wamp64\\www\\techsense\\vendor\\laravel\\framework\\src\\Illuminate\\Routing\\Router.php(797): Illuminate\\Pipeline\\Pipeline->then(Object(Closure))
#44 E:\\wamp64\\www\\techsense\\vendor\\laravel\\framework\\src\\Illuminate\\Routing\\Router.php(776): Illuminate\\Routing\\Router->runRouteWithinStack(Object(Illuminate\\Routing\\Route), Object(Illuminate\\Http\\Request))
#45 E:\\wamp64\\www\\techsense\\vendor\\laravel\\framework\\src\\Illuminate\\Routing\\Router.php(740): Illuminate\\Routing\\Router->runRoute(Object(Illuminate\\Http\\Request), Object(Illuminate\\Routing\\Route))
#46 E:\\wamp64\\www\\techsense\\vendor\\laravel\\framework\\src\\Illuminate\\Routing\\Router.php(729): Illuminate\\Routing\\Router->dispatchToRoute(Object(Illuminate\\Http\\Request))
#47 E:\\wamp64\\www\\techsense\\vendor\\laravel\\framework\\src\\Illuminate\\Foundation\\Http\\Kernel.php(190): Illuminate\\Routing\\Router->dispatch(Object(Illuminate\\Http\\Request))
#48 E:\\wamp64\\www\\techsense\\vendor\\laravel\\framework\\src\\Illuminate\\Pipeline\\Pipeline.php(141): Illuminate\\Foundation\\Http\\Kernel->Illuminate\\Foundation\\Http\\{closure}(Object(Illuminate\\Http\\Request))
#49 E:\\wamp64\\www\\techsense\\vendor\\barryvdh\\laravel-debugbar\\src\\Middleware\\InjectDebugbar.php(59): Illuminate\\Pipeline\\Pipeline->Illuminate\\Pipeline\\{closure}(Object(Illuminate\\Http\\Request))
#50 E:\\wamp64\\www\\techsense\\vendor\\laravel\\framework\\src\\Illuminate\\Pipeline\\Pipeline.php(180): Barryvdh\\Debugbar\\Middleware\\InjectDebugbar->handle(Object(Illuminate\\Http\\Request), Object(Closure))
#51 E:\\wamp64\\www\\techsense\\vendor\\laravel\\framework\\src\\Illuminate\\Foundation\\Http\\Middleware\\TransformsRequest.php(21): Illuminate\\Pipeline\\Pipeline->Illuminate\\Pipeline\\{closure}(Object(Illuminate\\Http\\Request))
#52 E:\\wamp64\\www\\techsense\\vendor\\laravel\\framework\\src\\Illuminate\\Foundation\\Http\\Middleware\\ConvertEmptyStringsToNull.php(31): Illuminate\\Foundation\\Http\\Middleware\\TransformsRequest->handle(Object(Illuminate\\Http\\Request), Object(Closure))
#53 E:\\wamp64\\www\\techsense\\vendor\\laravel\\framework\\src\\Illuminate\\Pipeline\\Pipeline.php(180): Illuminate\\Foundation\\Http\\Middleware\\ConvertEmptyStringsToNull->handle(Object(Illuminate\\Http\\Request), Object(Closure))
#54 E:\\wamp64\\www\\techsense\\vendor\\laravel\\framework\\src\\Illuminate\\Foundation\\Http\\Middleware\\TransformsRequest.php(21): Illuminate\\Pipeline\\Pipeline->Illuminate\\Pipeline\\{closure}(Object(Illuminate\\Http\\Request))
#55 E:\\wamp64\\www\\techsense\\vendor\\laravel\\framework\\src\\Illuminate\\Foundation\\Http\\Middleware\\TrimStrings.php(40): Illuminate\\Foundation\\Http\\Middleware\\TransformsRequest->handle(Object(Illuminate\\Http\\Request), Object(Closure))
#56 E:\\wamp64\\www\\techsense\\vendor\\laravel\\framework\\src\\Illuminate\\Pipeline\\Pipeline.php(180): Illuminate\\Foundation\\Http\\Middleware\\TrimStrings->handle(Object(Illuminate\\Http\\Request), Object(Closure))
#57 E:\\wamp64\\www\\techsense\\vendor\\laravel\\framework\\src\\Illuminate\\Foundation\\Http\\Middleware\\ValidatePostSize.php(27): Illuminate\\Pipeline\\Pipeline->Illuminate\\Pipeline\\{closure}(Object(Illuminate\\Http\\Request))
#58 E:\\wamp64\\www\\techsense\\vendor\\laravel\\framework\\src\\Illuminate\\Pipeline\\Pipeline.php(180): Illuminate\\Foundation\\Http\\Middleware\\ValidatePostSize->handle(Object(Illuminate\\Http\\Request), Object(Closure))
#59 E:\\wamp64\\www\\techsense\\vendor\\laravel\\framework\\src\\Illuminate\\Foundation\\Http\\Middleware\\PreventRequestsDuringMaintenance.php(86): Illuminate\\Pipeline\\Pipeline->Illuminate\\Pipeline\\{closure}(Object(Illuminate\\Http\\Request))
#60 E:\\wamp64\\www\\techsense\\vendor\\laravel\\framework\\src\\Illuminate\\Pipeline\\Pipeline.php(180): Illuminate\\Foundation\\Http\\Middleware\\PreventRequestsDuringMaintenance->handle(Object(Illuminate\\Http\\Request), Object(Closure))
#61 E:\\wamp64\\www\\techsense\\vendor\\laravel\\framework\\src\\Illuminate\\Http\\Middleware\\HandleCors.php(49): Illuminate\\Pipeline\\Pipeline->Illuminate\\Pipeline\\{closure}(Object(Illuminate\\Http\\Request))
#62 E:\\wamp64\\www\\techsense\\vendor\\laravel\\framework\\src\\Illuminate\\Pipeline\\Pipeline.php(180): Illuminate\\Http\\Middleware\\HandleCors->handle(Object(Illuminate\\Http\\Request), Object(Closure))
#63 E:\\wamp64\\www\\techsense\\vendor\\laravel\\framework\\src\\Illuminate\\Http\\Middleware\\TrustProxies.php(39): Illuminate\\Pipeline\\Pipeline->Illuminate\\Pipeline\\{closure}(Object(Illuminate\\Http\\Request))
#64 E:\\wamp64\\www\\techsense\\vendor\\laravel\\framework\\src\\Illuminate\\Pipeline\\Pipeline.php(180): Illuminate\\Http\\Middleware\\TrustProxies->handle(Object(Illuminate\\Http\\Request), Object(Closure))
#65 E:\\wamp64\\www\\techsense\\vendor\\laravel\\framework\\src\\Illuminate\\Pipeline\\Pipeline.php(116): Illuminate\\Pipeline\\Pipeline->Illuminate\\Pipeline\\{closure}(Object(Illuminate\\Http\\Request))
#66 E:\\wamp64\\www\\techsense\\vendor\\laravel\\framework\\src\\Illuminate\\Foundation\\Http\\Kernel.php(165): Illuminate\\Pipeline\\Pipeline->then(Object(Closure))
#67 E:\\wamp64\\www\\techsense\\vendor\\laravel\\framework\\src\\Illuminate\\Foundation\\Http\\Kernel.php(134): Illuminate\\Foundation\\Http\\Kernel->sendRequestThroughRouter(Object(Illuminate\\Http\\Request))
#68 E:\\wamp64\\www\\techsense\\public\\index.php(51): Illuminate\\Foundation\\Http\\Kernel->handle(Object(Illuminate\\Http\\Request))
#69 E:\\wamp64\\www\\techsense\\vendor\\laravel\\framework\\src\\Illuminate\\Foundation\\resources\\server.php(16): require_once('E:\\\\wamp64\\\\www\\\\t...')
#70 {main}

[previous exception] [object] (InvalidArgumentException(code: 0): Action ReportController@getBillDueReport not defined. at E:\\wamp64\\www\\techsense\\vendor\\laravel\\framework\\src\\Illuminate\\Routing\\UrlGenerator.php:510)
[stacktrace]
#0 E:\\wamp64\\www\\techsense\\vendor\\laravel\\framework\\src\\Illuminate\\Foundation\\helpers.php(102): Illuminate\\Routing\\UrlGenerator->action('ReportControlle...', Array, true)
#1 E:\\wamp64\\www\\techsense\\storage\\framework\\views\\fcf6a4592deb3f44ce20301d41f3afe9aa6eca49.php(103): action('ReportControlle...')
#2 E:\\wamp64\\www\\techsense\\vendor\\laravel\\framework\\src\\Illuminate\\Filesystem\\Filesystem.php(109): require('E:\\\\wamp64\\\\www\\\\t...')
#3 E:\\wamp64\\www\\techsense\\vendor\\laravel\\framework\\src\\Illuminate\\Filesystem\\Filesystem.php(110): Illuminate\\Filesystem\\Filesystem::Illuminate\\Filesystem\\{closure}()
#4 E:\\wamp64\\www\\techsense\\vendor\\laravel\\framework\\src\\Illuminate\\View\\Engines\\PhpEngine.php(58): Illuminate\\Filesystem\\Filesystem->getRequire('E:\\\\wamp64\\\\www\\\\t...', Array)
#5 E:\\wamp64\\www\\techsense\\vendor\\laravel\\framework\\src\\Illuminate\\View\\Engines\\CompilerEngine.php(70): Illuminate\\View\\Engines\\PhpEngine->evaluatePath('E:\\\\wamp64\\\\www\\\\t...', Array)
#6 E:\\wamp64\\www\\techsense\\vendor\\laravel\\framework\\src\\Illuminate\\View\\View.php(195): Illuminate\\View\\Engines\\CompilerEngine->get('E:\\\\wamp64\\\\www\\\\t...', Array)
#7 E:\\wamp64\\www\\techsense\\vendor\\laravel\\framework\\src\\Illuminate\\View\\View.php(178): Illuminate\\View\\View->getContents()
#8 E:\\wamp64\\www\\techsense\\vendor\\laravel\\framework\\src\\Illuminate\\View\\View.php(147): Illuminate\\View\\View->renderContents()
#9 E:\\wamp64\\www\\techsense\\vendor\\laravel\\framework\\src\\Illuminate\\Http\\Response.php(69): Illuminate\\View\\View->render()
#10 E:\\wamp64\\www\\techsense\\vendor\\laravel\\framework\\src\\Illuminate\\Http\\Response.php(35): Illuminate\\Http\\Response->setContent(Object(Illuminate\\View\\View))
#11 E:\\wamp64\\www\\techsense\\vendor\\laravel\\framework\\src\\Illuminate\\Routing\\Router.php(906): Illuminate\\Http\\Response->__construct(Object(Illuminate\\View\\View), 200, Array)
#12 E:\\wamp64\\www\\techsense\\vendor\\laravel\\framework\\src\\Illuminate\\Routing\\Router.php(875): Illuminate\\Routing\\Router::toResponse(Object(Illuminate\\Http\\Request), Object(Illuminate\\View\\View))
#13 E:\\wamp64\\www\\techsense\\vendor\\laravel\\framework\\src\\Illuminate\\Routing\\Router.php(797): Illuminate\\Routing\\Router->prepareResponse(Object(Illuminate\\Http\\Request), Object(Illuminate\\View\\View))
#14 E:\\wamp64\\www\\techsense\\vendor\\laravel\\framework\\src\\Illuminate\\Pipeline\\Pipeline.php(141): Illuminate\\Routing\\Router->Illuminate\\Routing\\{closure}(Object(Illuminate\\Http\\Request))
#15 E:\\wamp64\\www\\techsense\\app\\Http\\Middleware\\CheckUserLogin.php(22): Illuminate\\Pipeline\\Pipeline->Illuminate\\Pipeline\\{closure}(Object(Illuminate\\Http\\Request))
#16 E:\\wamp64\\www\\techsense\\vendor\\laravel\\framework\\src\\Illuminate\\Pipeline\\Pipeline.php(180): App\\Http\\Middleware\\CheckUserLogin->handle(Object(Illuminate\\Http\\Request), Object(Closure))
#17 E:\\wamp64\\www\\techsense\\app\\Http\\Middleware\\AdminSidebarMenu.php(805): Illuminate\\Pipeline\\Pipeline->Illuminate\\Pipeline\\{closure}(Object(Illuminate\\Http\\Request))
#18 E:\\wamp64\\www\\techsense\\vendor\\laravel\\framework\\src\\Illuminate\\Pipeline\\Pipeline.php(180): App\\Http\\Middleware\\AdminSidebarMenu->handle(Object(Illuminate\\Http\\Request), Object(Closure))
#19 E:\\wamp64\\www\\techsense\\app\\Http\\Middleware\\Timezone.php(30): Illuminate\\Pipeline\\Pipeline->Illuminate\\Pipeline\\{closure}(Object(Illuminate\\Http\\Request))
#20 E:\\wamp64\\www\\techsense\\vendor\\laravel\\framework\\src\\Illuminate\\Pipeline\\Pipeline.php(180): App\\Http\\Middleware\\Timezone->handle(Object(Illuminate\\Http\\Request), Object(Closure))
#21 E:\\wamp64\\www\\techsense\\app\\Http\\Middleware\\Language.php(25): Illuminate\\Pipeline\\Pipeline->Illuminate\\Pipeline\\{closure}(Object(Illuminate\\Http\\Request))
#22 E:\\wamp64\\www\\techsense\\vendor\\laravel\\framework\\src\\Illuminate\\Pipeline\\Pipeline.php(180): App\\Http\\Middleware\\Language->handle(Object(Illuminate\\Http\\Request), Object(Closure))
#23 E:\\wamp64\\www\\techsense\\app\\Http\\Middleware\\SetSessionData.php(52): Illuminate\\Pipeline\\Pipeline->Illuminate\\Pipeline\\{closure}(Object(Illuminate\\Http\\Request))
#24 E:\\wamp64\\www\\techsense\\vendor\\laravel\\framework\\src\\Illuminate\\Pipeline\\Pipeline.php(180): App\\Http\\Middleware\\SetSessionData->handle(Object(Illuminate\\Http\\Request), Object(Closure))
#25 E:\\wamp64\\www\\techsense\\app\\Http\\Middleware\\IsInstalled.php(50): Illuminate\\Pipeline\\Pipeline->Illuminate\\Pipeline\\{closure}(Object(Illuminate\\Http\\Request))
#26 E:\\wamp64\\www\\techsense\\vendor\\laravel\\framework\\src\\Illuminate\\Pipeline\\Pipeline.php(180): App\\Http\\Middleware\\IsInstalled->handle(Object(Illuminate\\Http\\Request), Object(Closure))
#27 E:\\wamp64\\www\\techsense\\vendor\\laravel\\framework\\src\\Illuminate\\Routing\\Middleware\\SubstituteBindings.php(50): Illuminate\\Pipeline\\Pipeline->Illuminate\\Pipeline\\{closure}(Object(Illuminate\\Http\\Request))
#28 E:\\wamp64\\www\\techsense\\vendor\\laravel\\framework\\src\\Illuminate\\Pipeline\\Pipeline.php(180): Illuminate\\Routing\\Middleware\\SubstituteBindings->handle(Object(Illuminate\\Http\\Request), Object(Closure))
#29 E:\\wamp64\\www\\techsense\\vendor\\laravel\\framework\\src\\Illuminate\\Auth\\Middleware\\Authenticate.php(44): Illuminate\\Pipeline\\Pipeline->Illuminate\\Pipeline\\{closure}(Object(Illuminate\\Http\\Request))
#30 E:\\wamp64\\www\\techsense\\vendor\\laravel\\framework\\src\\Illuminate\\Pipeline\\Pipeline.php(180): Illuminate\\Auth\\Middleware\\Authenticate->handle(Object(Illuminate\\Http\\Request), Object(Closure))
#31 E:\\wamp64\\www\\techsense\\vendor\\laravel\\framework\\src\\Illuminate\\Foundation\\Http\\Middleware\\VerifyCsrfToken.php(78): Illuminate\\Pipeline\\Pipeline->Illuminate\\Pipeline\\{closure}(Object(Illuminate\\Http\\Request))
#32 E:\\wamp64\\www\\techsense\\vendor\\laravel\\framework\\src\\Illuminate\\Pipeline\\Pipeline.php(180): Illuminate\\Foundation\\Http\\Middleware\\VerifyCsrfToken->handle(Object(Illuminate\\Http\\Request), Object(Closure))
#33 E:\\wamp64\\www\\techsense\\vendor\\laravel\\framework\\src\\Illuminate\\View\\Middleware\\ShareErrorsFromSession.php(49): Illuminate\\Pipeline\\Pipeline->Illuminate\\Pipeline\\{closure}(Object(Illuminate\\Http\\Request))
#34 E:\\wamp64\\www\\techsense\\vendor\\laravel\\framework\\src\\Illuminate\\Pipeline\\Pipeline.php(180): Illuminate\\View\\Middleware\\ShareErrorsFromSession->handle(Object(Illuminate\\Http\\Request), Object(Closure))
#35 E:\\wamp64\\www\\techsense\\vendor\\laravel\\framework\\src\\Illuminate\\Session\\Middleware\\StartSession.php(121): Illuminate\\Pipeline\\Pipeline->Illuminate\\Pipeline\\{closure}(Object(Illuminate\\Http\\Request))
#36 E:\\wamp64\\www\\techsense\\vendor\\laravel\\framework\\src\\Illuminate\\Session\\Middleware\\StartSession.php(64): Illuminate\\Session\\Middleware\\StartSession->handleStatefulRequest(Object(Illuminate\\Http\\Request), Object(Illuminate\\Session\\Store), Object(Closure))
#37 E:\\wamp64\\www\\techsense\\vendor\\laravel\\framework\\src\\Illuminate\\Pipeline\\Pipeline.php(180): Illuminate\\Session\\Middleware\\StartSession->handle(Object(Illuminate\\Http\\Request), Object(Closure))
#38 E:\\wamp64\\www\\techsense\\vendor\\laravel\\framework\\src\\Illuminate\\Cookie\\Middleware\\AddQueuedCookiesToResponse.php(37): Illuminate\\Pipeline\\Pipeline->Illuminate\\Pipeline\\{closure}(Object(Illuminate\\Http\\Request))
#39 E:\\wamp64\\www\\techsense\\vendor\\laravel\\framework\\src\\Illuminate\\Pipeline\\Pipeline.php(180): Illuminate\\Cookie\\Middleware\\AddQueuedCookiesToResponse->handle(Object(Illuminate\\Http\\Request), Object(Closure))
#40 E:\\wamp64\\www\\techsense\\vendor\\laravel\\framework\\src\\Illuminate\\Cookie\\Middleware\\EncryptCookies.php(67): Illuminate\\Pipeline\\Pipeline->Illuminate\\Pipeline\\{closure}(Object(Illuminate\\Http\\Request))
#41 E:\\wamp64\\www\\techsense\\vendor\\laravel\\framework\\src\\Illuminate\\Pipeline\\Pipeline.php(180): Illuminate\\Cookie\\Middleware\\EncryptCookies->handle(Object(Illuminate\\Http\\Request), Object(Closure))
#42 E:\\wamp64\\www\\techsense\\vendor\\laravel\\framework\\src\\Illuminate\\Pipeline\\Pipeline.php(116): Illuminate\\Pipeline\\Pipeline->Illuminate\\Pipeline\\{closure}(Object(Illuminate\\Http\\Request))
#43 E:\\wamp64\\www\\techsense\\vendor\\laravel\\framework\\src\\Illuminate\\Routing\\Router.php(797): Illuminate\\Pipeline\\Pipeline->then(Object(Closure))
#44 E:\\wamp64\\www\\techsense\\vendor\\laravel\\framework\\src\\Illuminate\\Routing\\Router.php(776): Illuminate\\Routing\\Router->runRouteWithinStack(Object(Illuminate\\Routing\\Route), Object(Illuminate\\Http\\Request))
#45 E:\\wamp64\\www\\techsense\\vendor\\laravel\\framework\\src\\Illuminate\\Routing\\Router.php(740): Illuminate\\Routing\\Router->runRoute(Object(Illuminate\\Http\\Request), Object(Illuminate\\Routing\\Route))
#46 E:\\wamp64\\www\\techsense\\vendor\\laravel\\framework\\src\\Illuminate\\Routing\\Router.php(729): Illuminate\\Routing\\Router->dispatchToRoute(Object(Illuminate\\Http\\Request))
#47 E:\\wamp64\\www\\techsense\\vendor\\laravel\\framework\\src\\Illuminate\\Foundation\\Http\\Kernel.php(190): Illuminate\\Routing\\Router->dispatch(Object(Illuminate\\Http\\Request))
#48 E:\\wamp64\\www\\techsense\\vendor\\laravel\\framework\\src\\Illuminate\\Pipeline\\Pipeline.php(141): Illuminate\\Foundation\\Http\\Kernel->Illuminate\\Foundation\\Http\\{closure}(Object(Illuminate\\Http\\Request))
#49 E:\\wamp64\\www\\techsense\\vendor\\barryvdh\\laravel-debugbar\\src\\Middleware\\InjectDebugbar.php(59): Illuminate\\Pipeline\\Pipeline->Illuminate\\Pipeline\\{closure}(Object(Illuminate\\Http\\Request))
#50 E:\\wamp64\\www\\techsense\\vendor\\laravel\\framework\\src\\Illuminate\\Pipeline\\Pipeline.php(180): Barryvdh\\Debugbar\\Middleware\\InjectDebugbar->handle(Object(Illuminate\\Http\\Request), Object(Closure))
#51 E:\\wamp64\\www\\techsense\\vendor\\laravel\\framework\\src\\Illuminate\\Foundation\\Http\\Middleware\\TransformsRequest.php(21): Illuminate\\Pipeline\\Pipeline->Illuminate\\Pipeline\\{closure}(Object(Illuminate\\Http\\Request))
#52 E:\\wamp64\\www\\techsense\\vendor\\laravel\\framework\\src\\Illuminate\\Foundation\\Http\\Middleware\\ConvertEmptyStringsToNull.php(31): Illuminate\\Foundation\\Http\\Middleware\\TransformsRequest->handle(Object(Illuminate\\Http\\Request), Object(Closure))
#53 E:\\wamp64\\www\\techsense\\vendor\\laravel\\framework\\src\\Illuminate\\Pipeline\\Pipeline.php(180): Illuminate\\Foundation\\Http\\Middleware\\ConvertEmptyStringsToNull->handle(Object(Illuminate\\Http\\Request), Object(Closure))
#54 E:\\wamp64\\www\\techsense\\vendor\\laravel\\framework\\src\\Illuminate\\Foundation\\Http\\Middleware\\TransformsRequest.php(21): Illuminate\\Pipeline\\Pipeline->Illuminate\\Pipeline\\{closure}(Object(Illuminate\\Http\\Request))
#55 E:\\wamp64\\www\\techsense\\vendor\\laravel\\framework\\src\\Illuminate\\Foundation\\Http\\Middleware\\TrimStrings.php(40): Illuminate\\Foundation\\Http\\Middleware\\TransformsRequest->handle(Object(Illuminate\\Http\\Request), Object(Closure))
#56 E:\\wamp64\\www\\techsense\\vendor\\laravel\\framework\\src\\Illuminate\\Pipeline\\Pipeline.php(180): Illuminate\\Foundation\\Http\\Middleware\\TrimStrings->handle(Object(Illuminate\\Http\\Request), Object(Closure))
#57 E:\\wamp64\\www\\techsense\\vendor\\laravel\\framework\\src\\Illuminate\\Foundation\\Http\\Middleware\\ValidatePostSize.php(27): Illuminate\\Pipeline\\Pipeline->Illuminate\\Pipeline\\{closure}(Object(Illuminate\\Http\\Request))
#58 E:\\wamp64\\www\\techsense\\vendor\\laravel\\framework\\src\\Illuminate\\Pipeline\\Pipeline.php(180): Illuminate\\Foundation\\Http\\Middleware\\ValidatePostSize->handle(Object(Illuminate\\Http\\Request), Object(Closure))
#59 E:\\wamp64\\www\\techsense\\vendor\\laravel\\framework\\src\\Illuminate\\Foundation\\Http\\Middleware\\PreventRequestsDuringMaintenance.php(86): Illuminate\\Pipeline\\Pipeline->Illuminate\\Pipeline\\{closure}(Object(Illuminate\\Http\\Request))
#60 E:\\wamp64\\www\\techsense\\vendor\\laravel\\framework\\src\\Illuminate\\Pipeline\\Pipeline.php(180): Illuminate\\Foundation\\Http\\Middleware\\PreventRequestsDuringMaintenance->handle(Object(Illuminate\\Http\\Request), Object(Closure))
#61 E:\\wamp64\\www\\techsense\\vendor\\laravel\\framework\\src\\Illuminate\\Http\\Middleware\\HandleCors.php(49): Illuminate\\Pipeline\\Pipeline->Illuminate\\Pipeline\\{closure}(Object(Illuminate\\Http\\Request))
#62 E:\\wamp64\\www\\techsense\\vendor\\laravel\\framework\\src\\Illuminate\\Pipeline\\Pipeline.php(180): Illuminate\\Http\\Middleware\\HandleCors->handle(Object(Illuminate\\Http\\Request), Object(Closure))
#63 E:\\wamp64\\www\\techsense\\vendor\\laravel\\framework\\src\\Illuminate\\Http\\Middleware\\TrustProxies.php(39): Illuminate\\Pipeline\\Pipeline->Illuminate\\Pipeline\\{closure}(Object(Illuminate\\Http\\Request))
#64 E:\\wamp64\\www\\techsense\\vendor\\laravel\\framework\\src\\Illuminate\\Pipeline\\Pipeline.php(180): Illuminate\\Http\\Middleware\\TrustProxies->handle(Object(Illuminate\\Http\\Request), Object(Closure))
#65 E:\\wamp64\\www\\techsense\\vendor\\laravel\\framework\\src\\Illuminate\\Pipeline\\Pipeline.php(116): Illuminate\\Pipeline\\Pipeline->Illuminate\\Pipeline\\{closure}(Object(Illuminate\\Http\\Request))
#66 E:\\wamp64\\www\\techsense\\vendor\\laravel\\framework\\src\\Illuminate\\Foundation\\Http\\Kernel.php(165): Illuminate\\Pipeline\\Pipeline->then(Object(Closure))
#67 E:\\wamp64\\www\\techsense\\vendor\\laravel\\framework\\src\\Illuminate\\Foundation\\Http\\Kernel.php(134): Illuminate\\Foundation\\Http\\Kernel->sendRequestThroughRouter(Object(Illuminate\\Http\\Request))
#68 E:\\wamp64\\www\\techsense\\public\\index.php(51): Illuminate\\Foundation\\Http\\Kernel->handle(Object(Illuminate\\Http\\Request))
#69 E:\\wamp64\\www\\techsense\\vendor\\laravel\\framework\\src\\Illuminate\\Foundation\\resources\\server.php(16): require_once('E:\\\\wamp64\\\\www\\\\t...')
#70 {main}
"} 
[2025-07-02 23:27:43] live.ERROR: Uncaught ReflectionException: Class "App\Policies\ModelPolicy" does not exist in Command line code:1
Stack trace:
#0 Command line code(1): ReflectionClass->__construct('App\\Policies\\Mo...')
#1 [internal function]: {closure}('App\\Policies\\Mo...', 'App\\Model')
#2 Command line code(1): array_map(Object(Closure), Array, Array)
#3 {main}
  thrown {"exception":"[object] (Symfony\\Component\\ErrorHandler\\Error\\FatalError(code: 0): Uncaught ReflectionException: Class \"App\\Policies\\ModelPolicy\" does not exist in Command line code:1
Stack trace:
#0 Command line code(1): ReflectionClass->__construct('App\\\\Policies\\\\Mo...')
#1 [internal function]: {closure}('App\\\\Policies\\\\Mo...', 'App\\\\Model')
#2 Command line code(1): array_map(Object(Closure), Array, Array)
#3 {main}
  thrown at Command line code:1)
[stacktrace]
#0 E:\\wamp64\\www\\techsense\\vendor\\laravel\\framework\\src\\Illuminate\\Foundation\\Bootstrap\\HandleExceptions.php(259): Symfony\\Component\\ErrorHandler\\Error\\FatalError->__construct(message: ''Uncaught Refle...', code: '0', error: '['type' => 1, '...', traceOffset: '0', traceArgs: '???', trace: '???')
#1 E:\\wamp64\\www\\techsense\\vendor\\laravel\\framework\\src\\Illuminate\\Foundation\\Bootstrap\\HandleExceptions.php(246): Illuminate\\Foundation\\Bootstrap\\HandleExceptions->fatalErrorFromPhpError(error: '['type' => 1, '...', traceOffset: '0')
#2 E:\\wamp64\\www\\techsense\\vendor\\laravel\\framework\\src\\Illuminate\\Foundation\\Bootstrap\\HandleExceptions.php(270): Illuminate\\Foundation\\Bootstrap\\HandleExceptions->handleShutdown()
#3 E:\\wamp64\\www\\techsense\\vendor\\laravel\\framework\\src\\Illuminate\\Foundation\\Bootstrap\\HandleExceptions.php(0): Illuminate\\Foundation\\Bootstrap\\HandleExceptions->Illuminate\\Foundation\\Bootstrap\\{closure:E:\\wamp64\\www\\techsense\\vendor\\laravel\\framework\\src\\Illuminate\\Foundation\\Bootstrap\\HandleExceptions.php:269-271}()
#4 {main}
"} 
[2025-07-02 23:57:52] live.ERROR: Action ReportController@getBillDueReport not defined. {"view":{"view":"E:\\wamp64\\www\\techsense\\resources\\views\\report\\partials\\bill_due_report.blade.php","data":{"asset_v":"<pre class=sf-dump id=sf-dump-404612545 data-indent-pad=\"  \"><span class=sf-dump-num>530</span>
</pre><script>Sfdump(\"sf-dump-404612545\", {\"maxDepth\":3,\"maxStringLength\":160})</script>
","errors":"<pre class=sf-dump id=sf-dump-779433931 data-indent-pad=\"  \"><span class=sf-dump-note>Illuminate\\Support\\ViewErrorBag</span> {<a class=sf-dump-ref>#2283</a><samp data-depth=1 class=sf-dump-expanded>
  #<span class=sf-dump-protected title=\"Protected property\">bags</span>: []
</samp>}
</pre><script>Sfdump(\"sf-dump-779433931\", {\"maxDepth\":3,\"maxStringLength\":160})</script>
","enabled_modules":"<pre class=sf-dump id=sf-dump-1882658943 data-indent-pad=\"  \"><span class=sf-dump-note>array:5</span> [<samp data-depth=1 class=sf-dump-expanded>
  <span class=sf-dump-index>0</span> => \"<span class=sf-dump-str title=\"9 characters\">purchases</span>\"
  <span class=sf-dump-index>1</span> => \"<span class=sf-dump-str title=\"8 characters\">add_sale</span>\"
  <span class=sf-dump-index>2</span> => \"<span class=sf-dump-str title=\"8 characters\">pos_sale</span>\"
  <span class=sf-dump-index>3</span> => \"<span class=sf-dump-str title=\"8 characters\">expenses</span>\"
  <span class=sf-dump-index>4</span> => \"<span class=sf-dump-str title=\"7 characters\">account</span>\"
</samp>]
</pre><script>Sfdump(\"sf-dump-1882658943\", {\"maxDepth\":3,\"maxStringLength\":160})</script>
","__is_pusher_enabled":"<pre class=sf-dump id=sf-dump-1635005270 data-indent-pad=\"  \"><span class=sf-dump-const>false</span>
</pre><script>Sfdump(\"sf-dump-1635005270\", {\"maxDepth\":3,\"maxStringLength\":160})</script>
"}},"userId":1,"exception":"[object] (Spatie\\LaravelIgnition\\Exceptions\\ViewException(code: 0): Action ReportController@getBillDueReport not defined. at E:\\wamp64\\www\\techsense\\vendor\\laravel\\framework\\src\\Illuminate\\Routing\\UrlGenerator.php:510)
[stacktrace]
#0 E:\\wamp64\\www\\techsense\\vendor\\laravel\\framework\\src\\Illuminate\\Foundation\\helpers.php(102): Illuminate\\Routing\\UrlGenerator->action('ReportControlle...', Array, true)
#1 E:\\wamp64\\www\\techsense\\resources\\views\\report\\partials\\bill_due_report.blade.php(95): action('ReportControlle...')
#2 E:\\wamp64\\www\\techsense\\vendor\\laravel\\framework\\src\\Illuminate\\Filesystem\\Filesystem.php(109): require('E:\\\\wamp64\\\\www\\\\t...')
#3 E:\\wamp64\\www\\techsense\\vendor\\laravel\\framework\\src\\Illuminate\\Filesystem\\Filesystem.php(110): Illuminate\\Filesystem\\Filesystem::Illuminate\\Filesystem\\{closure}()
#4 E:\\wamp64\\www\\techsense\\vendor\\laravel\\framework\\src\\Illuminate\\View\\Engines\\PhpEngine.php(58): Illuminate\\Filesystem\\Filesystem->getRequire('E:\\\\wamp64\\\\www\\\\t...', Array)
#5 E:\\wamp64\\www\\techsense\\vendor\\laravel\\framework\\src\\Illuminate\\View\\Engines\\CompilerEngine.php(70): Illuminate\\View\\Engines\\PhpEngine->evaluatePath('E:\\\\wamp64\\\\www\\\\t...', Array)
#6 E:\\wamp64\\www\\techsense\\vendor\\laravel\\framework\\src\\Illuminate\\View\\View.php(195): Illuminate\\View\\Engines\\CompilerEngine->get('E:\\\\wamp64\\\\www\\\\t...', Array)
#7 E:\\wamp64\\www\\techsense\\vendor\\laravel\\framework\\src\\Illuminate\\View\\View.php(178): Illuminate\\View\\View->getContents()
#8 E:\\wamp64\\www\\techsense\\vendor\\laravel\\framework\\src\\Illuminate\\View\\View.php(147): Illuminate\\View\\View->renderContents()
#9 E:\\wamp64\\www\\techsense\\vendor\\laravel\\framework\\src\\Illuminate\\Http\\Response.php(69): Illuminate\\View\\View->render()
#10 E:\\wamp64\\www\\techsense\\vendor\\laravel\\framework\\src\\Illuminate\\Http\\Response.php(35): Illuminate\\Http\\Response->setContent(Object(Illuminate\\View\\View))
#11 E:\\wamp64\\www\\techsense\\vendor\\laravel\\framework\\src\\Illuminate\\Routing\\Router.php(906): Illuminate\\Http\\Response->__construct(Object(Illuminate\\View\\View), 200, Array)
#12 E:\\wamp64\\www\\techsense\\vendor\\laravel\\framework\\src\\Illuminate\\Routing\\Router.php(875): Illuminate\\Routing\\Router::toResponse(Object(Illuminate\\Http\\Request), Object(Illuminate\\View\\View))
#13 E:\\wamp64\\www\\techsense\\vendor\\laravel\\framework\\src\\Illuminate\\Routing\\Router.php(797): Illuminate\\Routing\\Router->prepareResponse(Object(Illuminate\\Http\\Request), Object(Illuminate\\View\\View))
#14 E:\\wamp64\\www\\techsense\\vendor\\laravel\\framework\\src\\Illuminate\\Pipeline\\Pipeline.php(141): Illuminate\\Routing\\Router->Illuminate\\Routing\\{closure}(Object(Illuminate\\Http\\Request))
#15 E:\\wamp64\\www\\techsense\\app\\Http\\Middleware\\CheckUserLogin.php(22): Illuminate\\Pipeline\\Pipeline->Illuminate\\Pipeline\\{closure}(Object(Illuminate\\Http\\Request))
#16 E:\\wamp64\\www\\techsense\\vendor\\laravel\\framework\\src\\Illuminate\\Pipeline\\Pipeline.php(180): App\\Http\\Middleware\\CheckUserLogin->handle(Object(Illuminate\\Http\\Request), Object(Closure))
#17 E:\\wamp64\\www\\techsense\\app\\Http\\Middleware\\AdminSidebarMenu.php(805): Illuminate\\Pipeline\\Pipeline->Illuminate\\Pipeline\\{closure}(Object(Illuminate\\Http\\Request))
#18 E:\\wamp64\\www\\techsense\\vendor\\laravel\\framework\\src\\Illuminate\\Pipeline\\Pipeline.php(180): App\\Http\\Middleware\\AdminSidebarMenu->handle(Object(Illuminate\\Http\\Request), Object(Closure))
#19 E:\\wamp64\\www\\techsense\\app\\Http\\Middleware\\Timezone.php(30): Illuminate\\Pipeline\\Pipeline->Illuminate\\Pipeline\\{closure}(Object(Illuminate\\Http\\Request))
#20 E:\\wamp64\\www\\techsense\\vendor\\laravel\\framework\\src\\Illuminate\\Pipeline\\Pipeline.php(180): App\\Http\\Middleware\\Timezone->handle(Object(Illuminate\\Http\\Request), Object(Closure))
#21 E:\\wamp64\\www\\techsense\\app\\Http\\Middleware\\Language.php(25): Illuminate\\Pipeline\\Pipeline->Illuminate\\Pipeline\\{closure}(Object(Illuminate\\Http\\Request))
#22 E:\\wamp64\\www\\techsense\\vendor\\laravel\\framework\\src\\Illuminate\\Pipeline\\Pipeline.php(180): App\\Http\\Middleware\\Language->handle(Object(Illuminate\\Http\\Request), Object(Closure))
#23 E:\\wamp64\\www\\techsense\\app\\Http\\Middleware\\SetSessionData.php(52): Illuminate\\Pipeline\\Pipeline->Illuminate\\Pipeline\\{closure}(Object(Illuminate\\Http\\Request))
#24 E:\\wamp64\\www\\techsense\\vendor\\laravel\\framework\\src\\Illuminate\\Pipeline\\Pipeline.php(180): App\\Http\\Middleware\\SetSessionData->handle(Object(Illuminate\\Http\\Request), Object(Closure))
#25 E:\\wamp64\\www\\techsense\\app\\Http\\Middleware\\IsInstalled.php(50): Illuminate\\Pipeline\\Pipeline->Illuminate\\Pipeline\\{closure}(Object(Illuminate\\Http\\Request))
#26 E:\\wamp64\\www\\techsense\\vendor\\laravel\\framework\\src\\Illuminate\\Pipeline\\Pipeline.php(180): App\\Http\\Middleware\\IsInstalled->handle(Object(Illuminate\\Http\\Request), Object(Closure))
#27 E:\\wamp64\\www\\techsense\\vendor\\laravel\\framework\\src\\Illuminate\\Routing\\Middleware\\SubstituteBindings.php(50): Illuminate\\Pipeline\\Pipeline->Illuminate\\Pipeline\\{closure}(Object(Illuminate\\Http\\Request))
#28 E:\\wamp64\\www\\techsense\\vendor\\laravel\\framework\\src\\Illuminate\\Pipeline\\Pipeline.php(180): Illuminate\\Routing\\Middleware\\SubstituteBindings->handle(Object(Illuminate\\Http\\Request), Object(Closure))
#29 E:\\wamp64\\www\\techsense\\vendor\\laravel\\framework\\src\\Illuminate\\Auth\\Middleware\\Authenticate.php(44): Illuminate\\Pipeline\\Pipeline->Illuminate\\Pipeline\\{closure}(Object(Illuminate\\Http\\Request))
#30 E:\\wamp64\\www\\techsense\\vendor\\laravel\\framework\\src\\Illuminate\\Pipeline\\Pipeline.php(180): Illuminate\\Auth\\Middleware\\Authenticate->handle(Object(Illuminate\\Http\\Request), Object(Closure))
#31 E:\\wamp64\\www\\techsense\\vendor\\laravel\\framework\\src\\Illuminate\\Foundation\\Http\\Middleware\\VerifyCsrfToken.php(78): Illuminate\\Pipeline\\Pipeline->Illuminate\\Pipeline\\{closure}(Object(Illuminate\\Http\\Request))
#32 E:\\wamp64\\www\\techsense\\vendor\\laravel\\framework\\src\\Illuminate\\Pipeline\\Pipeline.php(180): Illuminate\\Foundation\\Http\\Middleware\\VerifyCsrfToken->handle(Object(Illuminate\\Http\\Request), Object(Closure))
#33 E:\\wamp64\\www\\techsense\\vendor\\laravel\\framework\\src\\Illuminate\\View\\Middleware\\ShareErrorsFromSession.php(49): Illuminate\\Pipeline\\Pipeline->Illuminate\\Pipeline\\{closure}(Object(Illuminate\\Http\\Request))
#34 E:\\wamp64\\www\\techsense\\vendor\\laravel\\framework\\src\\Illuminate\\Pipeline\\Pipeline.php(180): Illuminate\\View\\Middleware\\ShareErrorsFromSession->handle(Object(Illuminate\\Http\\Request), Object(Closure))
#35 E:\\wamp64\\www\\techsense\\vendor\\laravel\\framework\\src\\Illuminate\\Session\\Middleware\\StartSession.php(121): Illuminate\\Pipeline\\Pipeline->Illuminate\\Pipeline\\{closure}(Object(Illuminate\\Http\\Request))
#36 E:\\wamp64\\www\\techsense\\vendor\\laravel\\framework\\src\\Illuminate\\Session\\Middleware\\StartSession.php(64): Illuminate\\Session\\Middleware\\StartSession->handleStatefulRequest(Object(Illuminate\\Http\\Request), Object(Illuminate\\Session\\Store), Object(Closure))
#37 E:\\wamp64\\www\\techsense\\vendor\\laravel\\framework\\src\\Illuminate\\Pipeline\\Pipeline.php(180): Illuminate\\Session\\Middleware\\StartSession->handle(Object(Illuminate\\Http\\Request), Object(Closure))
#38 E:\\wamp64\\www\\techsense\\vendor\\laravel\\framework\\src\\Illuminate\\Cookie\\Middleware\\AddQueuedCookiesToResponse.php(37): Illuminate\\Pipeline\\Pipeline->Illuminate\\Pipeline\\{closure}(Object(Illuminate\\Http\\Request))
#39 E:\\wamp64\\www\\techsense\\vendor\\laravel\\framework\\src\\Illuminate\\Pipeline\\Pipeline.php(180): Illuminate\\Cookie\\Middleware\\AddQueuedCookiesToResponse->handle(Object(Illuminate\\Http\\Request), Object(Closure))
#40 E:\\wamp64\\www\\techsense\\vendor\\laravel\\framework\\src\\Illuminate\\Cookie\\Middleware\\EncryptCookies.php(67): Illuminate\\Pipeline\\Pipeline->Illuminate\\Pipeline\\{closure}(Object(Illuminate\\Http\\Request))
#41 E:\\wamp64\\www\\techsense\\vendor\\laravel\\framework\\src\\Illuminate\\Pipeline\\Pipeline.php(180): Illuminate\\Cookie\\Middleware\\EncryptCookies->handle(Object(Illuminate\\Http\\Request), Object(Closure))
#42 E:\\wamp64\\www\\techsense\\vendor\\laravel\\framework\\src\\Illuminate\\Pipeline\\Pipeline.php(116): Illuminate\\Pipeline\\Pipeline->Illuminate\\Pipeline\\{closure}(Object(Illuminate\\Http\\Request))
#43 E:\\wamp64\\www\\techsense\\vendor\\laravel\\framework\\src\\Illuminate\\Routing\\Router.php(797): Illuminate\\Pipeline\\Pipeline->then(Object(Closure))
#44 E:\\wamp64\\www\\techsense\\vendor\\laravel\\framework\\src\\Illuminate\\Routing\\Router.php(776): Illuminate\\Routing\\Router->runRouteWithinStack(Object(Illuminate\\Routing\\Route), Object(Illuminate\\Http\\Request))
#45 E:\\wamp64\\www\\techsense\\vendor\\laravel\\framework\\src\\Illuminate\\Routing\\Router.php(740): Illuminate\\Routing\\Router->runRoute(Object(Illuminate\\Http\\Request), Object(Illuminate\\Routing\\Route))
#46 E:\\wamp64\\www\\techsense\\vendor\\laravel\\framework\\src\\Illuminate\\Routing\\Router.php(729): Illuminate\\Routing\\Router->dispatchToRoute(Object(Illuminate\\Http\\Request))
#47 E:\\wamp64\\www\\techsense\\vendor\\laravel\\framework\\src\\Illuminate\\Foundation\\Http\\Kernel.php(190): Illuminate\\Routing\\Router->dispatch(Object(Illuminate\\Http\\Request))
#48 E:\\wamp64\\www\\techsense\\vendor\\laravel\\framework\\src\\Illuminate\\Pipeline\\Pipeline.php(141): Illuminate\\Foundation\\Http\\Kernel->Illuminate\\Foundation\\Http\\{closure}(Object(Illuminate\\Http\\Request))
#49 E:\\wamp64\\www\\techsense\\vendor\\barryvdh\\laravel-debugbar\\src\\Middleware\\InjectDebugbar.php(59): Illuminate\\Pipeline\\Pipeline->Illuminate\\Pipeline\\{closure}(Object(Illuminate\\Http\\Request))
#50 E:\\wamp64\\www\\techsense\\vendor\\laravel\\framework\\src\\Illuminate\\Pipeline\\Pipeline.php(180): Barryvdh\\Debugbar\\Middleware\\InjectDebugbar->handle(Object(Illuminate\\Http\\Request), Object(Closure))
#51 E:\\wamp64\\www\\techsense\\vendor\\laravel\\framework\\src\\Illuminate\\Foundation\\Http\\Middleware\\TransformsRequest.php(21): Illuminate\\Pipeline\\Pipeline->Illuminate\\Pipeline\\{closure}(Object(Illuminate\\Http\\Request))
#52 E:\\wamp64\\www\\techsense\\vendor\\laravel\\framework\\src\\Illuminate\\Foundation\\Http\\Middleware\\ConvertEmptyStringsToNull.php(31): Illuminate\\Foundation\\Http\\Middleware\\TransformsRequest->handle(Object(Illuminate\\Http\\Request), Object(Closure))
#53 E:\\wamp64\\www\\techsense\\vendor\\laravel\\framework\\src\\Illuminate\\Pipeline\\Pipeline.php(180): Illuminate\\Foundation\\Http\\Middleware\\ConvertEmptyStringsToNull->handle(Object(Illuminate\\Http\\Request), Object(Closure))
#54 E:\\wamp64\\www\\techsense\\vendor\\laravel\\framework\\src\\Illuminate\\Foundation\\Http\\Middleware\\TransformsRequest.php(21): Illuminate\\Pipeline\\Pipeline->Illuminate\\Pipeline\\{closure}(Object(Illuminate\\Http\\Request))
#55 E:\\wamp64\\www\\techsense\\vendor\\laravel\\framework\\src\\Illuminate\\Foundation\\Http\\Middleware\\TrimStrings.php(40): Illuminate\\Foundation\\Http\\Middleware\\TransformsRequest->handle(Object(Illuminate\\Http\\Request), Object(Closure))
#56 E:\\wamp64\\www\\techsense\\vendor\\laravel\\framework\\src\\Illuminate\\Pipeline\\Pipeline.php(180): Illuminate\\Foundation\\Http\\Middleware\\TrimStrings->handle(Object(Illuminate\\Http\\Request), Object(Closure))
#57 E:\\wamp64\\www\\techsense\\vendor\\laravel\\framework\\src\\Illuminate\\Foundation\\Http\\Middleware\\ValidatePostSize.php(27): Illuminate\\Pipeline\\Pipeline->Illuminate\\Pipeline\\{closure}(Object(Illuminate\\Http\\Request))
#58 E:\\wamp64\\www\\techsense\\vendor\\laravel\\framework\\src\\Illuminate\\Pipeline\\Pipeline.php(180): Illuminate\\Foundation\\Http\\Middleware\\ValidatePostSize->handle(Object(Illuminate\\Http\\Request), Object(Closure))
#59 E:\\wamp64\\www\\techsense\\vendor\\laravel\\framework\\src\\Illuminate\\Foundation\\Http\\Middleware\\PreventRequestsDuringMaintenance.php(86): Illuminate\\Pipeline\\Pipeline->Illuminate\\Pipeline\\{closure}(Object(Illuminate\\Http\\Request))
#60 E:\\wamp64\\www\\techsense\\vendor\\laravel\\framework\\src\\Illuminate\\Pipeline\\Pipeline.php(180): Illuminate\\Foundation\\Http\\Middleware\\PreventRequestsDuringMaintenance->handle(Object(Illuminate\\Http\\Request), Object(Closure))
#61 E:\\wamp64\\www\\techsense\\vendor\\laravel\\framework\\src\\Illuminate\\Http\\Middleware\\HandleCors.php(49): Illuminate\\Pipeline\\Pipeline->Illuminate\\Pipeline\\{closure}(Object(Illuminate\\Http\\Request))
#62 E:\\wamp64\\www\\techsense\\vendor\\laravel\\framework\\src\\Illuminate\\Pipeline\\Pipeline.php(180): Illuminate\\Http\\Middleware\\HandleCors->handle(Object(Illuminate\\Http\\Request), Object(Closure))
#63 E:\\wamp64\\www\\techsense\\vendor\\laravel\\framework\\src\\Illuminate\\Http\\Middleware\\TrustProxies.php(39): Illuminate\\Pipeline\\Pipeline->Illuminate\\Pipeline\\{closure}(Object(Illuminate\\Http\\Request))
#64 E:\\wamp64\\www\\techsense\\vendor\\laravel\\framework\\src\\Illuminate\\Pipeline\\Pipeline.php(180): Illuminate\\Http\\Middleware\\TrustProxies->handle(Object(Illuminate\\Http\\Request), Object(Closure))
#65 E:\\wamp64\\www\\techsense\\vendor\\laravel\\framework\\src\\Illuminate\\Pipeline\\Pipeline.php(116): Illuminate\\Pipeline\\Pipeline->Illuminate\\Pipeline\\{closure}(Object(Illuminate\\Http\\Request))
#66 E:\\wamp64\\www\\techsense\\vendor\\laravel\\framework\\src\\Illuminate\\Foundation\\Http\\Kernel.php(165): Illuminate\\Pipeline\\Pipeline->then(Object(Closure))
#67 E:\\wamp64\\www\\techsense\\vendor\\laravel\\framework\\src\\Illuminate\\Foundation\\Http\\Kernel.php(134): Illuminate\\Foundation\\Http\\Kernel->sendRequestThroughRouter(Object(Illuminate\\Http\\Request))
#68 E:\\wamp64\\www\\techsense\\public\\index.php(51): Illuminate\\Foundation\\Http\\Kernel->handle(Object(Illuminate\\Http\\Request))
#69 E:\\wamp64\\www\\techsense\\vendor\\laravel\\framework\\src\\Illuminate\\Foundation\\resources\\server.php(16): require_once('E:\\\\wamp64\\\\www\\\\t...')
#70 {main}

[previous exception] [object] (InvalidArgumentException(code: 0): Action ReportController@getBillDueReport not defined. at E:\\wamp64\\www\\techsense\\vendor\\laravel\\framework\\src\\Illuminate\\Routing\\UrlGenerator.php:510)
[stacktrace]
#0 E:\\wamp64\\www\\techsense\\vendor\\laravel\\framework\\src\\Illuminate\\Foundation\\helpers.php(102): Illuminate\\Routing\\UrlGenerator->action('ReportControlle...', Array, true)
#1 E:\\wamp64\\www\\techsense\\storage\\framework\\views\\fcf6a4592deb3f44ce20301d41f3afe9aa6eca49.php(103): action('ReportControlle...')
#2 E:\\wamp64\\www\\techsense\\vendor\\laravel\\framework\\src\\Illuminate\\Filesystem\\Filesystem.php(109): require('E:\\\\wamp64\\\\www\\\\t...')
#3 E:\\wamp64\\www\\techsense\\vendor\\laravel\\framework\\src\\Illuminate\\Filesystem\\Filesystem.php(110): Illuminate\\Filesystem\\Filesystem::Illuminate\\Filesystem\\{closure}()
#4 E:\\wamp64\\www\\techsense\\vendor\\laravel\\framework\\src\\Illuminate\\View\\Engines\\PhpEngine.php(58): Illuminate\\Filesystem\\Filesystem->getRequire('E:\\\\wamp64\\\\www\\\\t...', Array)
#5 E:\\wamp64\\www\\techsense\\vendor\\laravel\\framework\\src\\Illuminate\\View\\Engines\\CompilerEngine.php(70): Illuminate\\View\\Engines\\PhpEngine->evaluatePath('E:\\\\wamp64\\\\www\\\\t...', Array)
#6 E:\\wamp64\\www\\techsense\\vendor\\laravel\\framework\\src\\Illuminate\\View\\View.php(195): Illuminate\\View\\Engines\\CompilerEngine->get('E:\\\\wamp64\\\\www\\\\t...', Array)
#7 E:\\wamp64\\www\\techsense\\vendor\\laravel\\framework\\src\\Illuminate\\View\\View.php(178): Illuminate\\View\\View->getContents()
#8 E:\\wamp64\\www\\techsense\\vendor\\laravel\\framework\\src\\Illuminate\\View\\View.php(147): Illuminate\\View\\View->renderContents()
#9 E:\\wamp64\\www\\techsense\\vendor\\laravel\\framework\\src\\Illuminate\\Http\\Response.php(69): Illuminate\\View\\View->render()
#10 E:\\wamp64\\www\\techsense\\vendor\\laravel\\framework\\src\\Illuminate\\Http\\Response.php(35): Illuminate\\Http\\Response->setContent(Object(Illuminate\\View\\View))
#11 E:\\wamp64\\www\\techsense\\vendor\\laravel\\framework\\src\\Illuminate\\Routing\\Router.php(906): Illuminate\\Http\\Response->__construct(Object(Illuminate\\View\\View), 200, Array)
#12 E:\\wamp64\\www\\techsense\\vendor\\laravel\\framework\\src\\Illuminate\\Routing\\Router.php(875): Illuminate\\Routing\\Router::toResponse(Object(Illuminate\\Http\\Request), Object(Illuminate\\View\\View))
#13 E:\\wamp64\\www\\techsense\\vendor\\laravel\\framework\\src\\Illuminate\\Routing\\Router.php(797): Illuminate\\Routing\\Router->prepareResponse(Object(Illuminate\\Http\\Request), Object(Illuminate\\View\\View))
#14 E:\\wamp64\\www\\techsense\\vendor\\laravel\\framework\\src\\Illuminate\\Pipeline\\Pipeline.php(141): Illuminate\\Routing\\Router->Illuminate\\Routing\\{closure}(Object(Illuminate\\Http\\Request))
#15 E:\\wamp64\\www\\techsense\\app\\Http\\Middleware\\CheckUserLogin.php(22): Illuminate\\Pipeline\\Pipeline->Illuminate\\Pipeline\\{closure}(Object(Illuminate\\Http\\Request))
#16 E:\\wamp64\\www\\techsense\\vendor\\laravel\\framework\\src\\Illuminate\\Pipeline\\Pipeline.php(180): App\\Http\\Middleware\\CheckUserLogin->handle(Object(Illuminate\\Http\\Request), Object(Closure))
#17 E:\\wamp64\\www\\techsense\\app\\Http\\Middleware\\AdminSidebarMenu.php(805): Illuminate\\Pipeline\\Pipeline->Illuminate\\Pipeline\\{closure}(Object(Illuminate\\Http\\Request))
#18 E:\\wamp64\\www\\techsense\\vendor\\laravel\\framework\\src\\Illuminate\\Pipeline\\Pipeline.php(180): App\\Http\\Middleware\\AdminSidebarMenu->handle(Object(Illuminate\\Http\\Request), Object(Closure))
#19 E:\\wamp64\\www\\techsense\\app\\Http\\Middleware\\Timezone.php(30): Illuminate\\Pipeline\\Pipeline->Illuminate\\Pipeline\\{closure}(Object(Illuminate\\Http\\Request))
#20 E:\\wamp64\\www\\techsense\\vendor\\laravel\\framework\\src\\Illuminate\\Pipeline\\Pipeline.php(180): App\\Http\\Middleware\\Timezone->handle(Object(Illuminate\\Http\\Request), Object(Closure))
#21 E:\\wamp64\\www\\techsense\\app\\Http\\Middleware\\Language.php(25): Illuminate\\Pipeline\\Pipeline->Illuminate\\Pipeline\\{closure}(Object(Illuminate\\Http\\Request))
#22 E:\\wamp64\\www\\techsense\\vendor\\laravel\\framework\\src\\Illuminate\\Pipeline\\Pipeline.php(180): App\\Http\\Middleware\\Language->handle(Object(Illuminate\\Http\\Request), Object(Closure))
#23 E:\\wamp64\\www\\techsense\\app\\Http\\Middleware\\SetSessionData.php(52): Illuminate\\Pipeline\\Pipeline->Illuminate\\Pipeline\\{closure}(Object(Illuminate\\Http\\Request))
#24 E:\\wamp64\\www\\techsense\\vendor\\laravel\\framework\\src\\Illuminate\\Pipeline\\Pipeline.php(180): App\\Http\\Middleware\\SetSessionData->handle(Object(Illuminate\\Http\\Request), Object(Closure))
#25 E:\\wamp64\\www\\techsense\\app\\Http\\Middleware\\IsInstalled.php(50): Illuminate\\Pipeline\\Pipeline->Illuminate\\Pipeline\\{closure}(Object(Illuminate\\Http\\Request))
#26 E:\\wamp64\\www\\techsense\\vendor\\laravel\\framework\\src\\Illuminate\\Pipeline\\Pipeline.php(180): App\\Http\\Middleware\\IsInstalled->handle(Object(Illuminate\\Http\\Request), Object(Closure))
#27 E:\\wamp64\\www\\techsense\\vendor\\laravel\\framework\\src\\Illuminate\\Routing\\Middleware\\SubstituteBindings.php(50): Illuminate\\Pipeline\\Pipeline->Illuminate\\Pipeline\\{closure}(Object(Illuminate\\Http\\Request))
#28 E:\\wamp64\\www\\techsense\\vendor\\laravel\\framework\\src\\Illuminate\\Pipeline\\Pipeline.php(180): Illuminate\\Routing\\Middleware\\SubstituteBindings->handle(Object(Illuminate\\Http\\Request), Object(Closure))
#29 E:\\wamp64\\www\\techsense\\vendor\\laravel\\framework\\src\\Illuminate\\Auth\\Middleware\\Authenticate.php(44): Illuminate\\Pipeline\\Pipeline->Illuminate\\Pipeline\\{closure}(Object(Illuminate\\Http\\Request))
#30 E:\\wamp64\\www\\techsense\\vendor\\laravel\\framework\\src\\Illuminate\\Pipeline\\Pipeline.php(180): Illuminate\\Auth\\Middleware\\Authenticate->handle(Object(Illuminate\\Http\\Request), Object(Closure))
#31 E:\\wamp64\\www\\techsense\\vendor\\laravel\\framework\\src\\Illuminate\\Foundation\\Http\\Middleware\\VerifyCsrfToken.php(78): Illuminate\\Pipeline\\Pipeline->Illuminate\\Pipeline\\{closure}(Object(Illuminate\\Http\\Request))
#32 E:\\wamp64\\www\\techsense\\vendor\\laravel\\framework\\src\\Illuminate\\Pipeline\\Pipeline.php(180): Illuminate\\Foundation\\Http\\Middleware\\VerifyCsrfToken->handle(Object(Illuminate\\Http\\Request), Object(Closure))
#33 E:\\wamp64\\www\\techsense\\vendor\\laravel\\framework\\src\\Illuminate\\View\\Middleware\\ShareErrorsFromSession.php(49): Illuminate\\Pipeline\\Pipeline->Illuminate\\Pipeline\\{closure}(Object(Illuminate\\Http\\Request))
#34 E:\\wamp64\\www\\techsense\\vendor\\laravel\\framework\\src\\Illuminate\\Pipeline\\Pipeline.php(180): Illuminate\\View\\Middleware\\ShareErrorsFromSession->handle(Object(Illuminate\\Http\\Request), Object(Closure))
#35 E:\\wamp64\\www\\techsense\\vendor\\laravel\\framework\\src\\Illuminate\\Session\\Middleware\\StartSession.php(121): Illuminate\\Pipeline\\Pipeline->Illuminate\\Pipeline\\{closure}(Object(Illuminate\\Http\\Request))
#36 E:\\wamp64\\www\\techsense\\vendor\\laravel\\framework\\src\\Illuminate\\Session\\Middleware\\StartSession.php(64): Illuminate\\Session\\Middleware\\StartSession->handleStatefulRequest(Object(Illuminate\\Http\\Request), Object(Illuminate\\Session\\Store), Object(Closure))
#37 E:\\wamp64\\www\\techsense\\vendor\\laravel\\framework\\src\\Illuminate\\Pipeline\\Pipeline.php(180): Illuminate\\Session\\Middleware\\StartSession->handle(Object(Illuminate\\Http\\Request), Object(Closure))
#38 E:\\wamp64\\www\\techsense\\vendor\\laravel\\framework\\src\\Illuminate\\Cookie\\Middleware\\AddQueuedCookiesToResponse.php(37): Illuminate\\Pipeline\\Pipeline->Illuminate\\Pipeline\\{closure}(Object(Illuminate\\Http\\Request))
#39 E:\\wamp64\\www\\techsense\\vendor\\laravel\\framework\\src\\Illuminate\\Pipeline\\Pipeline.php(180): Illuminate\\Cookie\\Middleware\\AddQueuedCookiesToResponse->handle(Object(Illuminate\\Http\\Request), Object(Closure))
#40 E:\\wamp64\\www\\techsense\\vendor\\laravel\\framework\\src\\Illuminate\\Cookie\\Middleware\\EncryptCookies.php(67): Illuminate\\Pipeline\\Pipeline->Illuminate\\Pipeline\\{closure}(Object(Illuminate\\Http\\Request))
#41 E:\\wamp64\\www\\techsense\\vendor\\laravel\\framework\\src\\Illuminate\\Pipeline\\Pipeline.php(180): Illuminate\\Cookie\\Middleware\\EncryptCookies->handle(Object(Illuminate\\Http\\Request), Object(Closure))
#42 E:\\wamp64\\www\\techsense\\vendor\\laravel\\framework\\src\\Illuminate\\Pipeline\\Pipeline.php(116): Illuminate\\Pipeline\\Pipeline->Illuminate\\Pipeline\\{closure}(Object(Illuminate\\Http\\Request))
#43 E:\\wamp64\\www\\techsense\\vendor\\laravel\\framework\\src\\Illuminate\\Routing\\Router.php(797): Illuminate\\Pipeline\\Pipeline->then(Object(Closure))
#44 E:\\wamp64\\www\\techsense\\vendor\\laravel\\framework\\src\\Illuminate\\Routing\\Router.php(776): Illuminate\\Routing\\Router->runRouteWithinStack(Object(Illuminate\\Routing\\Route), Object(Illuminate\\Http\\Request))
#45 E:\\wamp64\\www\\techsense\\vendor\\laravel\\framework\\src\\Illuminate\\Routing\\Router.php(740): Illuminate\\Routing\\Router->runRoute(Object(Illuminate\\Http\\Request), Object(Illuminate\\Routing\\Route))
#46 E:\\wamp64\\www\\techsense\\vendor\\laravel\\framework\\src\\Illuminate\\Routing\\Router.php(729): Illuminate\\Routing\\Router->dispatchToRoute(Object(Illuminate\\Http\\Request))
#47 E:\\wamp64\\www\\techsense\\vendor\\laravel\\framework\\src\\Illuminate\\Foundation\\Http\\Kernel.php(190): Illuminate\\Routing\\Router->dispatch(Object(Illuminate\\Http\\Request))
#48 E:\\wamp64\\www\\techsense\\vendor\\laravel\\framework\\src\\Illuminate\\Pipeline\\Pipeline.php(141): Illuminate\\Foundation\\Http\\Kernel->Illuminate\\Foundation\\Http\\{closure}(Object(Illuminate\\Http\\Request))
#49 E:\\wamp64\\www\\techsense\\vendor\\barryvdh\\laravel-debugbar\\src\\Middleware\\InjectDebugbar.php(59): Illuminate\\Pipeline\\Pipeline->Illuminate\\Pipeline\\{closure}(Object(Illuminate\\Http\\Request))
#50 E:\\wamp64\\www\\techsense\\vendor\\laravel\\framework\\src\\Illuminate\\Pipeline\\Pipeline.php(180): Barryvdh\\Debugbar\\Middleware\\InjectDebugbar->handle(Object(Illuminate\\Http\\Request), Object(Closure))
#51 E:\\wamp64\\www\\techsense\\vendor\\laravel\\framework\\src\\Illuminate\\Foundation\\Http\\Middleware\\TransformsRequest.php(21): Illuminate\\Pipeline\\Pipeline->Illuminate\\Pipeline\\{closure}(Object(Illuminate\\Http\\Request))
#52 E:\\wamp64\\www\\techsense\\vendor\\laravel\\framework\\src\\Illuminate\\Foundation\\Http\\Middleware\\ConvertEmptyStringsToNull.php(31): Illuminate\\Foundation\\Http\\Middleware\\TransformsRequest->handle(Object(Illuminate\\Http\\Request), Object(Closure))
#53 E:\\wamp64\\www\\techsense\\vendor\\laravel\\framework\\src\\Illuminate\\Pipeline\\Pipeline.php(180): Illuminate\\Foundation\\Http\\Middleware\\ConvertEmptyStringsToNull->handle(Object(Illuminate\\Http\\Request), Object(Closure))
#54 E:\\wamp64\\www\\techsense\\vendor\\laravel\\framework\\src\\Illuminate\\Foundation\\Http\\Middleware\\TransformsRequest.php(21): Illuminate\\Pipeline\\Pipeline->Illuminate\\Pipeline\\{closure}(Object(Illuminate\\Http\\Request))
#55 E:\\wamp64\\www\\techsense\\vendor\\laravel\\framework\\src\\Illuminate\\Foundation\\Http\\Middleware\\TrimStrings.php(40): Illuminate\\Foundation\\Http\\Middleware\\TransformsRequest->handle(Object(Illuminate\\Http\\Request), Object(Closure))
#56 E:\\wamp64\\www\\techsense\\vendor\\laravel\\framework\\src\\Illuminate\\Pipeline\\Pipeline.php(180): Illuminate\\Foundation\\Http\\Middleware\\TrimStrings->handle(Object(Illuminate\\Http\\Request), Object(Closure))
#57 E:\\wamp64\\www\\techsense\\vendor\\laravel\\framework\\src\\Illuminate\\Foundation\\Http\\Middleware\\ValidatePostSize.php(27): Illuminate\\Pipeline\\Pipeline->Illuminate\\Pipeline\\{closure}(Object(Illuminate\\Http\\Request))
#58 E:\\wamp64\\www\\techsense\\vendor\\laravel\\framework\\src\\Illuminate\\Pipeline\\Pipeline.php(180): Illuminate\\Foundation\\Http\\Middleware\\ValidatePostSize->handle(Object(Illuminate\\Http\\Request), Object(Closure))
#59 E:\\wamp64\\www\\techsense\\vendor\\laravel\\framework\\src\\Illuminate\\Foundation\\Http\\Middleware\\PreventRequestsDuringMaintenance.php(86): Illuminate\\Pipeline\\Pipeline->Illuminate\\Pipeline\\{closure}(Object(Illuminate\\Http\\Request))
#60 E:\\wamp64\\www\\techsense\\vendor\\laravel\\framework\\src\\Illuminate\\Pipeline\\Pipeline.php(180): Illuminate\\Foundation\\Http\\Middleware\\PreventRequestsDuringMaintenance->handle(Object(Illuminate\\Http\\Request), Object(Closure))
#61 E:\\wamp64\\www\\techsense\\vendor\\laravel\\framework\\src\\Illuminate\\Http\\Middleware\\HandleCors.php(49): Illuminate\\Pipeline\\Pipeline->Illuminate\\Pipeline\\{closure}(Object(Illuminate\\Http\\Request))
#62 E:\\wamp64\\www\\techsense\\vendor\\laravel\\framework\\src\\Illuminate\\Pipeline\\Pipeline.php(180): Illuminate\\Http\\Middleware\\HandleCors->handle(Object(Illuminate\\Http\\Request), Object(Closure))
#63 E:\\wamp64\\www\\techsense\\vendor\\laravel\\framework\\src\\Illuminate\\Http\\Middleware\\TrustProxies.php(39): Illuminate\\Pipeline\\Pipeline->Illuminate\\Pipeline\\{closure}(Object(Illuminate\\Http\\Request))
#64 E:\\wamp64\\www\\techsense\\vendor\\laravel\\framework\\src\\Illuminate\\Pipeline\\Pipeline.php(180): Illuminate\\Http\\Middleware\\TrustProxies->handle(Object(Illuminate\\Http\\Request), Object(Closure))
#65 E:\\wamp64\\www\\techsense\\vendor\\laravel\\framework\\src\\Illuminate\\Pipeline\\Pipeline.php(116): Illuminate\\Pipeline\\Pipeline->Illuminate\\Pipeline\\{closure}(Object(Illuminate\\Http\\Request))
#66 E:\\wamp64\\www\\techsense\\vendor\\laravel\\framework\\src\\Illuminate\\Foundation\\Http\\Kernel.php(165): Illuminate\\Pipeline\\Pipeline->then(Object(Closure))
#67 E:\\wamp64\\www\\techsense\\vendor\\laravel\\framework\\src\\Illuminate\\Foundation\\Http\\Kernel.php(134): Illuminate\\Foundation\\Http\\Kernel->sendRequestThroughRouter(Object(Illuminate\\Http\\Request))
#68 E:\\wamp64\\www\\techsense\\public\\index.php(51): Illuminate\\Foundation\\Http\\Kernel->handle(Object(Illuminate\\Http\\Request))
#69 E:\\wamp64\\www\\techsense\\vendor\\laravel\\framework\\src\\Illuminate\\Foundation\\resources\\server.php(16): require_once('E:\\\\wamp64\\\\www\\\\t...')
#70 {main}
"} 
[2025-07-02 23:28:43] live.ERROR: Uncaught ReflectionException: Class "App\Policies\ModelPolicy" does not exist in Command line code:1
Stack trace:
#0 Command line code(1): ReflectionClass->__construct('App\\Policies\\Mo...')
#1 [internal function]: {closure}('App\\Policies\\Mo...', 'App\\Model')
#2 Command line code(1): array_map(Object(Closure), Array, Array)
#3 {main}
  thrown {"exception":"[object] (Symfony\\Component\\ErrorHandler\\Error\\FatalError(code: 0): Uncaught ReflectionException: Class \"App\\Policies\\ModelPolicy\" does not exist in Command line code:1
Stack trace:
#0 Command line code(1): ReflectionClass->__construct('App\\\\Policies\\\\Mo...')
#1 [internal function]: {closure}('App\\\\Policies\\\\Mo...', 'App\\\\Model')
#2 Command line code(1): array_map(Object(Closure), Array, Array)
#3 {main}
  thrown at Command line code:1)
[stacktrace]
#0 E:\\wamp64\\www\\techsense\\vendor\\laravel\\framework\\src\\Illuminate\\Foundation\\Bootstrap\\HandleExceptions.php(259): Symfony\\Component\\ErrorHandler\\Error\\FatalError->__construct(message: ''Uncaught Refle...', code: '0', error: '['type' => 1, '...', traceOffset: '0', traceArgs: '???', trace: '???')
#1 E:\\wamp64\\www\\techsense\\vendor\\laravel\\framework\\src\\Illuminate\\Foundation\\Bootstrap\\HandleExceptions.php(246): Illuminate\\Foundation\\Bootstrap\\HandleExceptions->fatalErrorFromPhpError(error: '['type' => 1, '...', traceOffset: '0')
#2 E:\\wamp64\\www\\techsense\\vendor\\laravel\\framework\\src\\Illuminate\\Foundation\\Bootstrap\\HandleExceptions.php(270): Illuminate\\Foundation\\Bootstrap\\HandleExceptions->handleShutdown()
#3 E:\\wamp64\\www\\techsense\\vendor\\laravel\\framework\\src\\Illuminate\\Foundation\\Bootstrap\\HandleExceptions.php(0): Illuminate\\Foundation\\Bootstrap\\HandleExceptions->Illuminate\\Foundation\\Bootstrap\\{closure:E:\\wamp64\\www\\techsense\\vendor\\laravel\\framework\\src\\Illuminate\\Foundation\\Bootstrap\\HandleExceptions.php:269-271}()
#4 {main}
"} 
[2025-07-02 23:59:38] live.ERROR: Action ReportController@getBillDueReport not defined. {"view":{"view":"E:\\wamp64\\www\\techsense\\resources\\views\\report\\partials\\bill_due_report.blade.php","data":{"asset_v":"<pre class=sf-dump id=sf-dump-760077163 data-indent-pad=\"  \"><span class=sf-dump-num>530</span>
</pre><script>Sfdump(\"sf-dump-760077163\", {\"maxDepth\":3,\"maxStringLength\":160})</script>
","errors":"<pre class=sf-dump id=sf-dump-1289889821 data-indent-pad=\"  \"><span class=sf-dump-note>Illuminate\\Support\\ViewErrorBag</span> {<a class=sf-dump-ref>#2283</a><samp data-depth=1 class=sf-dump-expanded>
  #<span class=sf-dump-protected title=\"Protected property\">bags</span>: []
</samp>}
</pre><script>Sfdump(\"sf-dump-1289889821\", {\"maxDepth\":3,\"maxStringLength\":160})</script>
","enabled_modules":"<pre class=sf-dump id=sf-dump-187895239 data-indent-pad=\"  \"><span class=sf-dump-note>array:5</span> [<samp data-depth=1 class=sf-dump-expanded>
  <span class=sf-dump-index>0</span> => \"<span class=sf-dump-str title=\"9 characters\">purchases</span>\"
  <span class=sf-dump-index>1</span> => \"<span class=sf-dump-str title=\"8 characters\">add_sale</span>\"
  <span class=sf-dump-index>2</span> => \"<span class=sf-dump-str title=\"8 characters\">pos_sale</span>\"
  <span class=sf-dump-index>3</span> => \"<span class=sf-dump-str title=\"8 characters\">expenses</span>\"
  <span class=sf-dump-index>4</span> => \"<span class=sf-dump-str title=\"7 characters\">account</span>\"
</samp>]
</pre><script>Sfdump(\"sf-dump-187895239\", {\"maxDepth\":3,\"maxStringLength\":160})</script>
","__is_pusher_enabled":"<pre class=sf-dump id=sf-dump-964120198 data-indent-pad=\"  \"><span class=sf-dump-const>false</span>
</pre><script>Sfdump(\"sf-dump-964120198\", {\"maxDepth\":3,\"maxStringLength\":160})</script>
"}},"userId":1,"exception":"[object] (Spatie\\LaravelIgnition\\Exceptions\\ViewException(code: 0): Action ReportController@getBillDueReport not defined. at E:\\wamp64\\www\\techsense\\vendor\\laravel\\framework\\src\\Illuminate\\Routing\\UrlGenerator.php:510)
[stacktrace]
#0 E:\\wamp64\\www\\techsense\\vendor\\laravel\\framework\\src\\Illuminate\\Foundation\\helpers.php(102): Illuminate\\Routing\\UrlGenerator->action('ReportControlle...', Array, true)
#1 E:\\wamp64\\www\\techsense\\resources\\views\\report\\partials\\bill_due_report.blade.php(95): action('ReportControlle...')
#2 E:\\wamp64\\www\\techsense\\vendor\\laravel\\framework\\src\\Illuminate\\Filesystem\\Filesystem.php(109): require('E:\\\\wamp64\\\\www\\\\t...')
#3 E:\\wamp64\\www\\techsense\\vendor\\laravel\\framework\\src\\Illuminate\\Filesystem\\Filesystem.php(110): Illuminate\\Filesystem\\Filesystem::Illuminate\\Filesystem\\{closure}()
#4 E:\\wamp64\\www\\techsense\\vendor\\laravel\\framework\\src\\Illuminate\\View\\Engines\\PhpEngine.php(58): Illuminate\\Filesystem\\Filesystem->getRequire('E:\\\\wamp64\\\\www\\\\t...', Array)
#5 E:\\wamp64\\www\\techsense\\vendor\\laravel\\framework\\src\\Illuminate\\View\\Engines\\CompilerEngine.php(70): Illuminate\\View\\Engines\\PhpEngine->evaluatePath('E:\\\\wamp64\\\\www\\\\t...', Array)
#6 E:\\wamp64\\www\\techsense\\vendor\\laravel\\framework\\src\\Illuminate\\View\\View.php(195): Illuminate\\View\\Engines\\CompilerEngine->get('E:\\\\wamp64\\\\www\\\\t...', Array)
#7 E:\\wamp64\\www\\techsense\\vendor\\laravel\\framework\\src\\Illuminate\\View\\View.php(178): Illuminate\\View\\View->getContents()
#8 E:\\wamp64\\www\\techsense\\vendor\\laravel\\framework\\src\\Illuminate\\View\\View.php(147): Illuminate\\View\\View->renderContents()
#9 E:\\wamp64\\www\\techsense\\vendor\\laravel\\framework\\src\\Illuminate\\Http\\Response.php(69): Illuminate\\View\\View->render()
#10 E:\\wamp64\\www\\techsense\\vendor\\laravel\\framework\\src\\Illuminate\\Http\\Response.php(35): Illuminate\\Http\\Response->setContent(Object(Illuminate\\View\\View))
#11 E:\\wamp64\\www\\techsense\\vendor\\laravel\\framework\\src\\Illuminate\\Routing\\Router.php(906): Illuminate\\Http\\Response->__construct(Object(Illuminate\\View\\View), 200, Array)
#12 E:\\wamp64\\www\\techsense\\vendor\\laravel\\framework\\src\\Illuminate\\Routing\\Router.php(875): Illuminate\\Routing\\Router::toResponse(Object(Illuminate\\Http\\Request), Object(Illuminate\\View\\View))
#13 E:\\wamp64\\www\\techsense\\vendor\\laravel\\framework\\src\\Illuminate\\Routing\\Router.php(797): Illuminate\\Routing\\Router->prepareResponse(Object(Illuminate\\Http\\Request), Object(Illuminate\\View\\View))
#14 E:\\wamp64\\www\\techsense\\vendor\\laravel\\framework\\src\\Illuminate\\Pipeline\\Pipeline.php(141): Illuminate\\Routing\\Router->Illuminate\\Routing\\{closure}(Object(Illuminate\\Http\\Request))
#15 E:\\wamp64\\www\\techsense\\app\\Http\\Middleware\\CheckUserLogin.php(22): Illuminate\\Pipeline\\Pipeline->Illuminate\\Pipeline\\{closure}(Object(Illuminate\\Http\\Request))
#16 E:\\wamp64\\www\\techsense\\vendor\\laravel\\framework\\src\\Illuminate\\Pipeline\\Pipeline.php(180): App\\Http\\Middleware\\CheckUserLogin->handle(Object(Illuminate\\Http\\Request), Object(Closure))
#17 E:\\wamp64\\www\\techsense\\app\\Http\\Middleware\\AdminSidebarMenu.php(805): Illuminate\\Pipeline\\Pipeline->Illuminate\\Pipeline\\{closure}(Object(Illuminate\\Http\\Request))
#18 E:\\wamp64\\www\\techsense\\vendor\\laravel\\framework\\src\\Illuminate\\Pipeline\\Pipeline.php(180): App\\Http\\Middleware\\AdminSidebarMenu->handle(Object(Illuminate\\Http\\Request), Object(Closure))
#19 E:\\wamp64\\www\\techsense\\app\\Http\\Middleware\\Timezone.php(30): Illuminate\\Pipeline\\Pipeline->Illuminate\\Pipeline\\{closure}(Object(Illuminate\\Http\\Request))
#20 E:\\wamp64\\www\\techsense\\vendor\\laravel\\framework\\src\\Illuminate\\Pipeline\\Pipeline.php(180): App\\Http\\Middleware\\Timezone->handle(Object(Illuminate\\Http\\Request), Object(Closure))
#21 E:\\wamp64\\www\\techsense\\app\\Http\\Middleware\\Language.php(25): Illuminate\\Pipeline\\Pipeline->Illuminate\\Pipeline\\{closure}(Object(Illuminate\\Http\\Request))
#22 E:\\wamp64\\www\\techsense\\vendor\\laravel\\framework\\src\\Illuminate\\Pipeline\\Pipeline.php(180): App\\Http\\Middleware\\Language->handle(Object(Illuminate\\Http\\Request), Object(Closure))
#23 E:\\wamp64\\www\\techsense\\app\\Http\\Middleware\\SetSessionData.php(52): Illuminate\\Pipeline\\Pipeline->Illuminate\\Pipeline\\{closure}(Object(Illuminate\\Http\\Request))
#24 E:\\wamp64\\www\\techsense\\vendor\\laravel\\framework\\src\\Illuminate\\Pipeline\\Pipeline.php(180): App\\Http\\Middleware\\SetSessionData->handle(Object(Illuminate\\Http\\Request), Object(Closure))
#25 E:\\wamp64\\www\\techsense\\app\\Http\\Middleware\\IsInstalled.php(50): Illuminate\\Pipeline\\Pipeline->Illuminate\\Pipeline\\{closure}(Object(Illuminate\\Http\\Request))
#26 E:\\wamp64\\www\\techsense\\vendor\\laravel\\framework\\src\\Illuminate\\Pipeline\\Pipeline.php(180): App\\Http\\Middleware\\IsInstalled->handle(Object(Illuminate\\Http\\Request), Object(Closure))
#27 E:\\wamp64\\www\\techsense\\vendor\\laravel\\framework\\src\\Illuminate\\Routing\\Middleware\\SubstituteBindings.php(50): Illuminate\\Pipeline\\Pipeline->Illuminate\\Pipeline\\{closure}(Object(Illuminate\\Http\\Request))
#28 E:\\wamp64\\www\\techsense\\vendor\\laravel\\framework\\src\\Illuminate\\Pipeline\\Pipeline.php(180): Illuminate\\Routing\\Middleware\\SubstituteBindings->handle(Object(Illuminate\\Http\\Request), Object(Closure))
#29 E:\\wamp64\\www\\techsense\\vendor\\laravel\\framework\\src\\Illuminate\\Auth\\Middleware\\Authenticate.php(44): Illuminate\\Pipeline\\Pipeline->Illuminate\\Pipeline\\{closure}(Object(Illuminate\\Http\\Request))
#30 E:\\wamp64\\www\\techsense\\vendor\\laravel\\framework\\src\\Illuminate\\Pipeline\\Pipeline.php(180): Illuminate\\Auth\\Middleware\\Authenticate->handle(Object(Illuminate\\Http\\Request), Object(Closure))
#31 E:\\wamp64\\www\\techsense\\vendor\\laravel\\framework\\src\\Illuminate\\Foundation\\Http\\Middleware\\VerifyCsrfToken.php(78): Illuminate\\Pipeline\\Pipeline->Illuminate\\Pipeline\\{closure}(Object(Illuminate\\Http\\Request))
#32 E:\\wamp64\\www\\techsense\\vendor\\laravel\\framework\\src\\Illuminate\\Pipeline\\Pipeline.php(180): Illuminate\\Foundation\\Http\\Middleware\\VerifyCsrfToken->handle(Object(Illuminate\\Http\\Request), Object(Closure))
#33 E:\\wamp64\\www\\techsense\\vendor\\laravel\\framework\\src\\Illuminate\\View\\Middleware\\ShareErrorsFromSession.php(49): Illuminate\\Pipeline\\Pipeline->Illuminate\\Pipeline\\{closure}(Object(Illuminate\\Http\\Request))
#34 E:\\wamp64\\www\\techsense\\vendor\\laravel\\framework\\src\\Illuminate\\Pipeline\\Pipeline.php(180): Illuminate\\View\\Middleware\\ShareErrorsFromSession->handle(Object(Illuminate\\Http\\Request), Object(Closure))
#35 E:\\wamp64\\www\\techsense\\vendor\\laravel\\framework\\src\\Illuminate\\Session\\Middleware\\StartSession.php(121): Illuminate\\Pipeline\\Pipeline->Illuminate\\Pipeline\\{closure}(Object(Illuminate\\Http\\Request))
#36 E:\\wamp64\\www\\techsense\\vendor\\laravel\\framework\\src\\Illuminate\\Session\\Middleware\\StartSession.php(64): Illuminate\\Session\\Middleware\\StartSession->handleStatefulRequest(Object(Illuminate\\Http\\Request), Object(Illuminate\\Session\\Store), Object(Closure))
#37 E:\\wamp64\\www\\techsense\\vendor\\laravel\\framework\\src\\Illuminate\\Pipeline\\Pipeline.php(180): Illuminate\\Session\\Middleware\\StartSession->handle(Object(Illuminate\\Http\\Request), Object(Closure))
#38 E:\\wamp64\\www\\techsense\\vendor\\laravel\\framework\\src\\Illuminate\\Cookie\\Middleware\\AddQueuedCookiesToResponse.php(37): Illuminate\\Pipeline\\Pipeline->Illuminate\\Pipeline\\{closure}(Object(Illuminate\\Http\\Request))
#39 E:\\wamp64\\www\\techsense\\vendor\\laravel\\framework\\src\\Illuminate\\Pipeline\\Pipeline.php(180): Illuminate\\Cookie\\Middleware\\AddQueuedCookiesToResponse->handle(Object(Illuminate\\Http\\Request), Object(Closure))
#40 E:\\wamp64\\www\\techsense\\vendor\\laravel\\framework\\src\\Illuminate\\Cookie\\Middleware\\EncryptCookies.php(67): Illuminate\\Pipeline\\Pipeline->Illuminate\\Pipeline\\{closure}(Object(Illuminate\\Http\\Request))
#41 E:\\wamp64\\www\\techsense\\vendor\\laravel\\framework\\src\\Illuminate\\Pipeline\\Pipeline.php(180): Illuminate\\Cookie\\Middleware\\EncryptCookies->handle(Object(Illuminate\\Http\\Request), Object(Closure))
#42 E:\\wamp64\\www\\techsense\\vendor\\laravel\\framework\\src\\Illuminate\\Pipeline\\Pipeline.php(116): Illuminate\\Pipeline\\Pipeline->Illuminate\\Pipeline\\{closure}(Object(Illuminate\\Http\\Request))
#43 E:\\wamp64\\www\\techsense\\vendor\\laravel\\framework\\src\\Illuminate\\Routing\\Router.php(797): Illuminate\\Pipeline\\Pipeline->then(Object(Closure))
#44 E:\\wamp64\\www\\techsense\\vendor\\laravel\\framework\\src\\Illuminate\\Routing\\Router.php(776): Illuminate\\Routing\\Router->runRouteWithinStack(Object(Illuminate\\Routing\\Route), Object(Illuminate\\Http\\Request))
#45 E:\\wamp64\\www\\techsense\\vendor\\laravel\\framework\\src\\Illuminate\\Routing\\Router.php(740): Illuminate\\Routing\\Router->runRoute(Object(Illuminate\\Http\\Request), Object(Illuminate\\Routing\\Route))
#46 E:\\wamp64\\www\\techsense\\vendor\\laravel\\framework\\src\\Illuminate\\Routing\\Router.php(729): Illuminate\\Routing\\Router->dispatchToRoute(Object(Illuminate\\Http\\Request))
#47 E:\\wamp64\\www\\techsense\\vendor\\laravel\\framework\\src\\Illuminate\\Foundation\\Http\\Kernel.php(190): Illuminate\\Routing\\Router->dispatch(Object(Illuminate\\Http\\Request))
#48 E:\\wamp64\\www\\techsense\\vendor\\laravel\\framework\\src\\Illuminate\\Pipeline\\Pipeline.php(141): Illuminate\\Foundation\\Http\\Kernel->Illuminate\\Foundation\\Http\\{closure}(Object(Illuminate\\Http\\Request))
#49 E:\\wamp64\\www\\techsense\\vendor\\barryvdh\\laravel-debugbar\\src\\Middleware\\InjectDebugbar.php(59): Illuminate\\Pipeline\\Pipeline->Illuminate\\Pipeline\\{closure}(Object(Illuminate\\Http\\Request))
#50 E:\\wamp64\\www\\techsense\\vendor\\laravel\\framework\\src\\Illuminate\\Pipeline\\Pipeline.php(180): Barryvdh\\Debugbar\\Middleware\\InjectDebugbar->handle(Object(Illuminate\\Http\\Request), Object(Closure))
#51 E:\\wamp64\\www\\techsense\\vendor\\laravel\\framework\\src\\Illuminate\\Foundation\\Http\\Middleware\\TransformsRequest.php(21): Illuminate\\Pipeline\\Pipeline->Illuminate\\Pipeline\\{closure}(Object(Illuminate\\Http\\Request))
#52 E:\\wamp64\\www\\techsense\\vendor\\laravel\\framework\\src\\Illuminate\\Foundation\\Http\\Middleware\\ConvertEmptyStringsToNull.php(31): Illuminate\\Foundation\\Http\\Middleware\\TransformsRequest->handle(Object(Illuminate\\Http\\Request), Object(Closure))
#53 E:\\wamp64\\www\\techsense\\vendor\\laravel\\framework\\src\\Illuminate\\Pipeline\\Pipeline.php(180): Illuminate\\Foundation\\Http\\Middleware\\ConvertEmptyStringsToNull->handle(Object(Illuminate\\Http\\Request), Object(Closure))
#54 E:\\wamp64\\www\\techsense\\vendor\\laravel\\framework\\src\\Illuminate\\Foundation\\Http\\Middleware\\TransformsRequest.php(21): Illuminate\\Pipeline\\Pipeline->Illuminate\\Pipeline\\{closure}(Object(Illuminate\\Http\\Request))
#55 E:\\wamp64\\www\\techsense\\vendor\\laravel\\framework\\src\\Illuminate\\Foundation\\Http\\Middleware\\TrimStrings.php(40): Illuminate\\Foundation\\Http\\Middleware\\TransformsRequest->handle(Object(Illuminate\\Http\\Request), Object(Closure))
#56 E:\\wamp64\\www\\techsense\\vendor\\laravel\\framework\\src\\Illuminate\\Pipeline\\Pipeline.php(180): Illuminate\\Foundation\\Http\\Middleware\\TrimStrings->handle(Object(Illuminate\\Http\\Request), Object(Closure))
#57 E:\\wamp64\\www\\techsense\\vendor\\laravel\\framework\\src\\Illuminate\\Foundation\\Http\\Middleware\\ValidatePostSize.php(27): Illuminate\\Pipeline\\Pipeline->Illuminate\\Pipeline\\{closure}(Object(Illuminate\\Http\\Request))
#58 E:\\wamp64\\www\\techsense\\vendor\\laravel\\framework\\src\\Illuminate\\Pipeline\\Pipeline.php(180): Illuminate\\Foundation\\Http\\Middleware\\ValidatePostSize->handle(Object(Illuminate\\Http\\Request), Object(Closure))
#59 E:\\wamp64\\www\\techsense\\vendor\\laravel\\framework\\src\\Illuminate\\Foundation\\Http\\Middleware\\PreventRequestsDuringMaintenance.php(86): Illuminate\\Pipeline\\Pipeline->Illuminate\\Pipeline\\{closure}(Object(Illuminate\\Http\\Request))
#60 E:\\wamp64\\www\\techsense\\vendor\\laravel\\framework\\src\\Illuminate\\Pipeline\\Pipeline.php(180): Illuminate\\Foundation\\Http\\Middleware\\PreventRequestsDuringMaintenance->handle(Object(Illuminate\\Http\\Request), Object(Closure))
#61 E:\\wamp64\\www\\techsense\\vendor\\laravel\\framework\\src\\Illuminate\\Http\\Middleware\\HandleCors.php(49): Illuminate\\Pipeline\\Pipeline->Illuminate\\Pipeline\\{closure}(Object(Illuminate\\Http\\Request))
#62 E:\\wamp64\\www\\techsense\\vendor\\laravel\\framework\\src\\Illuminate\\Pipeline\\Pipeline.php(180): Illuminate\\Http\\Middleware\\HandleCors->handle(Object(Illuminate\\Http\\Request), Object(Closure))
#63 E:\\wamp64\\www\\techsense\\vendor\\laravel\\framework\\src\\Illuminate\\Http\\Middleware\\TrustProxies.php(39): Illuminate\\Pipeline\\Pipeline->Illuminate\\Pipeline\\{closure}(Object(Illuminate\\Http\\Request))
#64 E:\\wamp64\\www\\techsense\\vendor\\laravel\\framework\\src\\Illuminate\\Pipeline\\Pipeline.php(180): Illuminate\\Http\\Middleware\\TrustProxies->handle(Object(Illuminate\\Http\\Request), Object(Closure))
#65 E:\\wamp64\\www\\techsense\\vendor\\laravel\\framework\\src\\Illuminate\\Pipeline\\Pipeline.php(116): Illuminate\\Pipeline\\Pipeline->Illuminate\\Pipeline\\{closure}(Object(Illuminate\\Http\\Request))
#66 E:\\wamp64\\www\\techsense\\vendor\\laravel\\framework\\src\\Illuminate\\Foundation\\Http\\Kernel.php(165): Illuminate\\Pipeline\\Pipeline->then(Object(Closure))
#67 E:\\wamp64\\www\\techsense\\vendor\\laravel\\framework\\src\\Illuminate\\Foundation\\Http\\Kernel.php(134): Illuminate\\Foundation\\Http\\Kernel->sendRequestThroughRouter(Object(Illuminate\\Http\\Request))
#68 E:\\wamp64\\www\\techsense\\public\\index.php(51): Illuminate\\Foundation\\Http\\Kernel->handle(Object(Illuminate\\Http\\Request))
#69 E:\\wamp64\\www\\techsense\\vendor\\laravel\\framework\\src\\Illuminate\\Foundation\\resources\\server.php(16): require_once('E:\\\\wamp64\\\\www\\\\t...')
#70 {main}

[previous exception] [object] (InvalidArgumentException(code: 0): Action ReportController@getBillDueReport not defined. at E:\\wamp64\\www\\techsense\\vendor\\laravel\\framework\\src\\Illuminate\\Routing\\UrlGenerator.php:510)
[stacktrace]
#0 E:\\wamp64\\www\\techsense\\vendor\\laravel\\framework\\src\\Illuminate\\Foundation\\helpers.php(102): Illuminate\\Routing\\UrlGenerator->action('ReportControlle...', Array, true)
#1 E:\\wamp64\\www\\techsense\\storage\\framework\\views\\fcf6a4592deb3f44ce20301d41f3afe9aa6eca49.php(103): action('ReportControlle...')
#2 E:\\wamp64\\www\\techsense\\vendor\\laravel\\framework\\src\\Illuminate\\Filesystem\\Filesystem.php(109): require('E:\\\\wamp64\\\\www\\\\t...')
#3 E:\\wamp64\\www\\techsense\\vendor\\laravel\\framework\\src\\Illuminate\\Filesystem\\Filesystem.php(110): Illuminate\\Filesystem\\Filesystem::Illuminate\\Filesystem\\{closure}()
#4 E:\\wamp64\\www\\techsense\\vendor\\laravel\\framework\\src\\Illuminate\\View\\Engines\\PhpEngine.php(58): Illuminate\\Filesystem\\Filesystem->getRequire('E:\\\\wamp64\\\\www\\\\t...', Array)
#5 E:\\wamp64\\www\\techsense\\vendor\\laravel\\framework\\src\\Illuminate\\View\\Engines\\CompilerEngine.php(70): Illuminate\\View\\Engines\\PhpEngine->evaluatePath('E:\\\\wamp64\\\\www\\\\t...', Array)
#6 E:\\wamp64\\www\\techsense\\vendor\\laravel\\framework\\src\\Illuminate\\View\\View.php(195): Illuminate\\View\\Engines\\CompilerEngine->get('E:\\\\wamp64\\\\www\\\\t...', Array)
#7 E:\\wamp64\\www\\techsense\\vendor\\laravel\\framework\\src\\Illuminate\\View\\View.php(178): Illuminate\\View\\View->getContents()
#8 E:\\wamp64\\www\\techsense\\vendor\\laravel\\framework\\src\\Illuminate\\View\\View.php(147): Illuminate\\View\\View->renderContents()
#9 E:\\wamp64\\www\\techsense\\vendor\\laravel\\framework\\src\\Illuminate\\Http\\Response.php(69): Illuminate\\View\\View->render()
#10 E:\\wamp64\\www\\techsense\\vendor\\laravel\\framework\\src\\Illuminate\\Http\\Response.php(35): Illuminate\\Http\\Response->setContent(Object(Illuminate\\View\\View))
#11 E:\\wamp64\\www\\techsense\\vendor\\laravel\\framework\\src\\Illuminate\\Routing\\Router.php(906): Illuminate\\Http\\Response->__construct(Object(Illuminate\\View\\View), 200, Array)
#12 E:\\wamp64\\www\\techsense\\vendor\\laravel\\framework\\src\\Illuminate\\Routing\\Router.php(875): Illuminate\\Routing\\Router::toResponse(Object(Illuminate\\Http\\Request), Object(Illuminate\\View\\View))
#13 E:\\wamp64\\www\\techsense\\vendor\\laravel\\framework\\src\\Illuminate\\Routing\\Router.php(797): Illuminate\\Routing\\Router->prepareResponse(Object(Illuminate\\Http\\Request), Object(Illuminate\\View\\View))
#14 E:\\wamp64\\www\\techsense\\vendor\\laravel\\framework\\src\\Illuminate\\Pipeline\\Pipeline.php(141): Illuminate\\Routing\\Router->Illuminate\\Routing\\{closure}(Object(Illuminate\\Http\\Request))
#15 E:\\wamp64\\www\\techsense\\app\\Http\\Middleware\\CheckUserLogin.php(22): Illuminate\\Pipeline\\Pipeline->Illuminate\\Pipeline\\{closure}(Object(Illuminate\\Http\\Request))
#16 E:\\wamp64\\www\\techsense\\vendor\\laravel\\framework\\src\\Illuminate\\Pipeline\\Pipeline.php(180): App\\Http\\Middleware\\CheckUserLogin->handle(Object(Illuminate\\Http\\Request), Object(Closure))
#17 E:\\wamp64\\www\\techsense\\app\\Http\\Middleware\\AdminSidebarMenu.php(805): Illuminate\\Pipeline\\Pipeline->Illuminate\\Pipeline\\{closure}(Object(Illuminate\\Http\\Request))
#18 E:\\wamp64\\www\\techsense\\vendor\\laravel\\framework\\src\\Illuminate\\Pipeline\\Pipeline.php(180): App\\Http\\Middleware\\AdminSidebarMenu->handle(Object(Illuminate\\Http\\Request), Object(Closure))
#19 E:\\wamp64\\www\\techsense\\app\\Http\\Middleware\\Timezone.php(30): Illuminate\\Pipeline\\Pipeline->Illuminate\\Pipeline\\{closure}(Object(Illuminate\\Http\\Request))
#20 E:\\wamp64\\www\\techsense\\vendor\\laravel\\framework\\src\\Illuminate\\Pipeline\\Pipeline.php(180): App\\Http\\Middleware\\Timezone->handle(Object(Illuminate\\Http\\Request), Object(Closure))
#21 E:\\wamp64\\www\\techsense\\app\\Http\\Middleware\\Language.php(25): Illuminate\\Pipeline\\Pipeline->Illuminate\\Pipeline\\{closure}(Object(Illuminate\\Http\\Request))
#22 E:\\wamp64\\www\\techsense\\vendor\\laravel\\framework\\src\\Illuminate\\Pipeline\\Pipeline.php(180): App\\Http\\Middleware\\Language->handle(Object(Illuminate\\Http\\Request), Object(Closure))
#23 E:\\wamp64\\www\\techsense\\app\\Http\\Middleware\\SetSessionData.php(52): Illuminate\\Pipeline\\Pipeline->Illuminate\\Pipeline\\{closure}(Object(Illuminate\\Http\\Request))
#24 E:\\wamp64\\www\\techsense\\vendor\\laravel\\framework\\src\\Illuminate\\Pipeline\\Pipeline.php(180): App\\Http\\Middleware\\SetSessionData->handle(Object(Illuminate\\Http\\Request), Object(Closure))
#25 E:\\wamp64\\www\\techsense\\app\\Http\\Middleware\\IsInstalled.php(50): Illuminate\\Pipeline\\Pipeline->Illuminate\\Pipeline\\{closure}(Object(Illuminate\\Http\\Request))
#26 E:\\wamp64\\www\\techsense\\vendor\\laravel\\framework\\src\\Illuminate\\Pipeline\\Pipeline.php(180): App\\Http\\Middleware\\IsInstalled->handle(Object(Illuminate\\Http\\Request), Object(Closure))
#27 E:\\wamp64\\www\\techsense\\vendor\\laravel\\framework\\src\\Illuminate\\Routing\\Middleware\\SubstituteBindings.php(50): Illuminate\\Pipeline\\Pipeline->Illuminate\\Pipeline\\{closure}(Object(Illuminate\\Http\\Request))
#28 E:\\wamp64\\www\\techsense\\vendor\\laravel\\framework\\src\\Illuminate\\Pipeline\\Pipeline.php(180): Illuminate\\Routing\\Middleware\\SubstituteBindings->handle(Object(Illuminate\\Http\\Request), Object(Closure))
#29 E:\\wamp64\\www\\techsense\\vendor\\laravel\\framework\\src\\Illuminate\\Auth\\Middleware\\Authenticate.php(44): Illuminate\\Pipeline\\Pipeline->Illuminate\\Pipeline\\{closure}(Object(Illuminate\\Http\\Request))
#30 E:\\wamp64\\www\\techsense\\vendor\\laravel\\framework\\src\\Illuminate\\Pipeline\\Pipeline.php(180): Illuminate\\Auth\\Middleware\\Authenticate->handle(Object(Illuminate\\Http\\Request), Object(Closure))
#31 E:\\wamp64\\www\\techsense\\vendor\\laravel\\framework\\src\\Illuminate\\Foundation\\Http\\Middleware\\VerifyCsrfToken.php(78): Illuminate\\Pipeline\\Pipeline->Illuminate\\Pipeline\\{closure}(Object(Illuminate\\Http\\Request))
#32 E:\\wamp64\\www\\techsense\\vendor\\laravel\\framework\\src\\Illuminate\\Pipeline\\Pipeline.php(180): Illuminate\\Foundation\\Http\\Middleware\\VerifyCsrfToken->handle(Object(Illuminate\\Http\\Request), Object(Closure))
#33 E:\\wamp64\\www\\techsense\\vendor\\laravel\\framework\\src\\Illuminate\\View\\Middleware\\ShareErrorsFromSession.php(49): Illuminate\\Pipeline\\Pipeline->Illuminate\\Pipeline\\{closure}(Object(Illuminate\\Http\\Request))
#34 E:\\wamp64\\www\\techsense\\vendor\\laravel\\framework\\src\\Illuminate\\Pipeline\\Pipeline.php(180): Illuminate\\View\\Middleware\\ShareErrorsFromSession->handle(Object(Illuminate\\Http\\Request), Object(Closure))
#35 E:\\wamp64\\www\\techsense\\vendor\\laravel\\framework\\src\\Illuminate\\Session\\Middleware\\StartSession.php(121): Illuminate\\Pipeline\\Pipeline->Illuminate\\Pipeline\\{closure}(Object(Illuminate\\Http\\Request))
#36 E:\\wamp64\\www\\techsense\\vendor\\laravel\\framework\\src\\Illuminate\\Session\\Middleware\\StartSession.php(64): Illuminate\\Session\\Middleware\\StartSession->handleStatefulRequest(Object(Illuminate\\Http\\Request), Object(Illuminate\\Session\\Store), Object(Closure))
#37 E:\\wamp64\\www\\techsense\\vendor\\laravel\\framework\\src\\Illuminate\\Pipeline\\Pipeline.php(180): Illuminate\\Session\\Middleware\\StartSession->handle(Object(Illuminate\\Http\\Request), Object(Closure))
#38 E:\\wamp64\\www\\techsense\\vendor\\laravel\\framework\\src\\Illuminate\\Cookie\\Middleware\\AddQueuedCookiesToResponse.php(37): Illuminate\\Pipeline\\Pipeline->Illuminate\\Pipeline\\{closure}(Object(Illuminate\\Http\\Request))
#39 E:\\wamp64\\www\\techsense\\vendor\\laravel\\framework\\src\\Illuminate\\Pipeline\\Pipeline.php(180): Illuminate\\Cookie\\Middleware\\AddQueuedCookiesToResponse->handle(Object(Illuminate\\Http\\Request), Object(Closure))
#40 E:\\wamp64\\www\\techsense\\vendor\\laravel\\framework\\src\\Illuminate\\Cookie\\Middleware\\EncryptCookies.php(67): Illuminate\\Pipeline\\Pipeline->Illuminate\\Pipeline\\{closure}(Object(Illuminate\\Http\\Request))
#41 E:\\wamp64\\www\\techsense\\vendor\\laravel\\framework\\src\\Illuminate\\Pipeline\\Pipeline.php(180): Illuminate\\Cookie\\Middleware\\EncryptCookies->handle(Object(Illuminate\\Http\\Request), Object(Closure))
#42 E:\\wamp64\\www\\techsense\\vendor\\laravel\\framework\\src\\Illuminate\\Pipeline\\Pipeline.php(116): Illuminate\\Pipeline\\Pipeline->Illuminate\\Pipeline\\{closure}(Object(Illuminate\\Http\\Request))
#43 E:\\wamp64\\www\\techsense\\vendor\\laravel\\framework\\src\\Illuminate\\Routing\\Router.php(797): Illuminate\\Pipeline\\Pipeline->then(Object(Closure))
#44 E:\\wamp64\\www\\techsense\\vendor\\laravel\\framework\\src\\Illuminate\\Routing\\Router.php(776): Illuminate\\Routing\\Router->runRouteWithinStack(Object(Illuminate\\Routing\\Route), Object(Illuminate\\Http\\Request))
#45 E:\\wamp64\\www\\techsense\\vendor\\laravel\\framework\\src\\Illuminate\\Routing\\Router.php(740): Illuminate\\Routing\\Router->runRoute(Object(Illuminate\\Http\\Request), Object(Illuminate\\Routing\\Route))
#46 E:\\wamp64\\www\\techsense\\vendor\\laravel\\framework\\src\\Illuminate\\Routing\\Router.php(729): Illuminate\\Routing\\Router->dispatchToRoute(Object(Illuminate\\Http\\Request))
#47 E:\\wamp64\\www\\techsense\\vendor\\laravel\\framework\\src\\Illuminate\\Foundation\\Http\\Kernel.php(190): Illuminate\\Routing\\Router->dispatch(Object(Illuminate\\Http\\Request))
#48 E:\\wamp64\\www\\techsense\\vendor\\laravel\\framework\\src\\Illuminate\\Pipeline\\Pipeline.php(141): Illuminate\\Foundation\\Http\\Kernel->Illuminate\\Foundation\\Http\\{closure}(Object(Illuminate\\Http\\Request))
#49 E:\\wamp64\\www\\techsense\\vendor\\barryvdh\\laravel-debugbar\\src\\Middleware\\InjectDebugbar.php(59): Illuminate\\Pipeline\\Pipeline->Illuminate\\Pipeline\\{closure}(Object(Illuminate\\Http\\Request))
#50 E:\\wamp64\\www\\techsense\\vendor\\laravel\\framework\\src\\Illuminate\\Pipeline\\Pipeline.php(180): Barryvdh\\Debugbar\\Middleware\\InjectDebugbar->handle(Object(Illuminate\\Http\\Request), Object(Closure))
#51 E:\\wamp64\\www\\techsense\\vendor\\laravel\\framework\\src\\Illuminate\\Foundation\\Http\\Middleware\\TransformsRequest.php(21): Illuminate\\Pipeline\\Pipeline->Illuminate\\Pipeline\\{closure}(Object(Illuminate\\Http\\Request))
#52 E:\\wamp64\\www\\techsense\\vendor\\laravel\\framework\\src\\Illuminate\\Foundation\\Http\\Middleware\\ConvertEmptyStringsToNull.php(31): Illuminate\\Foundation\\Http\\Middleware\\TransformsRequest->handle(Object(Illuminate\\Http\\Request), Object(Closure))
#53 E:\\wamp64\\www\\techsense\\vendor\\laravel\\framework\\src\\Illuminate\\Pipeline\\Pipeline.php(180): Illuminate\\Foundation\\Http\\Middleware\\ConvertEmptyStringsToNull->handle(Object(Illuminate\\Http\\Request), Object(Closure))
#54 E:\\wamp64\\www\\techsense\\vendor\\laravel\\framework\\src\\Illuminate\\Foundation\\Http\\Middleware\\TransformsRequest.php(21): Illuminate\\Pipeline\\Pipeline->Illuminate\\Pipeline\\{closure}(Object(Illuminate\\Http\\Request))
#55 E:\\wamp64\\www\\techsense\\vendor\\laravel\\framework\\src\\Illuminate\\Foundation\\Http\\Middleware\\TrimStrings.php(40): Illuminate\\Foundation\\Http\\Middleware\\TransformsRequest->handle(Object(Illuminate\\Http\\Request), Object(Closure))
#56 E:\\wamp64\\www\\techsense\\vendor\\laravel\\framework\\src\\Illuminate\\Pipeline\\Pipeline.php(180): Illuminate\\Foundation\\Http\\Middleware\\TrimStrings->handle(Object(Illuminate\\Http\\Request), Object(Closure))
#57 E:\\wamp64\\www\\techsense\\vendor\\laravel\\framework\\src\\Illuminate\\Foundation\\Http\\Middleware\\ValidatePostSize.php(27): Illuminate\\Pipeline\\Pipeline->Illuminate\\Pipeline\\{closure}(Object(Illuminate\\Http\\Request))
#58 E:\\wamp64\\www\\techsense\\vendor\\laravel\\framework\\src\\Illuminate\\Pipeline\\Pipeline.php(180): Illuminate\\Foundation\\Http\\Middleware\\ValidatePostSize->handle(Object(Illuminate\\Http\\Request), Object(Closure))
#59 E:\\wamp64\\www\\techsense\\vendor\\laravel\\framework\\src\\Illuminate\\Foundation\\Http\\Middleware\\PreventRequestsDuringMaintenance.php(86): Illuminate\\Pipeline\\Pipeline->Illuminate\\Pipeline\\{closure}(Object(Illuminate\\Http\\Request))
#60 E:\\wamp64\\www\\techsense\\vendor\\laravel\\framework\\src\\Illuminate\\Pipeline\\Pipeline.php(180): Illuminate\\Foundation\\Http\\Middleware\\PreventRequestsDuringMaintenance->handle(Object(Illuminate\\Http\\Request), Object(Closure))
#61 E:\\wamp64\\www\\techsense\\vendor\\laravel\\framework\\src\\Illuminate\\Http\\Middleware\\HandleCors.php(49): Illuminate\\Pipeline\\Pipeline->Illuminate\\Pipeline\\{closure}(Object(Illuminate\\Http\\Request))
#62 E:\\wamp64\\www\\techsense\\vendor\\laravel\\framework\\src\\Illuminate\\Pipeline\\Pipeline.php(180): Illuminate\\Http\\Middleware\\HandleCors->handle(Object(Illuminate\\Http\\Request), Object(Closure))
#63 E:\\wamp64\\www\\techsense\\vendor\\laravel\\framework\\src\\Illuminate\\Http\\Middleware\\TrustProxies.php(39): Illuminate\\Pipeline\\Pipeline->Illuminate\\Pipeline\\{closure}(Object(Illuminate\\Http\\Request))
#64 E:\\wamp64\\www\\techsense\\vendor\\laravel\\framework\\src\\Illuminate\\Pipeline\\Pipeline.php(180): Illuminate\\Http\\Middleware\\TrustProxies->handle(Object(Illuminate\\Http\\Request), Object(Closure))
#65 E:\\wamp64\\www\\techsense\\vendor\\laravel\\framework\\src\\Illuminate\\Pipeline\\Pipeline.php(116): Illuminate\\Pipeline\\Pipeline->Illuminate\\Pipeline\\{closure}(Object(Illuminate\\Http\\Request))
#66 E:\\wamp64\\www\\techsense\\vendor\\laravel\\framework\\src\\Illuminate\\Foundation\\Http\\Kernel.php(165): Illuminate\\Pipeline\\Pipeline->then(Object(Closure))
#67 E:\\wamp64\\www\\techsense\\vendor\\laravel\\framework\\src\\Illuminate\\Foundation\\Http\\Kernel.php(134): Illuminate\\Foundation\\Http\\Kernel->sendRequestThroughRouter(Object(Illuminate\\Http\\Request))
#68 E:\\wamp64\\www\\techsense\\public\\index.php(51): Illuminate\\Foundation\\Http\\Kernel->handle(Object(Illuminate\\Http\\Request))
#69 E:\\wamp64\\www\\techsense\\vendor\\laravel\\framework\\src\\Illuminate\\Foundation\\resources\\server.php(16): require_once('E:\\\\wamp64\\\\www\\\\t...')
#70 {main}
"} 
[2025-07-02 23:29:43] live.ERROR: Uncaught ReflectionException: Class "App\Policies\ModelPolicy" does not exist in Command line code:1
Stack trace:
#0 Command line code(1): ReflectionClass->__construct('App\\Policies\\Mo...')
#1 [internal function]: {closure}('App\\Policies\\Mo...', 'App\\Model')
#2 Command line code(1): array_map(Object(Closure), Array, Array)
#3 {main}
  thrown {"exception":"[object] (Symfony\\Component\\ErrorHandler\\Error\\FatalError(code: 0): Uncaught ReflectionException: Class \"App\\Policies\\ModelPolicy\" does not exist in Command line code:1
Stack trace:
#0 Command line code(1): ReflectionClass->__construct('App\\\\Policies\\\\Mo...')
#1 [internal function]: {closure}('App\\\\Policies\\\\Mo...', 'App\\\\Model')
#2 Command line code(1): array_map(Object(Closure), Array, Array)
#3 {main}
  thrown at Command line code:1)
[stacktrace]
#0 E:\\wamp64\\www\\techsense\\vendor\\laravel\\framework\\src\\Illuminate\\Foundation\\Bootstrap\\HandleExceptions.php(259): Symfony\\Component\\ErrorHandler\\Error\\FatalError->__construct(message: ''Uncaught Refle...', code: '0', error: '['type' => 1, '...', traceOffset: '0', traceArgs: '???', trace: '???')
#1 E:\\wamp64\\www\\techsense\\vendor\\laravel\\framework\\src\\Illuminate\\Foundation\\Bootstrap\\HandleExceptions.php(246): Illuminate\\Foundation\\Bootstrap\\HandleExceptions->fatalErrorFromPhpError(error: '['type' => 1, '...', traceOffset: '0')
#2 E:\\wamp64\\www\\techsense\\vendor\\laravel\\framework\\src\\Illuminate\\Foundation\\Bootstrap\\HandleExceptions.php(270): Illuminate\\Foundation\\Bootstrap\\HandleExceptions->handleShutdown()
#3 E:\\wamp64\\www\\techsense\\vendor\\laravel\\framework\\src\\Illuminate\\Foundation\\Bootstrap\\HandleExceptions.php(0): Illuminate\\Foundation\\Bootstrap\\HandleExceptions->Illuminate\\Foundation\\Bootstrap\\{closure:E:\\wamp64\\www\\techsense\\vendor\\laravel\\framework\\src\\Illuminate\\Foundation\\Bootstrap\\HandleExceptions.php:269-271}()
#4 {main}
"} 
[2025-07-02 23:30:43] live.ERROR: Uncaught ReflectionException: Class "App\Policies\ModelPolicy" does not exist in Command line code:1
Stack trace:
#0 Command line code(1): ReflectionClass->__construct('App\\Policies\\Mo...')
#1 [internal function]: {closure}('App\\Policies\\Mo...', 'App\\Model')
#2 Command line code(1): array_map(Object(Closure), Array, Array)
#3 {main}
  thrown {"exception":"[object] (Symfony\\Component\\ErrorHandler\\Error\\FatalError(code: 0): Uncaught ReflectionException: Class \"App\\Policies\\ModelPolicy\" does not exist in Command line code:1
Stack trace:
#0 Command line code(1): ReflectionClass->__construct('App\\\\Policies\\\\Mo...')
#1 [internal function]: {closure}('App\\\\Policies\\\\Mo...', 'App\\\\Model')
#2 Command line code(1): array_map(Object(Closure), Array, Array)
#3 {main}
  thrown at Command line code:1)
[stacktrace]
#0 E:\\wamp64\\www\\techsense\\vendor\\laravel\\framework\\src\\Illuminate\\Foundation\\Bootstrap\\HandleExceptions.php(259): Symfony\\Component\\ErrorHandler\\Error\\FatalError->__construct(message: ''Uncaught Refle...', code: '0', error: '['type' => 1, '...', traceOffset: '0', traceArgs: '???', trace: '???')
#1 E:\\wamp64\\www\\techsense\\vendor\\laravel\\framework\\src\\Illuminate\\Foundation\\Bootstrap\\HandleExceptions.php(246): Illuminate\\Foundation\\Bootstrap\\HandleExceptions->fatalErrorFromPhpError(error: '['type' => 1, '...', traceOffset: '0')
#2 E:\\wamp64\\www\\techsense\\vendor\\laravel\\framework\\src\\Illuminate\\Foundation\\Bootstrap\\HandleExceptions.php(270): Illuminate\\Foundation\\Bootstrap\\HandleExceptions->handleShutdown()
#3 E:\\wamp64\\www\\techsense\\vendor\\laravel\\framework\\src\\Illuminate\\Foundation\\Bootstrap\\HandleExceptions.php(0): Illuminate\\Foundation\\Bootstrap\\HandleExceptions->Illuminate\\Foundation\\Bootstrap\\{closure:E:\\wamp64\\www\\techsense\\vendor\\laravel\\framework\\src\\Illuminate\\Foundation\\Bootstrap\\HandleExceptions.php:269-271}()
#4 {main}
"} 
[2025-07-02 23:31:43] live.ERROR: Uncaught ReflectionException: Class "App\Policies\ModelPolicy" does not exist in Command line code:1
Stack trace:
#0 Command line code(1): ReflectionClass->__construct('App\\Policies\\Mo...')
#1 [internal function]: {closure}('App\\Policies\\Mo...', 'App\\Model')
#2 Command line code(1): array_map(Object(Closure), Array, Array)
#3 {main}
  thrown {"exception":"[object] (Symfony\\Component\\ErrorHandler\\Error\\FatalError(code: 0): Uncaught ReflectionException: Class \"App\\Policies\\ModelPolicy\" does not exist in Command line code:1
Stack trace:
#0 Command line code(1): ReflectionClass->__construct('App\\\\Policies\\\\Mo...')
#1 [internal function]: {closure}('App\\\\Policies\\\\Mo...', 'App\\\\Model')
#2 Command line code(1): array_map(Object(Closure), Array, Array)
#3 {main}
  thrown at Command line code:1)
[stacktrace]
#0 E:\\wamp64\\www\\techsense\\vendor\\laravel\\framework\\src\\Illuminate\\Foundation\\Bootstrap\\HandleExceptions.php(259): Symfony\\Component\\ErrorHandler\\Error\\FatalError->__construct(message: ''Uncaught Refle...', code: '0', error: '['type' => 1, '...', traceOffset: '0', traceArgs: '???', trace: '???')
#1 E:\\wamp64\\www\\techsense\\vendor\\laravel\\framework\\src\\Illuminate\\Foundation\\Bootstrap\\HandleExceptions.php(246): Illuminate\\Foundation\\Bootstrap\\HandleExceptions->fatalErrorFromPhpError(error: '['type' => 1, '...', traceOffset: '0')
#2 E:\\wamp64\\www\\techsense\\vendor\\laravel\\framework\\src\\Illuminate\\Foundation\\Bootstrap\\HandleExceptions.php(270): Illuminate\\Foundation\\Bootstrap\\HandleExceptions->handleShutdown()
#3 E:\\wamp64\\www\\techsense\\vendor\\laravel\\framework\\src\\Illuminate\\Foundation\\Bootstrap\\HandleExceptions.php(0): Illuminate\\Foundation\\Bootstrap\\HandleExceptions->Illuminate\\Foundation\\Bootstrap\\{closure:E:\\wamp64\\www\\techsense\\vendor\\laravel\\framework\\src\\Illuminate\\Foundation\\Bootstrap\\HandleExceptions.php:269-271}()
#4 {main}
"} 
[2025-07-02 23:32:43] live.ERROR: Uncaught ReflectionException: Class "App\Policies\ModelPolicy" does not exist in Command line code:1
Stack trace:
#0 Command line code(1): ReflectionClass->__construct('App\\Policies\\Mo...')
#1 [internal function]: {closure}('App\\Policies\\Mo...', 'App\\Model')
#2 Command line code(1): array_map(Object(Closure), Array, Array)
#3 {main}
  thrown {"exception":"[object] (Symfony\\Component\\ErrorHandler\\Error\\FatalError(code: 0): Uncaught ReflectionException: Class \"App\\Policies\\ModelPolicy\" does not exist in Command line code:1
Stack trace:
#0 Command line code(1): ReflectionClass->__construct('App\\\\Policies\\\\Mo...')
#1 [internal function]: {closure}('App\\\\Policies\\\\Mo...', 'App\\\\Model')
#2 Command line code(1): array_map(Object(Closure), Array, Array)
#3 {main}
  thrown at Command line code:1)
[stacktrace]
#0 E:\\wamp64\\www\\techsense\\vendor\\laravel\\framework\\src\\Illuminate\\Foundation\\Bootstrap\\HandleExceptions.php(259): Symfony\\Component\\ErrorHandler\\Error\\FatalError->__construct(message: ''Uncaught Refle...', code: '0', error: '['type' => 1, '...', traceOffset: '0', traceArgs: '???', trace: '???')
#1 E:\\wamp64\\www\\techsense\\vendor\\laravel\\framework\\src\\Illuminate\\Foundation\\Bootstrap\\HandleExceptions.php(246): Illuminate\\Foundation\\Bootstrap\\HandleExceptions->fatalErrorFromPhpError(error: '['type' => 1, '...', traceOffset: '0')
#2 E:\\wamp64\\www\\techsense\\vendor\\laravel\\framework\\src\\Illuminate\\Foundation\\Bootstrap\\HandleExceptions.php(270): Illuminate\\Foundation\\Bootstrap\\HandleExceptions->handleShutdown()
#3 E:\\wamp64\\www\\techsense\\vendor\\laravel\\framework\\src\\Illuminate\\Foundation\\Bootstrap\\HandleExceptions.php(0): Illuminate\\Foundation\\Bootstrap\\HandleExceptions->Illuminate\\Foundation\\Bootstrap\\{closure:E:\\wamp64\\www\\techsense\\vendor\\laravel\\framework\\src\\Illuminate\\Foundation\\Bootstrap\\HandleExceptions.php:269-271}()
#4 {main}
"} 
[2025-07-02 23:33:43] live.ERROR: Uncaught ReflectionException: Class "App\Policies\ModelPolicy" does not exist in Command line code:1
Stack trace:
#0 Command line code(1): ReflectionClass->__construct('App\\Policies\\Mo...')
#1 [internal function]: {closure}('App\\Policies\\Mo...', 'App\\Model')
#2 Command line code(1): array_map(Object(Closure), Array, Array)
#3 {main}
  thrown {"exception":"[object] (Symfony\\Component\\ErrorHandler\\Error\\FatalError(code: 0): Uncaught ReflectionException: Class \"App\\Policies\\ModelPolicy\" does not exist in Command line code:1
Stack trace:
#0 Command line code(1): ReflectionClass->__construct('App\\\\Policies\\\\Mo...')
#1 [internal function]: {closure}('App\\\\Policies\\\\Mo...', 'App\\\\Model')
#2 Command line code(1): array_map(Object(Closure), Array, Array)
#3 {main}
  thrown at Command line code:1)
[stacktrace]
#0 E:\\wamp64\\www\\techsense\\vendor\\laravel\\framework\\src\\Illuminate\\Foundation\\Bootstrap\\HandleExceptions.php(259): Symfony\\Component\\ErrorHandler\\Error\\FatalError->__construct(message: ''Uncaught Refle...', code: '0', error: '['type' => 1, '...', traceOffset: '0', traceArgs: '???', trace: '???')
#1 E:\\wamp64\\www\\techsense\\vendor\\laravel\\framework\\src\\Illuminate\\Foundation\\Bootstrap\\HandleExceptions.php(246): Illuminate\\Foundation\\Bootstrap\\HandleExceptions->fatalErrorFromPhpError(error: '['type' => 1, '...', traceOffset: '0')
#2 E:\\wamp64\\www\\techsense\\vendor\\laravel\\framework\\src\\Illuminate\\Foundation\\Bootstrap\\HandleExceptions.php(270): Illuminate\\Foundation\\Bootstrap\\HandleExceptions->handleShutdown()
#3 E:\\wamp64\\www\\techsense\\vendor\\laravel\\framework\\src\\Illuminate\\Foundation\\Bootstrap\\HandleExceptions.php(0): Illuminate\\Foundation\\Bootstrap\\HandleExceptions->Illuminate\\Foundation\\Bootstrap\\{closure:E:\\wamp64\\www\\techsense\\vendor\\laravel\\framework\\src\\Illuminate\\Foundation\\Bootstrap\\HandleExceptions.php:269-271}()
#4 {main}
"} 
[2025-07-02 23:34:43] live.ERROR: Uncaught ReflectionException: Class "App\Policies\ModelPolicy" does not exist in Command line code:1
Stack trace:
#0 Command line code(1): ReflectionClass->__construct('App\\Policies\\Mo...')
#1 [internal function]: {closure}('App\\Policies\\Mo...', 'App\\Model')
#2 Command line code(1): array_map(Object(Closure), Array, Array)
#3 {main}
  thrown {"exception":"[object] (Symfony\\Component\\ErrorHandler\\Error\\FatalError(code: 0): Uncaught ReflectionException: Class \"App\\Policies\\ModelPolicy\" does not exist in Command line code:1
Stack trace:
#0 Command line code(1): ReflectionClass->__construct('App\\\\Policies\\\\Mo...')
#1 [internal function]: {closure}('App\\\\Policies\\\\Mo...', 'App\\\\Model')
#2 Command line code(1): array_map(Object(Closure), Array, Array)
#3 {main}
  thrown at Command line code:1)
[stacktrace]
#0 E:\\wamp64\\www\\techsense\\vendor\\laravel\\framework\\src\\Illuminate\\Foundation\\Bootstrap\\HandleExceptions.php(259): Symfony\\Component\\ErrorHandler\\Error\\FatalError->__construct(message: ''Uncaught Refle...', code: '0', error: '['type' => 1, '...', traceOffset: '0', traceArgs: '???', trace: '???')
#1 E:\\wamp64\\www\\techsense\\vendor\\laravel\\framework\\src\\Illuminate\\Foundation\\Bootstrap\\HandleExceptions.php(246): Illuminate\\Foundation\\Bootstrap\\HandleExceptions->fatalErrorFromPhpError(error: '['type' => 1, '...', traceOffset: '0')
#2 E:\\wamp64\\www\\techsense\\vendor\\laravel\\framework\\src\\Illuminate\\Foundation\\Bootstrap\\HandleExceptions.php(270): Illuminate\\Foundation\\Bootstrap\\HandleExceptions->handleShutdown()
#3 E:\\wamp64\\www\\techsense\\vendor\\laravel\\framework\\src\\Illuminate\\Foundation\\Bootstrap\\HandleExceptions.php(0): Illuminate\\Foundation\\Bootstrap\\HandleExceptions->Illuminate\\Foundation\\Bootstrap\\{closure:E:\\wamp64\\www\\techsense\\vendor\\laravel\\framework\\src\\Illuminate\\Foundation\\Bootstrap\\HandleExceptions.php:269-271}()
#4 {main}
"} 
[2025-07-02 23:35:43] live.ERROR: Uncaught ReflectionException: Class "App\Policies\ModelPolicy" does not exist in Command line code:1
Stack trace:
#0 Command line code(1): ReflectionClass->__construct('App\\Policies\\Mo...')
#1 [internal function]: {closure}('App\\Policies\\Mo...', 'App\\Model')
#2 Command line code(1): array_map(Object(Closure), Array, Array)
#3 {main}
  thrown {"exception":"[object] (Symfony\\Component\\ErrorHandler\\Error\\FatalError(code: 0): Uncaught ReflectionException: Class \"App\\Policies\\ModelPolicy\" does not exist in Command line code:1
Stack trace:
#0 Command line code(1): ReflectionClass->__construct('App\\\\Policies\\\\Mo...')
#1 [internal function]: {closure}('App\\\\Policies\\\\Mo...', 'App\\\\Model')
#2 Command line code(1): array_map(Object(Closure), Array, Array)
#3 {main}
  thrown at Command line code:1)
[stacktrace]
#0 E:\\wamp64\\www\\techsense\\vendor\\laravel\\framework\\src\\Illuminate\\Foundation\\Bootstrap\\HandleExceptions.php(259): Symfony\\Component\\ErrorHandler\\Error\\FatalError->__construct(message: ''Uncaught Refle...', code: '0', error: '['type' => 1, '...', traceOffset: '0', traceArgs: '???', trace: '???')
#1 E:\\wamp64\\www\\techsense\\vendor\\laravel\\framework\\src\\Illuminate\\Foundation\\Bootstrap\\HandleExceptions.php(246): Illuminate\\Foundation\\Bootstrap\\HandleExceptions->fatalErrorFromPhpError(error: '['type' => 1, '...', traceOffset: '0')
#2 E:\\wamp64\\www\\techsense\\vendor\\laravel\\framework\\src\\Illuminate\\Foundation\\Bootstrap\\HandleExceptions.php(270): Illuminate\\Foundation\\Bootstrap\\HandleExceptions->handleShutdown()
#3 E:\\wamp64\\www\\techsense\\vendor\\laravel\\framework\\src\\Illuminate\\Foundation\\Bootstrap\\HandleExceptions.php(0): Illuminate\\Foundation\\Bootstrap\\HandleExceptions->Illuminate\\Foundation\\Bootstrap\\{closure:E:\\wamp64\\www\\techsense\\vendor\\laravel\\framework\\src\\Illuminate\\Foundation\\Bootstrap\\HandleExceptions.php:269-271}()
#4 {main}
"} 
[2025-07-02 23:36:43] live.ERROR: Uncaught ReflectionException: Class "App\Policies\ModelPolicy" does not exist in Command line code:1
Stack trace:
#0 Command line code(1): ReflectionClass->__construct('App\\Policies\\Mo...')
#1 [internal function]: {closure}('App\\Policies\\Mo...', 'App\\Model')
#2 Command line code(1): array_map(Object(Closure), Array, Array)
#3 {main}
  thrown {"exception":"[object] (Symfony\\Component\\ErrorHandler\\Error\\FatalError(code: 0): Uncaught ReflectionException: Class \"App\\Policies\\ModelPolicy\" does not exist in Command line code:1
Stack trace:
#0 Command line code(1): ReflectionClass->__construct('App\\\\Policies\\\\Mo...')
#1 [internal function]: {closure}('App\\\\Policies\\\\Mo...', 'App\\\\Model')
#2 Command line code(1): array_map(Object(Closure), Array, Array)
#3 {main}
  thrown at Command line code:1)
[stacktrace]
#0 E:\\wamp64\\www\\techsense\\vendor\\laravel\\framework\\src\\Illuminate\\Foundation\\Bootstrap\\HandleExceptions.php(259): Symfony\\Component\\ErrorHandler\\Error\\FatalError->__construct(message: ''Uncaught Refle...', code: '0', error: '['type' => 1, '...', traceOffset: '0', traceArgs: '???', trace: '???')
#1 E:\\wamp64\\www\\techsense\\vendor\\laravel\\framework\\src\\Illuminate\\Foundation\\Bootstrap\\HandleExceptions.php(246): Illuminate\\Foundation\\Bootstrap\\HandleExceptions->fatalErrorFromPhpError(error: '['type' => 1, '...', traceOffset: '0')
#2 E:\\wamp64\\www\\techsense\\vendor\\laravel\\framework\\src\\Illuminate\\Foundation\\Bootstrap\\HandleExceptions.php(270): Illuminate\\Foundation\\Bootstrap\\HandleExceptions->handleShutdown()
#3 E:\\wamp64\\www\\techsense\\vendor\\laravel\\framework\\src\\Illuminate\\Foundation\\Bootstrap\\HandleExceptions.php(0): Illuminate\\Foundation\\Bootstrap\\HandleExceptions->Illuminate\\Foundation\\Bootstrap\\{closure:E:\\wamp64\\www\\techsense\\vendor\\laravel\\framework\\src\\Illuminate\\Foundation\\Bootstrap\\HandleExceptions.php:269-271}()
#4 {main}
"} 
[2025-07-02 23:37:43] live.ERROR: Uncaught ReflectionException: Class "App\Policies\ModelPolicy" does not exist in Command line code:1
Stack trace:
#0 Command line code(1): ReflectionClass->__construct('App\\Policies\\Mo...')
#1 [internal function]: {closure}('App\\Policies\\Mo...', 'App\\Model')
#2 Command line code(1): array_map(Object(Closure), Array, Array)
#3 {main}
  thrown {"exception":"[object] (Symfony\\Component\\ErrorHandler\\Error\\FatalError(code: 0): Uncaught ReflectionException: Class \"App\\Policies\\ModelPolicy\" does not exist in Command line code:1
Stack trace:
#0 Command line code(1): ReflectionClass->__construct('App\\\\Policies\\\\Mo...')
#1 [internal function]: {closure}('App\\\\Policies\\\\Mo...', 'App\\\\Model')
#2 Command line code(1): array_map(Object(Closure), Array, Array)
#3 {main}
  thrown at Command line code:1)
[stacktrace]
#0 E:\\wamp64\\www\\techsense\\vendor\\laravel\\framework\\src\\Illuminate\\Foundation\\Bootstrap\\HandleExceptions.php(259): Symfony\\Component\\ErrorHandler\\Error\\FatalError->__construct(message: ''Uncaught Refle...', code: '0', error: '['type' => 1, '...', traceOffset: '0', traceArgs: '???', trace: '???')
#1 E:\\wamp64\\www\\techsense\\vendor\\laravel\\framework\\src\\Illuminate\\Foundation\\Bootstrap\\HandleExceptions.php(246): Illuminate\\Foundation\\Bootstrap\\HandleExceptions->fatalErrorFromPhpError(error: '['type' => 1, '...', traceOffset: '0')
#2 E:\\wamp64\\www\\techsense\\vendor\\laravel\\framework\\src\\Illuminate\\Foundation\\Bootstrap\\HandleExceptions.php(270): Illuminate\\Foundation\\Bootstrap\\HandleExceptions->handleShutdown()
#3 E:\\wamp64\\www\\techsense\\vendor\\laravel\\framework\\src\\Illuminate\\Foundation\\Bootstrap\\HandleExceptions.php(0): Illuminate\\Foundation\\Bootstrap\\HandleExceptions->Illuminate\\Foundation\\Bootstrap\\{closure:E:\\wamp64\\www\\techsense\\vendor\\laravel\\framework\\src\\Illuminate\\Foundation\\Bootstrap\\HandleExceptions.php:269-271}()
#4 {main}
"} 
[2025-07-02 23:38:43] live.ERROR: Uncaught ReflectionException: Class "App\Policies\ModelPolicy" does not exist in Command line code:1
Stack trace:
#0 Command line code(1): ReflectionClass->__construct('App\\Policies\\Mo...')
#1 [internal function]: {closure}('App\\Policies\\Mo...', 'App\\Model')
#2 Command line code(1): array_map(Object(Closure), Array, Array)
#3 {main}
  thrown {"exception":"[object] (Symfony\\Component\\ErrorHandler\\Error\\FatalError(code: 0): Uncaught ReflectionException: Class \"App\\Policies\\ModelPolicy\" does not exist in Command line code:1
Stack trace:
#0 Command line code(1): ReflectionClass->__construct('App\\\\Policies\\\\Mo...')
#1 [internal function]: {closure}('App\\\\Policies\\\\Mo...', 'App\\\\Model')
#2 Command line code(1): array_map(Object(Closure), Array, Array)
#3 {main}
  thrown at Command line code:1)
[stacktrace]
#0 E:\\wamp64\\www\\techsense\\vendor\\laravel\\framework\\src\\Illuminate\\Foundation\\Bootstrap\\HandleExceptions.php(259): Symfony\\Component\\ErrorHandler\\Error\\FatalError->__construct(message: ''Uncaught Refle...', code: '0', error: '['type' => 1, '...', traceOffset: '0', traceArgs: '???', trace: '???')
#1 E:\\wamp64\\www\\techsense\\vendor\\laravel\\framework\\src\\Illuminate\\Foundation\\Bootstrap\\HandleExceptions.php(246): Illuminate\\Foundation\\Bootstrap\\HandleExceptions->fatalErrorFromPhpError(error: '['type' => 1, '...', traceOffset: '0')
#2 E:\\wamp64\\www\\techsense\\vendor\\laravel\\framework\\src\\Illuminate\\Foundation\\Bootstrap\\HandleExceptions.php(270): Illuminate\\Foundation\\Bootstrap\\HandleExceptions->handleShutdown()
#3 E:\\wamp64\\www\\techsense\\vendor\\laravel\\framework\\src\\Illuminate\\Foundation\\Bootstrap\\HandleExceptions.php(0): Illuminate\\Foundation\\Bootstrap\\HandleExceptions->Illuminate\\Foundation\\Bootstrap\\{closure:E:\\wamp64\\www\\techsense\\vendor\\laravel\\framework\\src\\Illuminate\\Foundation\\Bootstrap\\HandleExceptions.php:269-271}()
#4 {main}
"} 
[2025-07-02 23:39:43] live.ERROR: Uncaught ReflectionException: Class "App\Policies\ModelPolicy" does not exist in Command line code:1
Stack trace:
#0 Command line code(1): ReflectionClass->__construct('App\\Policies\\Mo...')
#1 [internal function]: {closure}('App\\Policies\\Mo...', 'App\\Model')
#2 Command line code(1): array_map(Object(Closure), Array, Array)
#3 {main}
  thrown {"exception":"[object] (Symfony\\Component\\ErrorHandler\\Error\\FatalError(code: 0): Uncaught ReflectionException: Class \"App\\Policies\\ModelPolicy\" does not exist in Command line code:1
Stack trace:
#0 Command line code(1): ReflectionClass->__construct('App\\\\Policies\\\\Mo...')
#1 [internal function]: {closure}('App\\\\Policies\\\\Mo...', 'App\\\\Model')
#2 Command line code(1): array_map(Object(Closure), Array, Array)
#3 {main}
  thrown at Command line code:1)
[stacktrace]
#0 E:\\wamp64\\www\\techsense\\vendor\\laravel\\framework\\src\\Illuminate\\Foundation\\Bootstrap\\HandleExceptions.php(259): Symfony\\Component\\ErrorHandler\\Error\\FatalError->__construct(message: ''Uncaught Refle...', code: '0', error: '['type' => 1, '...', traceOffset: '0', traceArgs: '???', trace: '???')
#1 E:\\wamp64\\www\\techsense\\vendor\\laravel\\framework\\src\\Illuminate\\Foundation\\Bootstrap\\HandleExceptions.php(246): Illuminate\\Foundation\\Bootstrap\\HandleExceptions->fatalErrorFromPhpError(error: '['type' => 1, '...', traceOffset: '0')
#2 E:\\wamp64\\www\\techsense\\vendor\\laravel\\framework\\src\\Illuminate\\Foundation\\Bootstrap\\HandleExceptions.php(270): Illuminate\\Foundation\\Bootstrap\\HandleExceptions->handleShutdown()
#3 E:\\wamp64\\www\\techsense\\vendor\\laravel\\framework\\src\\Illuminate\\Foundation\\Bootstrap\\HandleExceptions.php(0): Illuminate\\Foundation\\Bootstrap\\HandleExceptions->Illuminate\\Foundation\\Bootstrap\\{closure:E:\\wamp64\\www\\techsense\\vendor\\laravel\\framework\\src\\Illuminate\\Foundation\\Bootstrap\\HandleExceptions.php:269-271}()
#4 {main}
"} 
[2025-07-02 23:40:43] live.ERROR: Uncaught ReflectionException: Class "App\Policies\ModelPolicy" does not exist in Command line code:1
Stack trace:
#0 Command line code(1): ReflectionClass->__construct('App\\Policies\\Mo...')
#1 [internal function]: {closure}('App\\Policies\\Mo...', 'App\\Model')
#2 Command line code(1): array_map(Object(Closure), Array, Array)
#3 {main}
  thrown {"exception":"[object] (Symfony\\Component\\ErrorHandler\\Error\\FatalError(code: 0): Uncaught ReflectionException: Class \"App\\Policies\\ModelPolicy\" does not exist in Command line code:1
Stack trace:
#0 Command line code(1): ReflectionClass->__construct('App\\\\Policies\\\\Mo...')
#1 [internal function]: {closure}('App\\\\Policies\\\\Mo...', 'App\\\\Model')
#2 Command line code(1): array_map(Object(Closure), Array, Array)
#3 {main}
  thrown at Command line code:1)
[stacktrace]
#0 E:\\wamp64\\www\\techsense\\vendor\\laravel\\framework\\src\\Illuminate\\Foundation\\Bootstrap\\HandleExceptions.php(259): Symfony\\Component\\ErrorHandler\\Error\\FatalError->__construct(message: ''Uncaught Refle...', code: '0', error: '['type' => 1, '...', traceOffset: '0', traceArgs: '???', trace: '???')
#1 E:\\wamp64\\www\\techsense\\vendor\\laravel\\framework\\src\\Illuminate\\Foundation\\Bootstrap\\HandleExceptions.php(246): Illuminate\\Foundation\\Bootstrap\\HandleExceptions->fatalErrorFromPhpError(error: '['type' => 1, '...', traceOffset: '0')
#2 E:\\wamp64\\www\\techsense\\vendor\\laravel\\framework\\src\\Illuminate\\Foundation\\Bootstrap\\HandleExceptions.php(270): Illuminate\\Foundation\\Bootstrap\\HandleExceptions->handleShutdown()
#3 E:\\wamp64\\www\\techsense\\vendor\\laravel\\framework\\src\\Illuminate\\Foundation\\Bootstrap\\HandleExceptions.php(0): Illuminate\\Foundation\\Bootstrap\\HandleExceptions->Illuminate\\Foundation\\Bootstrap\\{closure:E:\\wamp64\\www\\techsense\\vendor\\laravel\\framework\\src\\Illuminate\\Foundation\\Bootstrap\\HandleExceptions.php:269-271}()
#4 {main}
"} 
[2025-07-02 23:41:43] live.ERROR: Uncaught ReflectionException: Class "App\Policies\ModelPolicy" does not exist in Command line code:1
Stack trace:
#0 Command line code(1): ReflectionClass->__construct('App\\Policies\\Mo...')
#1 [internal function]: {closure}('App\\Policies\\Mo...', 'App\\Model')
#2 Command line code(1): array_map(Object(Closure), Array, Array)
#3 {main}
  thrown {"exception":"[object] (Symfony\\Component\\ErrorHandler\\Error\\FatalError(code: 0): Uncaught ReflectionException: Class \"App\\Policies\\ModelPolicy\" does not exist in Command line code:1
Stack trace:
#0 Command line code(1): ReflectionClass->__construct('App\\\\Policies\\\\Mo...')
#1 [internal function]: {closure}('App\\\\Policies\\\\Mo...', 'App\\\\Model')
#2 Command line code(1): array_map(Object(Closure), Array, Array)
#3 {main}
  thrown at Command line code:1)
[stacktrace]
#0 E:\\wamp64\\www\\techsense\\vendor\\laravel\\framework\\src\\Illuminate\\Foundation\\Bootstrap\\HandleExceptions.php(259): Symfony\\Component\\ErrorHandler\\Error\\FatalError->__construct(message: ''Uncaught Refle...', code: '0', error: '['type' => 1, '...', traceOffset: '0', traceArgs: '???', trace: '???')
#1 E:\\wamp64\\www\\techsense\\vendor\\laravel\\framework\\src\\Illuminate\\Foundation\\Bootstrap\\HandleExceptions.php(246): Illuminate\\Foundation\\Bootstrap\\HandleExceptions->fatalErrorFromPhpError(error: '['type' => 1, '...', traceOffset: '0')
#2 E:\\wamp64\\www\\techsense\\vendor\\laravel\\framework\\src\\Illuminate\\Foundation\\Bootstrap\\HandleExceptions.php(270): Illuminate\\Foundation\\Bootstrap\\HandleExceptions->handleShutdown()
#3 E:\\wamp64\\www\\techsense\\vendor\\laravel\\framework\\src\\Illuminate\\Foundation\\Bootstrap\\HandleExceptions.php(0): Illuminate\\Foundation\\Bootstrap\\HandleExceptions->Illuminate\\Foundation\\Bootstrap\\{closure:E:\\wamp64\\www\\techsense\\vendor\\laravel\\framework\\src\\Illuminate\\Foundation\\Bootstrap\\HandleExceptions.php:269-271}()
#4 {main}
"} 
[2025-07-02 23:42:43] live.ERROR: Uncaught ReflectionException: Class "App\Policies\ModelPolicy" does not exist in Command line code:1
Stack trace:
#0 Command line code(1): ReflectionClass->__construct('App\\Policies\\Mo...')
#1 [internal function]: {closure}('App\\Policies\\Mo...', 'App\\Model')
#2 Command line code(1): array_map(Object(Closure), Array, Array)
#3 {main}
  thrown {"exception":"[object] (Symfony\\Component\\ErrorHandler\\Error\\FatalError(code: 0): Uncaught ReflectionException: Class \"App\\Policies\\ModelPolicy\" does not exist in Command line code:1
Stack trace:
#0 Command line code(1): ReflectionClass->__construct('App\\\\Policies\\\\Mo...')
#1 [internal function]: {closure}('App\\\\Policies\\\\Mo...', 'App\\\\Model')
#2 Command line code(1): array_map(Object(Closure), Array, Array)
#3 {main}
  thrown at Command line code:1)
[stacktrace]
#0 E:\\wamp64\\www\\techsense\\vendor\\laravel\\framework\\src\\Illuminate\\Foundation\\Bootstrap\\HandleExceptions.php(259): Symfony\\Component\\ErrorHandler\\Error\\FatalError->__construct(message: ''Uncaught Refle...', code: '0', error: '['type' => 1, '...', traceOffset: '0', traceArgs: '???', trace: '???')
#1 E:\\wamp64\\www\\techsense\\vendor\\laravel\\framework\\src\\Illuminate\\Foundation\\Bootstrap\\HandleExceptions.php(246): Illuminate\\Foundation\\Bootstrap\\HandleExceptions->fatalErrorFromPhpError(error: '['type' => 1, '...', traceOffset: '0')
#2 E:\\wamp64\\www\\techsense\\vendor\\laravel\\framework\\src\\Illuminate\\Foundation\\Bootstrap\\HandleExceptions.php(270): Illuminate\\Foundation\\Bootstrap\\HandleExceptions->handleShutdown()
#3 E:\\wamp64\\www\\techsense\\vendor\\laravel\\framework\\src\\Illuminate\\Foundation\\Bootstrap\\HandleExceptions.php(0): Illuminate\\Foundation\\Bootstrap\\HandleExceptions->Illuminate\\Foundation\\Bootstrap\\{closure:E:\\wamp64\\www\\techsense\\vendor\\laravel\\framework\\src\\Illuminate\\Foundation\\Bootstrap\\HandleExceptions.php:269-271}()
#4 {main}
"} 
[2025-07-02 23:43:43] live.ERROR: Uncaught ReflectionException: Class "App\Policies\ModelPolicy" does not exist in Command line code:1
Stack trace:
#0 Command line code(1): ReflectionClass->__construct('App\\Policies\\Mo...')
#1 [internal function]: {closure}('App\\Policies\\Mo...', 'App\\Model')
#2 Command line code(1): array_map(Object(Closure), Array, Array)
#3 {main}
  thrown {"exception":"[object] (Symfony\\Component\\ErrorHandler\\Error\\FatalError(code: 0): Uncaught ReflectionException: Class \"App\\Policies\\ModelPolicy\" does not exist in Command line code:1
Stack trace:
#0 Command line code(1): ReflectionClass->__construct('App\\\\Policies\\\\Mo...')
#1 [internal function]: {closure}('App\\\\Policies\\\\Mo...', 'App\\\\Model')
#2 Command line code(1): array_map(Object(Closure), Array, Array)
#3 {main}
  thrown at Command line code:1)
[stacktrace]
#0 E:\\wamp64\\www\\techsense\\vendor\\laravel\\framework\\src\\Illuminate\\Foundation\\Bootstrap\\HandleExceptions.php(259): Symfony\\Component\\ErrorHandler\\Error\\FatalError->__construct(message: ''Uncaught Refle...', code: '0', error: '['type' => 1, '...', traceOffset: '0', traceArgs: '???', trace: '???')
#1 E:\\wamp64\\www\\techsense\\vendor\\laravel\\framework\\src\\Illuminate\\Foundation\\Bootstrap\\HandleExceptions.php(246): Illuminate\\Foundation\\Bootstrap\\HandleExceptions->fatalErrorFromPhpError(error: '['type' => 1, '...', traceOffset: '0')
#2 E:\\wamp64\\www\\techsense\\vendor\\laravel\\framework\\src\\Illuminate\\Foundation\\Bootstrap\\HandleExceptions.php(270): Illuminate\\Foundation\\Bootstrap\\HandleExceptions->handleShutdown()
#3 E:\\wamp64\\www\\techsense\\vendor\\laravel\\framework\\src\\Illuminate\\Foundation\\Bootstrap\\HandleExceptions.php(0): Illuminate\\Foundation\\Bootstrap\\HandleExceptions->Illuminate\\Foundation\\Bootstrap\\{closure:E:\\wamp64\\www\\techsense\\vendor\\laravel\\framework\\src\\Illuminate\\Foundation\\Bootstrap\\HandleExceptions.php:269-271}()
#4 {main}
"} 
[2025-07-02 23:44:43] live.ERROR: Uncaught ReflectionException: Class "App\Policies\ModelPolicy" does not exist in Command line code:1
Stack trace:
#0 Command line code(1): ReflectionClass->__construct('App\\Policies\\Mo...')
#1 [internal function]: {closure}('App\\Policies\\Mo...', 'App\\Model')
#2 Command line code(1): array_map(Object(Closure), Array, Array)
#3 {main}
  thrown {"exception":"[object] (Symfony\\Component\\ErrorHandler\\Error\\FatalError(code: 0): Uncaught ReflectionException: Class \"App\\Policies\\ModelPolicy\" does not exist in Command line code:1
Stack trace:
#0 Command line code(1): ReflectionClass->__construct('App\\\\Policies\\\\Mo...')
#1 [internal function]: {closure}('App\\\\Policies\\\\Mo...', 'App\\\\Model')
#2 Command line code(1): array_map(Object(Closure), Array, Array)
#3 {main}
  thrown at Command line code:1)
[stacktrace]
#0 E:\\wamp64\\www\\techsense\\vendor\\laravel\\framework\\src\\Illuminate\\Foundation\\Bootstrap\\HandleExceptions.php(259): Symfony\\Component\\ErrorHandler\\Error\\FatalError->__construct(message: ''Uncaught Refle...', code: '0', error: '['type' => 1, '...', traceOffset: '0', traceArgs: '???', trace: '???')
#1 E:\\wamp64\\www\\techsense\\vendor\\laravel\\framework\\src\\Illuminate\\Foundation\\Bootstrap\\HandleExceptions.php(246): Illuminate\\Foundation\\Bootstrap\\HandleExceptions->fatalErrorFromPhpError(error: '['type' => 1, '...', traceOffset: '0')
#2 E:\\wamp64\\www\\techsense\\vendor\\laravel\\framework\\src\\Illuminate\\Foundation\\Bootstrap\\HandleExceptions.php(270): Illuminate\\Foundation\\Bootstrap\\HandleExceptions->handleShutdown()
#3 E:\\wamp64\\www\\techsense\\vendor\\laravel\\framework\\src\\Illuminate\\Foundation\\Bootstrap\\HandleExceptions.php(0): Illuminate\\Foundation\\Bootstrap\\HandleExceptions->Illuminate\\Foundation\\Bootstrap\\{closure:E:\\wamp64\\www\\techsense\\vendor\\laravel\\framework\\src\\Illuminate\\Foundation\\Bootstrap\\HandleExceptions.php:269-271}()
#4 {main}
"} 
[2025-07-02 23:45:43] live.ERROR: Uncaught ReflectionException: Class "App\Policies\ModelPolicy" does not exist in Command line code:1
Stack trace:
#0 Command line code(1): ReflectionClass->__construct('App\\Policies\\Mo...')
#1 [internal function]: {closure}('App\\Policies\\Mo...', 'App\\Model')
#2 Command line code(1): array_map(Object(Closure), Array, Array)
#3 {main}
  thrown {"exception":"[object] (Symfony\\Component\\ErrorHandler\\Error\\FatalError(code: 0): Uncaught ReflectionException: Class \"App\\Policies\\ModelPolicy\" does not exist in Command line code:1
Stack trace:
#0 Command line code(1): ReflectionClass->__construct('App\\\\Policies\\\\Mo...')
#1 [internal function]: {closure}('App\\\\Policies\\\\Mo...', 'App\\\\Model')
#2 Command line code(1): array_map(Object(Closure), Array, Array)
#3 {main}
  thrown at Command line code:1)
[stacktrace]
#0 E:\\wamp64\\www\\techsense\\vendor\\laravel\\framework\\src\\Illuminate\\Foundation\\Bootstrap\\HandleExceptions.php(259): Symfony\\Component\\ErrorHandler\\Error\\FatalError->__construct(message: ''Uncaught Refle...', code: '0', error: '['type' => 1, '...', traceOffset: '0', traceArgs: '???', trace: '???')
#1 E:\\wamp64\\www\\techsense\\vendor\\laravel\\framework\\src\\Illuminate\\Foundation\\Bootstrap\\HandleExceptions.php(246): Illuminate\\Foundation\\Bootstrap\\HandleExceptions->fatalErrorFromPhpError(error: '['type' => 1, '...', traceOffset: '0')
#2 E:\\wamp64\\www\\techsense\\vendor\\laravel\\framework\\src\\Illuminate\\Foundation\\Bootstrap\\HandleExceptions.php(270): Illuminate\\Foundation\\Bootstrap\\HandleExceptions->handleShutdown()
#3 E:\\wamp64\\www\\techsense\\vendor\\laravel\\framework\\src\\Illuminate\\Foundation\\Bootstrap\\HandleExceptions.php(0): Illuminate\\Foundation\\Bootstrap\\HandleExceptions->Illuminate\\Foundation\\Bootstrap\\{closure:E:\\wamp64\\www\\techsense\\vendor\\laravel\\framework\\src\\Illuminate\\Foundation\\Bootstrap\\HandleExceptions.php:269-271}()
#4 {main}
"} 
[2025-07-02 23:46:43] live.ERROR: Uncaught ReflectionException: Class "App\Policies\ModelPolicy" does not exist in Command line code:1
Stack trace:
#0 Command line code(1): ReflectionClass->__construct('App\\Policies\\Mo...')
#1 [internal function]: {closure}('App\\Policies\\Mo...', 'App\\Model')
#2 Command line code(1): array_map(Object(Closure), Array, Array)
#3 {main}
  thrown {"exception":"[object] (Symfony\\Component\\ErrorHandler\\Error\\FatalError(code: 0): Uncaught ReflectionException: Class \"App\\Policies\\ModelPolicy\" does not exist in Command line code:1
Stack trace:
#0 Command line code(1): ReflectionClass->__construct('App\\\\Policies\\\\Mo...')
#1 [internal function]: {closure}('App\\\\Policies\\\\Mo...', 'App\\\\Model')
#2 Command line code(1): array_map(Object(Closure), Array, Array)
#3 {main}
  thrown at Command line code:1)
[stacktrace]
#0 E:\\wamp64\\www\\techsense\\vendor\\laravel\\framework\\src\\Illuminate\\Foundation\\Bootstrap\\HandleExceptions.php(259): Symfony\\Component\\ErrorHandler\\Error\\FatalError->__construct(message: ''Uncaught Refle...', code: '0', error: '['type' => 1, '...', traceOffset: '0', traceArgs: '???', trace: '???')
#1 E:\\wamp64\\www\\techsense\\vendor\\laravel\\framework\\src\\Illuminate\\Foundation\\Bootstrap\\HandleExceptions.php(246): Illuminate\\Foundation\\Bootstrap\\HandleExceptions->fatalErrorFromPhpError(error: '['type' => 1, '...', traceOffset: '0')
#2 E:\\wamp64\\www\\techsense\\vendor\\laravel\\framework\\src\\Illuminate\\Foundation\\Bootstrap\\HandleExceptions.php(270): Illuminate\\Foundation\\Bootstrap\\HandleExceptions->handleShutdown()
#3 E:\\wamp64\\www\\techsense\\vendor\\laravel\\framework\\src\\Illuminate\\Foundation\\Bootstrap\\HandleExceptions.php(0): Illuminate\\Foundation\\Bootstrap\\HandleExceptions->Illuminate\\Foundation\\Bootstrap\\{closure:E:\\wamp64\\www\\techsense\\vendor\\laravel\\framework\\src\\Illuminate\\Foundation\\Bootstrap\\HandleExceptions.php:269-271}()
#4 {main}
"} 
[2025-07-02 23:47:43] live.ERROR: Uncaught ReflectionException: Class "App\Policies\ModelPolicy" does not exist in Command line code:1
Stack trace:
#0 Command line code(1): ReflectionClass->__construct('App\\Policies\\Mo...')
#1 [internal function]: {closure}('App\\Policies\\Mo...', 'App\\Model')
#2 Command line code(1): array_map(Object(Closure), Array, Array)
#3 {main}
  thrown {"exception":"[object] (Symfony\\Component\\ErrorHandler\\Error\\FatalError(code: 0): Uncaught ReflectionException: Class \"App\\Policies\\ModelPolicy\" does not exist in Command line code:1
Stack trace:
#0 Command line code(1): ReflectionClass->__construct('App\\\\Policies\\\\Mo...')
#1 [internal function]: {closure}('App\\\\Policies\\\\Mo...', 'App\\\\Model')
#2 Command line code(1): array_map(Object(Closure), Array, Array)
#3 {main}
  thrown at Command line code:1)
[stacktrace]
#0 E:\\wamp64\\www\\techsense\\vendor\\laravel\\framework\\src\\Illuminate\\Foundation\\Bootstrap\\HandleExceptions.php(259): Symfony\\Component\\ErrorHandler\\Error\\FatalError->__construct(message: ''Uncaught Refle...', code: '0', error: '['type' => 1, '...', traceOffset: '0', traceArgs: '???', trace: '???')
#1 E:\\wamp64\\www\\techsense\\vendor\\laravel\\framework\\src\\Illuminate\\Foundation\\Bootstrap\\HandleExceptions.php(246): Illuminate\\Foundation\\Bootstrap\\HandleExceptions->fatalErrorFromPhpError(error: '['type' => 1, '...', traceOffset: '0')
#2 E:\\wamp64\\www\\techsense\\vendor\\laravel\\framework\\src\\Illuminate\\Foundation\\Bootstrap\\HandleExceptions.php(270): Illuminate\\Foundation\\Bootstrap\\HandleExceptions->handleShutdown()
#3 E:\\wamp64\\www\\techsense\\vendor\\laravel\\framework\\src\\Illuminate\\Foundation\\Bootstrap\\HandleExceptions.php(0): Illuminate\\Foundation\\Bootstrap\\HandleExceptions->Illuminate\\Foundation\\Bootstrap\\{closure:E:\\wamp64\\www\\techsense\\vendor\\laravel\\framework\\src\\Illuminate\\Foundation\\Bootstrap\\HandleExceptions.php:269-271}()
#4 {main}
"} 
[2025-07-02 23:48:43] live.ERROR: Uncaught ReflectionException: Class "App\Policies\ModelPolicy" does not exist in Command line code:1
Stack trace:
#0 Command line code(1): ReflectionClass->__construct('App\\Policies\\Mo...')
#1 [internal function]: {closure}('App\\Policies\\Mo...', 'App\\Model')
#2 Command line code(1): array_map(Object(Closure), Array, Array)
#3 {main}
  thrown {"exception":"[object] (Symfony\\Component\\ErrorHandler\\Error\\FatalError(code: 0): Uncaught ReflectionException: Class \"App\\Policies\\ModelPolicy\" does not exist in Command line code:1
Stack trace:
#0 Command line code(1): ReflectionClass->__construct('App\\\\Policies\\\\Mo...')
#1 [internal function]: {closure}('App\\\\Policies\\\\Mo...', 'App\\\\Model')
#2 Command line code(1): array_map(Object(Closure), Array, Array)
#3 {main}
  thrown at Command line code:1)
[stacktrace]
#0 E:\\wamp64\\www\\techsense\\vendor\\laravel\\framework\\src\\Illuminate\\Foundation\\Bootstrap\\HandleExceptions.php(259): Symfony\\Component\\ErrorHandler\\Error\\FatalError->__construct(message: ''Uncaught Refle...', code: '0', error: '['type' => 1, '...', traceOffset: '0', traceArgs: '???', trace: '???')
#1 E:\\wamp64\\www\\techsense\\vendor\\laravel\\framework\\src\\Illuminate\\Foundation\\Bootstrap\\HandleExceptions.php(246): Illuminate\\Foundation\\Bootstrap\\HandleExceptions->fatalErrorFromPhpError(error: '['type' => 1, '...', traceOffset: '0')
#2 E:\\wamp64\\www\\techsense\\vendor\\laravel\\framework\\src\\Illuminate\\Foundation\\Bootstrap\\HandleExceptions.php(270): Illuminate\\Foundation\\Bootstrap\\HandleExceptions->handleShutdown()
#3 E:\\wamp64\\www\\techsense\\vendor\\laravel\\framework\\src\\Illuminate\\Foundation\\Bootstrap\\HandleExceptions.php(0): Illuminate\\Foundation\\Bootstrap\\HandleExceptions->Illuminate\\Foundation\\Bootstrap\\{closure:E:\\wamp64\\www\\techsense\\vendor\\laravel\\framework\\src\\Illuminate\\Foundation\\Bootstrap\\HandleExceptions.php:269-271}()
#4 {main}
"} 
