[2025-09-21 12:23:33] live.ERROR: Uncaught Symfony\Component\Finder\Exception\DirectoryNotFoundException: The "D:\Project\Techsense\custom_views" directory does not exist. in D:\Project\Techsense\vendor\symfony\finder\Finder.php:649
Stack trace:
#0 D:\Project\Techsense\vendor\laravel\framework\src\Illuminate\Filesystem\Filesystem.php(569): Symfony\Component\Finder\Finder->in('D:\\Project\\Tech...')
#1 Command line code(1): Illuminate\Filesystem\Filesystem->files('D:\\Project\\Tech...')
#2 Command line code(1): getViews('D:\\Project\\Tech...', Object(Illuminate\Filesystem\Filesystem))
#3 {main}
  thrown {"exception":"[object] (Symfony\\Component\\ErrorHandler\\Error\\FatalError(code: 0): Uncaught Symfony\\Component\\Finder\\Exception\\DirectoryNotFoundException: The \"D:\\Project\\Techsense\\custom_views\" directory does not exist. in D:\\Project\\Techsense\\vendor\\symfony\\finder\\Finder.php:649
Stack trace:
#0 D:\\Project\\Techsense\\vendor\\laravel\\framework\\src\\Illuminate\\Filesystem\\Filesystem.php(569): Symfony\\Component\\Finder\\Finder->in('D:\\\\Project\\\\Tech...')
#1 Command line code(1): Illuminate\\Filesystem\\Filesystem->files('D:\\\\Project\\\\Tech...')
#2 Command line code(1): getViews('D:\\\\Project\\\\Tech...', Object(Illuminate\\Filesystem\\Filesystem))
#3 {main}
  thrown at D:\\Project\\Techsense\\vendor\\symfony\\finder\\Finder.php:649)
[stacktrace]
#0 D:\\Project\\Techsense\\vendor\\laravel\\framework\\src\\Illuminate\\Foundation\\Bootstrap\\HandleExceptions.php(259): Symfony\\Component\\ErrorHandler\\Error\\FatalError->__construct(message: ''Uncaught Symfo...', code: '0', error: '['type' => 1, '...', traceOffset: '0', traceArgs: '???', trace: '???')
#1 D:\\Project\\Techsense\\vendor\\laravel\\framework\\src\\Illuminate\\Foundation\\Bootstrap\\HandleExceptions.php(246): Illuminate\\Foundation\\Bootstrap\\HandleExceptions->fatalErrorFromPhpError(error: '['type' => 1, '...', traceOffset: '0')
#2 D:\\Project\\Techsense\\vendor\\laravel\\framework\\src\\Illuminate\\Foundation\\Bootstrap\\HandleExceptions.php(270): Illuminate\\Foundation\\Bootstrap\\HandleExceptions->handleShutdown()
#3 D:\\Project\\Techsense\\vendor\\laravel\\framework\\src\\Illuminate\\Foundation\\Bootstrap\\HandleExceptions.php(0): Illuminate\\Foundation\\Bootstrap\\HandleExceptions->Illuminate\\Foundation\\Bootstrap\\{closure:D:\\Project\\Techsense\\vendor\\laravel\\framework\\src\\Illuminate\\Foundation\\Bootstrap\\HandleExceptions.php:269-271}()
#4 {main}
"} 
[2025-09-21 12:23:33] live.ERROR: Uncaught ReflectionException: Class "App\Policies\ModelPolicy" does not exist in Command line code:1
Stack trace:
#0 Command line code(1): ReflectionClass->__construct('App\\Policies\\Mo...')
#1 [internal function]: {closure}('App\\Policies\\Mo...', 'App\\Model')
#2 Command line code(1): array_map(Object(Closure), Array, Array)
#3 {main}
  thrown {"exception":"[object] (Symfony\\Component\\ErrorHandler\\Error\\FatalError(code: 0): Uncaught ReflectionException: Class \"App\\Policies\\ModelPolicy\" does not exist in Command line code:1
Stack trace:
#0 Command line code(1): ReflectionClass->__construct('App\\\\Policies\\\\Mo...')
#1 [internal function]: {closure}('App\\\\Policies\\\\Mo...', 'App\\\\Model')
#2 Command line code(1): array_map(Object(Closure), Array, Array)
#3 {main}
  thrown at Command line code:1)
[stacktrace]
#0 D:\\Project\\Techsense\\vendor\\laravel\\framework\\src\\Illuminate\\Foundation\\Bootstrap\\HandleExceptions.php(259): Symfony\\Component\\ErrorHandler\\Error\\FatalError->__construct(message: ''Uncaught Refle...', code: '0', error: '['type' => 1, '...', traceOffset: '0', traceArgs: '???', trace: '???')
#1 D:\\Project\\Techsense\\vendor\\laravel\\framework\\src\\Illuminate\\Foundation\\Bootstrap\\HandleExceptions.php(246): Illuminate\\Foundation\\Bootstrap\\HandleExceptions->fatalErrorFromPhpError(error: '['type' => 1, '...', traceOffset: '0')
#2 D:\\Project\\Techsense\\vendor\\laravel\\framework\\src\\Illuminate\\Foundation\\Bootstrap\\HandleExceptions.php(270): Illuminate\\Foundation\\Bootstrap\\HandleExceptions->handleShutdown()
#3 D:\\Project\\Techsense\\vendor\\laravel\\framework\\src\\Illuminate\\Foundation\\Bootstrap\\HandleExceptions.php(0): Illuminate\\Foundation\\Bootstrap\\HandleExceptions->Illuminate\\Foundation\\Bootstrap\\{closure:D:\\Project\\Techsense\\vendor\\laravel\\framework\\src\\Illuminate\\Foundation\\Bootstrap\\HandleExceptions.php:269-271}()
#4 {main}
"} 
[2025-09-21 12:23:38] live.ERROR: Class "PaymentAccountController" does not exist {"exception":"[object] (ReflectionException(code: -1): Class \"PaymentAccountController\" does not exist at D:\\Project\\Techsense\\vendor\\laravel\\framework\\src\\Illuminate\\Foundation\\Console\\RouteListCommand.php:234)
[stacktrace]
#0 D:\\Project\\Techsense\\vendor\\laravel\\framework\\src\\Illuminate\\Foundation\\Console\\RouteListCommand.php(234): ReflectionClass->__construct('PaymentAccountC...')
#1 D:\\Project\\Techsense\\vendor\\laravel\\framework\\src\\Illuminate\\Foundation\\Console\\RouteListCommand.php(156): Illuminate\\Foundation\\Console\\RouteListCommand->isVendorRoute(Object(Illuminate\\Routing\\Route))
#2 D:\\Project\\Techsense\\vendor\\laravel\\framework\\src\\Illuminate\\Foundation\\Console\\RouteListCommand.php(125): Illuminate\\Foundation\\Console\\RouteListCommand->getRouteInformation(Object(Illuminate\\Routing\\Route))
#3 [internal function]: Illuminate\\Foundation\\Console\\RouteListCommand->Illuminate\\Foundation\\Console\\{closure}(Object(Illuminate\\Routing\\Route), 111)
#4 D:\\Project\\Techsense\\vendor\\laravel\\framework\\src\\Illuminate\\Collections\\Arr.php(560): array_map(Object(Closure), Array, Array)
#5 D:\\Project\\Techsense\\vendor\\laravel\\framework\\src\\Illuminate\\Collections\\Collection.php(768): Illuminate\\Support\\Arr::map(Array, Object(Closure))
#6 D:\\Project\\Techsense\\vendor\\laravel\\framework\\src\\Illuminate\\Foundation\\Console\\RouteListCommand.php(124): Illuminate\\Support\\Collection->map(Object(Closure))
#7 D:\\Project\\Techsense\\vendor\\laravel\\framework\\src\\Illuminate\\Foundation\\Console\\RouteListCommand.php(110): Illuminate\\Foundation\\Console\\RouteListCommand->getRoutes()
#8 D:\\Project\\Techsense\\vendor\\laravel\\framework\\src\\Illuminate\\Container\\BoundMethod.php(36): Illuminate\\Foundation\\Console\\RouteListCommand->handle()
#9 D:\\Project\\Techsense\\vendor\\laravel\\framework\\src\\Illuminate\\Container\\Util.php(41): Illuminate\\Container\\BoundMethod::Illuminate\\Container\\{closure}()
#10 D:\\Project\\Techsense\\vendor\\laravel\\framework\\src\\Illuminate\\Container\\BoundMethod.php(93): Illuminate\\Container\\Util::unwrapIfClosure(Object(Closure))
#11 D:\\Project\\Techsense\\vendor\\laravel\\framework\\src\\Illuminate\\Container\\BoundMethod.php(35): Illuminate\\Container\\BoundMethod::callBoundMethod(Object(Illuminate\\Foundation\\Application), Array, Object(Closure))
#12 D:\\Project\\Techsense\\vendor\\laravel\\framework\\src\\Illuminate\\Container\\Container.php(661): Illuminate\\Container\\BoundMethod::call(Object(Illuminate\\Foundation\\Application), Array, Array, NULL)
#13 D:\\Project\\Techsense\\vendor\\laravel\\framework\\src\\Illuminate\\Console\\Command.php(183): Illuminate\\Container\\Container->call(Array)
#14 D:\\Project\\Techsense\\vendor\\symfony\\console\\Command\\Command.php(326): Illuminate\\Console\\Command->execute(Object(Symfony\\Component\\Console\\Input\\ArgvInput), Object(Illuminate\\Console\\OutputStyle))
#15 D:\\Project\\Techsense\\vendor\\laravel\\framework\\src\\Illuminate\\Console\\Command.php(152): Symfony\\Component\\Console\\Command\\Command->run(Object(Symfony\\Component\\Console\\Input\\ArgvInput), Object(Illuminate\\Console\\OutputStyle))
#16 D:\\Project\\Techsense\\vendor\\symfony\\console\\Application.php(1078): Illuminate\\Console\\Command->run(Object(Symfony\\Component\\Console\\Input\\ArgvInput), Object(Symfony\\Component\\Console\\Output\\ConsoleOutput))
#17 D:\\Project\\Techsense\\vendor\\symfony\\console\\Application.php(324): Symfony\\Component\\Console\\Application->doRunCommand(Object(Illuminate\\Foundation\\Console\\RouteListCommand), Object(Symfony\\Component\\Console\\Input\\ArgvInput), Object(Symfony\\Component\\Console\\Output\\ConsoleOutput))
#18 D:\\Project\\Techsense\\vendor\\symfony\\console\\Application.php(175): Symfony\\Component\\Console\\Application->doRun(Object(Symfony\\Component\\Console\\Input\\ArgvInput), Object(Symfony\\Component\\Console\\Output\\ConsoleOutput))
#19 D:\\Project\\Techsense\\vendor\\laravel\\framework\\src\\Illuminate\\Console\\Application.php(102): Symfony\\Component\\Console\\Application->run(Object(Symfony\\Component\\Console\\Input\\ArgvInput), Object(Symfony\\Component\\Console\\Output\\ConsoleOutput))
#20 D:\\Project\\Techsense\\vendor\\laravel\\framework\\src\\Illuminate\\Foundation\\Console\\Kernel.php(155): Illuminate\\Console\\Application->run(Object(Symfony\\Component\\Console\\Input\\ArgvInput), Object(Symfony\\Component\\Console\\Output\\ConsoleOutput))
#21 D:\\Project\\Techsense\\artisan(35): Illuminate\\Foundation\\Console\\Kernel->handle(Object(Symfony\\Component\\Console\\Input\\ArgvInput), Object(Symfony\\Component\\Console\\Output\\ConsoleOutput))
#22 {main}
"} 
[2025-09-21 12:23:45] live.ERROR: Uncaught ReflectionException: Class "App\Policies\ModelPolicy" does not exist in Command line code:1
Stack trace:
#0 Command line code(1): ReflectionClass->__construct('App\\Policies\\Mo...')
#1 [internal function]: {closure}('App\\Policies\\Mo...', 'App\\Model')
#2 Command line code(1): array_map(Object(Closure), Array, Array)
#3 {main}
  thrown {"exception":"[object] (Symfony\\Component\\ErrorHandler\\Error\\FatalError(code: 0): Uncaught ReflectionException: Class \"App\\Policies\\ModelPolicy\" does not exist in Command line code:1
Stack trace:
#0 Command line code(1): ReflectionClass->__construct('App\\\\Policies\\\\Mo...')
#1 [internal function]: {closure}('App\\\\Policies\\\\Mo...', 'App\\\\Model')
#2 Command line code(1): array_map(Object(Closure), Array, Array)
#3 {main}
  thrown at Command line code:1)
[stacktrace]
#0 D:\\Project\\Techsense\\vendor\\laravel\\framework\\src\\Illuminate\\Foundation\\Bootstrap\\HandleExceptions.php(259): Symfony\\Component\\ErrorHandler\\Error\\FatalError->__construct(message: ''Uncaught Refle...', code: '0', error: '['type' => 1, '...', traceOffset: '0', traceArgs: '???', trace: '???')
#1 D:\\Project\\Techsense\\vendor\\laravel\\framework\\src\\Illuminate\\Foundation\\Bootstrap\\HandleExceptions.php(246): Illuminate\\Foundation\\Bootstrap\\HandleExceptions->fatalErrorFromPhpError(error: '['type' => 1, '...', traceOffset: '0')
#2 D:\\Project\\Techsense\\vendor\\laravel\\framework\\src\\Illuminate\\Foundation\\Bootstrap\\HandleExceptions.php(270): Illuminate\\Foundation\\Bootstrap\\HandleExceptions->handleShutdown()
#3 D:\\Project\\Techsense\\vendor\\laravel\\framework\\src\\Illuminate\\Foundation\\Bootstrap\\HandleExceptions.php(0): Illuminate\\Foundation\\Bootstrap\\HandleExceptions->Illuminate\\Foundation\\Bootstrap\\{closure:D:\\Project\\Techsense\\vendor\\laravel\\framework\\src\\Illuminate\\Foundation\\Bootstrap\\HandleExceptions.php:269-271}()
#4 {main}
"} 
[2025-09-21 12:24:41] live.ERROR: Uncaught ReflectionException: Class "App\Policies\ModelPolicy" does not exist in Command line code:1
Stack trace:
#0 Command line code(1): ReflectionClass->__construct('App\\Policies\\Mo...')
#1 [internal function]: {closure}('App\\Policies\\Mo...', 'App\\Model')
#2 Command line code(1): array_map(Object(Closure), Array, Array)
#3 {main}
  thrown {"exception":"[object] (Symfony\\Component\\ErrorHandler\\Error\\FatalError(code: 0): Uncaught ReflectionException: Class \"App\\Policies\\ModelPolicy\" does not exist in Command line code:1
Stack trace:
#0 Command line code(1): ReflectionClass->__construct('App\\\\Policies\\\\Mo...')
#1 [internal function]: {closure}('App\\\\Policies\\\\Mo...', 'App\\\\Model')
#2 Command line code(1): array_map(Object(Closure), Array, Array)
#3 {main}
  thrown at Command line code:1)
[stacktrace]
#0 D:\\Project\\Techsense\\vendor\\laravel\\framework\\src\\Illuminate\\Foundation\\Bootstrap\\HandleExceptions.php(259): Symfony\\Component\\ErrorHandler\\Error\\FatalError->__construct(message: ''Uncaught Refle...', code: '0', error: '['type' => 1, '...', traceOffset: '0', traceArgs: '???', trace: '???')
#1 D:\\Project\\Techsense\\vendor\\laravel\\framework\\src\\Illuminate\\Foundation\\Bootstrap\\HandleExceptions.php(246): Illuminate\\Foundation\\Bootstrap\\HandleExceptions->fatalErrorFromPhpError(error: '['type' => 1, '...', traceOffset: '0')
#2 D:\\Project\\Techsense\\vendor\\laravel\\framework\\src\\Illuminate\\Foundation\\Bootstrap\\HandleExceptions.php(270): Illuminate\\Foundation\\Bootstrap\\HandleExceptions->handleShutdown()
#3 D:\\Project\\Techsense\\vendor\\laravel\\framework\\src\\Illuminate\\Foundation\\Bootstrap\\HandleExceptions.php(0): Illuminate\\Foundation\\Bootstrap\\HandleExceptions->Illuminate\\Foundation\\Bootstrap\\{closure:D:\\Project\\Techsense\\vendor\\laravel\\framework\\src\\Illuminate\\Foundation\\Bootstrap\\HandleExceptions.php:269-271}()
#4 {main}
"} 
[2025-09-21 12:25:42] live.ERROR: Uncaught ReflectionException: Class "App\Policies\ModelPolicy" does not exist in Command line code:1
Stack trace:
#0 Command line code(1): ReflectionClass->__construct('App\\Policies\\Mo...')
#1 [internal function]: {closure}('App\\Policies\\Mo...', 'App\\Model')
#2 Command line code(1): array_map(Object(Closure), Array, Array)
#3 {main}
  thrown {"exception":"[object] (Symfony\\Component\\ErrorHandler\\Error\\FatalError(code: 0): Uncaught ReflectionException: Class \"App\\Policies\\ModelPolicy\" does not exist in Command line code:1
Stack trace:
#0 Command line code(1): ReflectionClass->__construct('App\\\\Policies\\\\Mo...')
#1 [internal function]: {closure}('App\\\\Policies\\\\Mo...', 'App\\\\Model')
#2 Command line code(1): array_map(Object(Closure), Array, Array)
#3 {main}
  thrown at Command line code:1)
[stacktrace]
#0 D:\\Project\\Techsense\\vendor\\laravel\\framework\\src\\Illuminate\\Foundation\\Bootstrap\\HandleExceptions.php(259): Symfony\\Component\\ErrorHandler\\Error\\FatalError->__construct(message: ''Uncaught Refle...', code: '0', error: '['type' => 1, '...', traceOffset: '0', traceArgs: '???', trace: '???')
#1 D:\\Project\\Techsense\\vendor\\laravel\\framework\\src\\Illuminate\\Foundation\\Bootstrap\\HandleExceptions.php(246): Illuminate\\Foundation\\Bootstrap\\HandleExceptions->fatalErrorFromPhpError(error: '['type' => 1, '...', traceOffset: '0')
#2 D:\\Project\\Techsense\\vendor\\laravel\\framework\\src\\Illuminate\\Foundation\\Bootstrap\\HandleExceptions.php(270): Illuminate\\Foundation\\Bootstrap\\HandleExceptions->handleShutdown()
#3 D:\\Project\\Techsense\\vendor\\laravel\\framework\\src\\Illuminate\\Foundation\\Bootstrap\\HandleExceptions.php(0): Illuminate\\Foundation\\Bootstrap\\HandleExceptions->Illuminate\\Foundation\\Bootstrap\\{closure:D:\\Project\\Techsense\\vendor\\laravel\\framework\\src\\Illuminate\\Foundation\\Bootstrap\\HandleExceptions.php:269-271}()
#4 {main}
"} 
[2025-09-21 12:26:20] live.ERROR: Uncaught ReflectionException: Class "App\Policies\ModelPolicy" does not exist in Command line code:1
Stack trace:
#0 Command line code(1): ReflectionClass->__construct('App\\Policies\\Mo...')
#1 [internal function]: {closure}('App\\Policies\\Mo...', 'App\\Model')
#2 Command line code(1): array_map(Object(Closure), Array, Array)
#3 {main}
  thrown {"exception":"[object] (Symfony\\Component\\ErrorHandler\\Error\\FatalError(code: 0): Uncaught ReflectionException: Class \"App\\Policies\\ModelPolicy\" does not exist in Command line code:1
Stack trace:
#0 Command line code(1): ReflectionClass->__construct('App\\\\Policies\\\\Mo...')
#1 [internal function]: {closure}('App\\\\Policies\\\\Mo...', 'App\\\\Model')
#2 Command line code(1): array_map(Object(Closure), Array, Array)
#3 {main}
  thrown at Command line code:1)
[stacktrace]
#0 D:\\Project\\Techsense\\vendor\\laravel\\framework\\src\\Illuminate\\Foundation\\Bootstrap\\HandleExceptions.php(259): Symfony\\Component\\ErrorHandler\\Error\\FatalError->__construct(message: ''Uncaught Refle...', code: '0', error: '['type' => 1, '...', traceOffset: '0', traceArgs: '???', trace: '???')
#1 D:\\Project\\Techsense\\vendor\\laravel\\framework\\src\\Illuminate\\Foundation\\Bootstrap\\HandleExceptions.php(246): Illuminate\\Foundation\\Bootstrap\\HandleExceptions->fatalErrorFromPhpError(error: '['type' => 1, '...', traceOffset: '0')
#2 D:\\Project\\Techsense\\vendor\\laravel\\framework\\src\\Illuminate\\Foundation\\Bootstrap\\HandleExceptions.php(270): Illuminate\\Foundation\\Bootstrap\\HandleExceptions->handleShutdown()
#3 D:\\Project\\Techsense\\vendor\\laravel\\framework\\src\\Illuminate\\Foundation\\Bootstrap\\HandleExceptions.php(0): Illuminate\\Foundation\\Bootstrap\\HandleExceptions->Illuminate\\Foundation\\Bootstrap\\{closure:D:\\Project\\Techsense\\vendor\\laravel\\framework\\src\\Illuminate\\Foundation\\Bootstrap\\HandleExceptions.php:269-271}()
#4 {main}
"} 
[2025-09-21 12:26:36] live.ERROR: Class "PaymentAccountController" does not exist {"exception":"[object] (ReflectionException(code: -1): Class \"PaymentAccountController\" does not exist at D:\\Project\\Techsense\\vendor\\laravel\\framework\\src\\Illuminate\\Foundation\\Console\\RouteListCommand.php:234)
[stacktrace]
#0 D:\\Project\\Techsense\\vendor\\laravel\\framework\\src\\Illuminate\\Foundation\\Console\\RouteListCommand.php(234): ReflectionClass->__construct('PaymentAccountC...')
#1 D:\\Project\\Techsense\\vendor\\laravel\\framework\\src\\Illuminate\\Foundation\\Console\\RouteListCommand.php(156): Illuminate\\Foundation\\Console\\RouteListCommand->isVendorRoute(Object(Illuminate\\Routing\\Route))
#2 D:\\Project\\Techsense\\vendor\\laravel\\framework\\src\\Illuminate\\Foundation\\Console\\RouteListCommand.php(125): Illuminate\\Foundation\\Console\\RouteListCommand->getRouteInformation(Object(Illuminate\\Routing\\Route))
#3 [internal function]: Illuminate\\Foundation\\Console\\RouteListCommand->Illuminate\\Foundation\\Console\\{closure}(Object(Illuminate\\Routing\\Route), 111)
#4 D:\\Project\\Techsense\\vendor\\laravel\\framework\\src\\Illuminate\\Collections\\Arr.php(560): array_map(Object(Closure), Array, Array)
#5 D:\\Project\\Techsense\\vendor\\laravel\\framework\\src\\Illuminate\\Collections\\Collection.php(768): Illuminate\\Support\\Arr::map(Array, Object(Closure))
#6 D:\\Project\\Techsense\\vendor\\laravel\\framework\\src\\Illuminate\\Foundation\\Console\\RouteListCommand.php(124): Illuminate\\Support\\Collection->map(Object(Closure))
#7 D:\\Project\\Techsense\\vendor\\laravel\\framework\\src\\Illuminate\\Foundation\\Console\\RouteListCommand.php(110): Illuminate\\Foundation\\Console\\RouteListCommand->getRoutes()
#8 D:\\Project\\Techsense\\vendor\\laravel\\framework\\src\\Illuminate\\Container\\BoundMethod.php(36): Illuminate\\Foundation\\Console\\RouteListCommand->handle()
#9 D:\\Project\\Techsense\\vendor\\laravel\\framework\\src\\Illuminate\\Container\\Util.php(41): Illuminate\\Container\\BoundMethod::Illuminate\\Container\\{closure}()
#10 D:\\Project\\Techsense\\vendor\\laravel\\framework\\src\\Illuminate\\Container\\BoundMethod.php(93): Illuminate\\Container\\Util::unwrapIfClosure(Object(Closure))
#11 D:\\Project\\Techsense\\vendor\\laravel\\framework\\src\\Illuminate\\Container\\BoundMethod.php(35): Illuminate\\Container\\BoundMethod::callBoundMethod(Object(Illuminate\\Foundation\\Application), Array, Object(Closure))
#12 D:\\Project\\Techsense\\vendor\\laravel\\framework\\src\\Illuminate\\Container\\Container.php(661): Illuminate\\Container\\BoundMethod::call(Object(Illuminate\\Foundation\\Application), Array, Array, NULL)
#13 D:\\Project\\Techsense\\vendor\\laravel\\framework\\src\\Illuminate\\Console\\Command.php(183): Illuminate\\Container\\Container->call(Array)
#14 D:\\Project\\Techsense\\vendor\\symfony\\console\\Command\\Command.php(326): Illuminate\\Console\\Command->execute(Object(Symfony\\Component\\Console\\Input\\ArgvInput), Object(Illuminate\\Console\\OutputStyle))
#15 D:\\Project\\Techsense\\vendor\\laravel\\framework\\src\\Illuminate\\Console\\Command.php(152): Symfony\\Component\\Console\\Command\\Command->run(Object(Symfony\\Component\\Console\\Input\\ArgvInput), Object(Illuminate\\Console\\OutputStyle))
#16 D:\\Project\\Techsense\\vendor\\symfony\\console\\Application.php(1078): Illuminate\\Console\\Command->run(Object(Symfony\\Component\\Console\\Input\\ArgvInput), Object(Symfony\\Component\\Console\\Output\\ConsoleOutput))
#17 D:\\Project\\Techsense\\vendor\\symfony\\console\\Application.php(324): Symfony\\Component\\Console\\Application->doRunCommand(Object(Illuminate\\Foundation\\Console\\RouteListCommand), Object(Symfony\\Component\\Console\\Input\\ArgvInput), Object(Symfony\\Component\\Console\\Output\\ConsoleOutput))
#18 D:\\Project\\Techsense\\vendor\\symfony\\console\\Application.php(175): Symfony\\Component\\Console\\Application->doRun(Object(Symfony\\Component\\Console\\Input\\ArgvInput), Object(Symfony\\Component\\Console\\Output\\ConsoleOutput))
#19 D:\\Project\\Techsense\\vendor\\laravel\\framework\\src\\Illuminate\\Console\\Application.php(102): Symfony\\Component\\Console\\Application->run(Object(Symfony\\Component\\Console\\Input\\ArgvInput), Object(Symfony\\Component\\Console\\Output\\ConsoleOutput))
#20 D:\\Project\\Techsense\\vendor\\laravel\\framework\\src\\Illuminate\\Foundation\\Console\\Kernel.php(155): Illuminate\\Console\\Application->run(Object(Symfony\\Component\\Console\\Input\\ArgvInput), Object(Symfony\\Component\\Console\\Output\\ConsoleOutput))
#21 D:\\Project\\Techsense\\artisan(35): Illuminate\\Foundation\\Console\\Kernel->handle(Object(Symfony\\Component\\Console\\Input\\ArgvInput), Object(Symfony\\Component\\Console\\Output\\ConsoleOutput))
#22 {main}
"} 
[2025-09-21 12:26:37] live.ERROR: Uncaught Symfony\Component\Finder\Exception\DirectoryNotFoundException: The "D:\Project\Techsense\custom_views" directory does not exist. in D:\Project\Techsense\vendor\symfony\finder\Finder.php:649
Stack trace:
#0 D:\Project\Techsense\vendor\laravel\framework\src\Illuminate\Filesystem\Filesystem.php(569): Symfony\Component\Finder\Finder->in('D:\\Project\\Tech...')
#1 Command line code(1): Illuminate\Filesystem\Filesystem->files('D:\\Project\\Tech...')
#2 Command line code(1): getViews('D:\\Project\\Tech...', Object(Illuminate\Filesystem\Filesystem))
#3 {main}
  thrown {"exception":"[object] (Symfony\\Component\\ErrorHandler\\Error\\FatalError(code: 0): Uncaught Symfony\\Component\\Finder\\Exception\\DirectoryNotFoundException: The \"D:\\Project\\Techsense\\custom_views\" directory does not exist. in D:\\Project\\Techsense\\vendor\\symfony\\finder\\Finder.php:649
Stack trace:
#0 D:\\Project\\Techsense\\vendor\\laravel\\framework\\src\\Illuminate\\Filesystem\\Filesystem.php(569): Symfony\\Component\\Finder\\Finder->in('D:\\\\Project\\\\Tech...')
#1 Command line code(1): Illuminate\\Filesystem\\Filesystem->files('D:\\\\Project\\\\Tech...')
#2 Command line code(1): getViews('D:\\\\Project\\\\Tech...', Object(Illuminate\\Filesystem\\Filesystem))
#3 {main}
  thrown at D:\\Project\\Techsense\\vendor\\symfony\\finder\\Finder.php:649)
[stacktrace]
#0 D:\\Project\\Techsense\\vendor\\laravel\\framework\\src\\Illuminate\\Foundation\\Bootstrap\\HandleExceptions.php(259): Symfony\\Component\\ErrorHandler\\Error\\FatalError->__construct(message: ''Uncaught Symfo...', code: '0', error: '['type' => 1, '...', traceOffset: '0', traceArgs: '???', trace: '???')
#1 D:\\Project\\Techsense\\vendor\\laravel\\framework\\src\\Illuminate\\Foundation\\Bootstrap\\HandleExceptions.php(246): Illuminate\\Foundation\\Bootstrap\\HandleExceptions->fatalErrorFromPhpError(error: '['type' => 1, '...', traceOffset: '0')
#2 D:\\Project\\Techsense\\vendor\\laravel\\framework\\src\\Illuminate\\Foundation\\Bootstrap\\HandleExceptions.php(270): Illuminate\\Foundation\\Bootstrap\\HandleExceptions->handleShutdown()
#3 D:\\Project\\Techsense\\vendor\\laravel\\framework\\src\\Illuminate\\Foundation\\Bootstrap\\HandleExceptions.php(0): Illuminate\\Foundation\\Bootstrap\\HandleExceptions->Illuminate\\Foundation\\Bootstrap\\{closure:D:\\Project\\Techsense\\vendor\\laravel\\framework\\src\\Illuminate\\Foundation\\Bootstrap\\HandleExceptions.php:269-271}()
#4 {main}
"} 
[2025-09-21 12:26:53] live.ERROR: Uncaught ReflectionException: Class "App\Policies\ModelPolicy" does not exist in Command line code:1
Stack trace:
#0 Command line code(1): ReflectionClass->__construct('App\\Policies\\Mo...')
#1 [internal function]: {closure}('App\\Policies\\Mo...', 'App\\Model')
#2 Command line code(1): array_map(Object(Closure), Array, Array)
#3 {main}
  thrown {"exception":"[object] (Symfony\\Component\\ErrorHandler\\Error\\FatalError(code: 0): Uncaught ReflectionException: Class \"App\\Policies\\ModelPolicy\" does not exist in Command line code:1
Stack trace:
#0 Command line code(1): ReflectionClass->__construct('App\\\\Policies\\\\Mo...')
#1 [internal function]: {closure}('App\\\\Policies\\\\Mo...', 'App\\\\Model')
#2 Command line code(1): array_map(Object(Closure), Array, Array)
#3 {main}
  thrown at Command line code:1)
[stacktrace]
#0 D:\\Project\\Techsense\\vendor\\laravel\\framework\\src\\Illuminate\\Foundation\\Bootstrap\\HandleExceptions.php(259): Symfony\\Component\\ErrorHandler\\Error\\FatalError->__construct(message: ''Uncaught Refle...', code: '0', error: '['type' => 1, '...', traceOffset: '0', traceArgs: '???', trace: '???')
#1 D:\\Project\\Techsense\\vendor\\laravel\\framework\\src\\Illuminate\\Foundation\\Bootstrap\\HandleExceptions.php(246): Illuminate\\Foundation\\Bootstrap\\HandleExceptions->fatalErrorFromPhpError(error: '['type' => 1, '...', traceOffset: '0')
#2 D:\\Project\\Techsense\\vendor\\laravel\\framework\\src\\Illuminate\\Foundation\\Bootstrap\\HandleExceptions.php(270): Illuminate\\Foundation\\Bootstrap\\HandleExceptions->handleShutdown()
#3 D:\\Project\\Techsense\\vendor\\laravel\\framework\\src\\Illuminate\\Foundation\\Bootstrap\\HandleExceptions.php(0): Illuminate\\Foundation\\Bootstrap\\HandleExceptions->Illuminate\\Foundation\\Bootstrap\\{closure:D:\\Project\\Techsense\\vendor\\laravel\\framework\\src\\Illuminate\\Foundation\\Bootstrap\\HandleExceptions.php:269-271}()
#4 {main}
"} 
[2025-09-21 12:27:08] live.ERROR: Uncaught Symfony\Component\Finder\Exception\DirectoryNotFoundException: The "D:\Project\Techsense\custom_views" directory does not exist. in D:\Project\Techsense\vendor\symfony\finder\Finder.php:649
Stack trace:
#0 D:\Project\Techsense\vendor\laravel\framework\src\Illuminate\Filesystem\Filesystem.php(569): Symfony\Component\Finder\Finder->in('D:\\Project\\Tech...')
#1 Command line code(1): Illuminate\Filesystem\Filesystem->files('D:\\Project\\Tech...')
#2 Command line code(1): getViews('D:\\Project\\Tech...', Object(Illuminate\Filesystem\Filesystem))
#3 {main}
  thrown {"exception":"[object] (Symfony\\Component\\ErrorHandler\\Error\\FatalError(code: 0): Uncaught Symfony\\Component\\Finder\\Exception\\DirectoryNotFoundException: The \"D:\\Project\\Techsense\\custom_views\" directory does not exist. in D:\\Project\\Techsense\\vendor\\symfony\\finder\\Finder.php:649
Stack trace:
#0 D:\\Project\\Techsense\\vendor\\laravel\\framework\\src\\Illuminate\\Filesystem\\Filesystem.php(569): Symfony\\Component\\Finder\\Finder->in('D:\\\\Project\\\\Tech...')
#1 Command line code(1): Illuminate\\Filesystem\\Filesystem->files('D:\\\\Project\\\\Tech...')
#2 Command line code(1): getViews('D:\\\\Project\\\\Tech...', Object(Illuminate\\Filesystem\\Filesystem))
#3 {main}
  thrown at D:\\Project\\Techsense\\vendor\\symfony\\finder\\Finder.php:649)
[stacktrace]
#0 D:\\Project\\Techsense\\vendor\\laravel\\framework\\src\\Illuminate\\Foundation\\Bootstrap\\HandleExceptions.php(259): Symfony\\Component\\ErrorHandler\\Error\\FatalError->__construct(message: ''Uncaught Symfo...', code: '0', error: '['type' => 1, '...', traceOffset: '0', traceArgs: '???', trace: '???')
#1 D:\\Project\\Techsense\\vendor\\laravel\\framework\\src\\Illuminate\\Foundation\\Bootstrap\\HandleExceptions.php(246): Illuminate\\Foundation\\Bootstrap\\HandleExceptions->fatalErrorFromPhpError(error: '['type' => 1, '...', traceOffset: '0')
#2 D:\\Project\\Techsense\\vendor\\laravel\\framework\\src\\Illuminate\\Foundation\\Bootstrap\\HandleExceptions.php(270): Illuminate\\Foundation\\Bootstrap\\HandleExceptions->handleShutdown()
#3 D:\\Project\\Techsense\\vendor\\laravel\\framework\\src\\Illuminate\\Foundation\\Bootstrap\\HandleExceptions.php(0): Illuminate\\Foundation\\Bootstrap\\HandleExceptions->Illuminate\\Foundation\\Bootstrap\\{closure:D:\\Project\\Techsense\\vendor\\laravel\\framework\\src\\Illuminate\\Foundation\\Bootstrap\\HandleExceptions.php:269-271}()
#4 {main}
"} 
[2025-09-21 12:27:34] live.ERROR: Class "PaymentAccountController" does not exist {"exception":"[object] (ReflectionException(code: -1): Class \"PaymentAccountController\" does not exist at D:\\Project\\Techsense\\vendor\\laravel\\framework\\src\\Illuminate\\Foundation\\Console\\RouteListCommand.php:234)
[stacktrace]
#0 D:\\Project\\Techsense\\vendor\\laravel\\framework\\src\\Illuminate\\Foundation\\Console\\RouteListCommand.php(234): ReflectionClass->__construct('PaymentAccountC...')
#1 D:\\Project\\Techsense\\vendor\\laravel\\framework\\src\\Illuminate\\Foundation\\Console\\RouteListCommand.php(156): Illuminate\\Foundation\\Console\\RouteListCommand->isVendorRoute(Object(Illuminate\\Routing\\Route))
#2 D:\\Project\\Techsense\\vendor\\laravel\\framework\\src\\Illuminate\\Foundation\\Console\\RouteListCommand.php(125): Illuminate\\Foundation\\Console\\RouteListCommand->getRouteInformation(Object(Illuminate\\Routing\\Route))
#3 [internal function]: Illuminate\\Foundation\\Console\\RouteListCommand->Illuminate\\Foundation\\Console\\{closure}(Object(Illuminate\\Routing\\Route), 111)
#4 D:\\Project\\Techsense\\vendor\\laravel\\framework\\src\\Illuminate\\Collections\\Arr.php(560): array_map(Object(Closure), Array, Array)
#5 D:\\Project\\Techsense\\vendor\\laravel\\framework\\src\\Illuminate\\Collections\\Collection.php(768): Illuminate\\Support\\Arr::map(Array, Object(Closure))
#6 D:\\Project\\Techsense\\vendor\\laravel\\framework\\src\\Illuminate\\Foundation\\Console\\RouteListCommand.php(124): Illuminate\\Support\\Collection->map(Object(Closure))
#7 D:\\Project\\Techsense\\vendor\\laravel\\framework\\src\\Illuminate\\Foundation\\Console\\RouteListCommand.php(110): Illuminate\\Foundation\\Console\\RouteListCommand->getRoutes()
#8 D:\\Project\\Techsense\\vendor\\laravel\\framework\\src\\Illuminate\\Container\\BoundMethod.php(36): Illuminate\\Foundation\\Console\\RouteListCommand->handle()
#9 D:\\Project\\Techsense\\vendor\\laravel\\framework\\src\\Illuminate\\Container\\Util.php(41): Illuminate\\Container\\BoundMethod::Illuminate\\Container\\{closure}()
#10 D:\\Project\\Techsense\\vendor\\laravel\\framework\\src\\Illuminate\\Container\\BoundMethod.php(93): Illuminate\\Container\\Util::unwrapIfClosure(Object(Closure))
#11 D:\\Project\\Techsense\\vendor\\laravel\\framework\\src\\Illuminate\\Container\\BoundMethod.php(35): Illuminate\\Container\\BoundMethod::callBoundMethod(Object(Illuminate\\Foundation\\Application), Array, Object(Closure))
#12 D:\\Project\\Techsense\\vendor\\laravel\\framework\\src\\Illuminate\\Container\\Container.php(661): Illuminate\\Container\\BoundMethod::call(Object(Illuminate\\Foundation\\Application), Array, Array, NULL)
#13 D:\\Project\\Techsense\\vendor\\laravel\\framework\\src\\Illuminate\\Console\\Command.php(183): Illuminate\\Container\\Container->call(Array)
#14 D:\\Project\\Techsense\\vendor\\symfony\\console\\Command\\Command.php(326): Illuminate\\Console\\Command->execute(Object(Symfony\\Component\\Console\\Input\\ArgvInput), Object(Illuminate\\Console\\OutputStyle))
#15 D:\\Project\\Techsense\\vendor\\laravel\\framework\\src\\Illuminate\\Console\\Command.php(152): Symfony\\Component\\Console\\Command\\Command->run(Object(Symfony\\Component\\Console\\Input\\ArgvInput), Object(Illuminate\\Console\\OutputStyle))
#16 D:\\Project\\Techsense\\vendor\\symfony\\console\\Application.php(1078): Illuminate\\Console\\Command->run(Object(Symfony\\Component\\Console\\Input\\ArgvInput), Object(Symfony\\Component\\Console\\Output\\ConsoleOutput))
#17 D:\\Project\\Techsense\\vendor\\symfony\\console\\Application.php(324): Symfony\\Component\\Console\\Application->doRunCommand(Object(Illuminate\\Foundation\\Console\\RouteListCommand), Object(Symfony\\Component\\Console\\Input\\ArgvInput), Object(Symfony\\Component\\Console\\Output\\ConsoleOutput))
#18 D:\\Project\\Techsense\\vendor\\symfony\\console\\Application.php(175): Symfony\\Component\\Console\\Application->doRun(Object(Symfony\\Component\\Console\\Input\\ArgvInput), Object(Symfony\\Component\\Console\\Output\\ConsoleOutput))
#19 D:\\Project\\Techsense\\vendor\\laravel\\framework\\src\\Illuminate\\Console\\Application.php(102): Symfony\\Component\\Console\\Application->run(Object(Symfony\\Component\\Console\\Input\\ArgvInput), Object(Symfony\\Component\\Console\\Output\\ConsoleOutput))
#20 D:\\Project\\Techsense\\vendor\\laravel\\framework\\src\\Illuminate\\Foundation\\Console\\Kernel.php(155): Illuminate\\Console\\Application->run(Object(Symfony\\Component\\Console\\Input\\ArgvInput), Object(Symfony\\Component\\Console\\Output\\ConsoleOutput))
#21 D:\\Project\\Techsense\\artisan(35): Illuminate\\Foundation\\Console\\Kernel->handle(Object(Symfony\\Component\\Console\\Input\\ArgvInput), Object(Symfony\\Component\\Console\\Output\\ConsoleOutput))
#22 {main}
"} 
[2025-09-21 12:27:49] live.ERROR: Uncaught ReflectionException: Class "App\Policies\ModelPolicy" does not exist in Command line code:1
Stack trace:
#0 Command line code(1): ReflectionClass->__construct('App\\Policies\\Mo...')
#1 [internal function]: {closure}('App\\Policies\\Mo...', 'App\\Model')
#2 Command line code(1): array_map(Object(Closure), Array, Array)
#3 {main}
  thrown {"exception":"[object] (Symfony\\Component\\ErrorHandler\\Error\\FatalError(code: 0): Uncaught ReflectionException: Class \"App\\Policies\\ModelPolicy\" does not exist in Command line code:1
Stack trace:
#0 Command line code(1): ReflectionClass->__construct('App\\\\Policies\\\\Mo...')
#1 [internal function]: {closure}('App\\\\Policies\\\\Mo...', 'App\\\\Model')
#2 Command line code(1): array_map(Object(Closure), Array, Array)
#3 {main}
  thrown at Command line code:1)
[stacktrace]
#0 D:\\Project\\Techsense\\vendor\\laravel\\framework\\src\\Illuminate\\Foundation\\Bootstrap\\HandleExceptions.php(259): Symfony\\Component\\ErrorHandler\\Error\\FatalError->__construct(message: ''Uncaught Refle...', code: '0', error: '['type' => 1, '...', traceOffset: '0', traceArgs: '???', trace: '???')
#1 D:\\Project\\Techsense\\vendor\\laravel\\framework\\src\\Illuminate\\Foundation\\Bootstrap\\HandleExceptions.php(246): Illuminate\\Foundation\\Bootstrap\\HandleExceptions->fatalErrorFromPhpError(error: '['type' => 1, '...', traceOffset: '0')
#2 D:\\Project\\Techsense\\vendor\\laravel\\framework\\src\\Illuminate\\Foundation\\Bootstrap\\HandleExceptions.php(270): Illuminate\\Foundation\\Bootstrap\\HandleExceptions->handleShutdown()
#3 D:\\Project\\Techsense\\vendor\\laravel\\framework\\src\\Illuminate\\Foundation\\Bootstrap\\HandleExceptions.php(0): Illuminate\\Foundation\\Bootstrap\\HandleExceptions->Illuminate\\Foundation\\Bootstrap\\{closure:D:\\Project\\Techsense\\vendor\\laravel\\framework\\src\\Illuminate\\Foundation\\Bootstrap\\HandleExceptions.php:269-271}()
#4 {main}
"} 
[2025-09-21 12:28:49] live.ERROR: Uncaught ReflectionException: Class "App\Policies\ModelPolicy" does not exist in Command line code:1
Stack trace:
#0 Command line code(1): ReflectionClass->__construct('App\\Policies\\Mo...')
#1 [internal function]: {closure}('App\\Policies\\Mo...', 'App\\Model')
#2 Command line code(1): array_map(Object(Closure), Array, Array)
#3 {main}
  thrown {"exception":"[object] (Symfony\\Component\\ErrorHandler\\Error\\FatalError(code: 0): Uncaught ReflectionException: Class \"App\\Policies\\ModelPolicy\" does not exist in Command line code:1
Stack trace:
#0 Command line code(1): ReflectionClass->__construct('App\\\\Policies\\\\Mo...')
#1 [internal function]: {closure}('App\\\\Policies\\\\Mo...', 'App\\\\Model')
#2 Command line code(1): array_map(Object(Closure), Array, Array)
#3 {main}
  thrown at Command line code:1)
[stacktrace]
#0 D:\\Project\\Techsense\\vendor\\laravel\\framework\\src\\Illuminate\\Foundation\\Bootstrap\\HandleExceptions.php(259): Symfony\\Component\\ErrorHandler\\Error\\FatalError->__construct(message: ''Uncaught Refle...', code: '0', error: '['type' => 1, '...', traceOffset: '0', traceArgs: '???', trace: '???')
#1 D:\\Project\\Techsense\\vendor\\laravel\\framework\\src\\Illuminate\\Foundation\\Bootstrap\\HandleExceptions.php(246): Illuminate\\Foundation\\Bootstrap\\HandleExceptions->fatalErrorFromPhpError(error: '['type' => 1, '...', traceOffset: '0')
#2 D:\\Project\\Techsense\\vendor\\laravel\\framework\\src\\Illuminate\\Foundation\\Bootstrap\\HandleExceptions.php(270): Illuminate\\Foundation\\Bootstrap\\HandleExceptions->handleShutdown()
#3 D:\\Project\\Techsense\\vendor\\laravel\\framework\\src\\Illuminate\\Foundation\\Bootstrap\\HandleExceptions.php(0): Illuminate\\Foundation\\Bootstrap\\HandleExceptions->Illuminate\\Foundation\\Bootstrap\\{closure:D:\\Project\\Techsense\\vendor\\laravel\\framework\\src\\Illuminate\\Foundation\\Bootstrap\\HandleExceptions.php:269-271}()
#4 {main}
"} 
[2025-09-21 12:29:50] live.ERROR: Uncaught ReflectionException: Class "App\Policies\ModelPolicy" does not exist in Command line code:1
Stack trace:
#0 Command line code(1): ReflectionClass->__construct('App\\Policies\\Mo...')
#1 [internal function]: {closure}('App\\Policies\\Mo...', 'App\\Model')
#2 Command line code(1): array_map(Object(Closure), Array, Array)
#3 {main}
  thrown {"exception":"[object] (Symfony\\Component\\ErrorHandler\\Error\\FatalError(code: 0): Uncaught ReflectionException: Class \"App\\Policies\\ModelPolicy\" does not exist in Command line code:1
Stack trace:
#0 Command line code(1): ReflectionClass->__construct('App\\\\Policies\\\\Mo...')
#1 [internal function]: {closure}('App\\\\Policies\\\\Mo...', 'App\\\\Model')
#2 Command line code(1): array_map(Object(Closure), Array, Array)
#3 {main}
  thrown at Command line code:1)
[stacktrace]
#0 D:\\Project\\Techsense\\vendor\\laravel\\framework\\src\\Illuminate\\Foundation\\Bootstrap\\HandleExceptions.php(259): Symfony\\Component\\ErrorHandler\\Error\\FatalError->__construct(message: ''Uncaught Refle...', code: '0', error: '['type' => 1, '...', traceOffset: '0', traceArgs: '???', trace: '???')
#1 D:\\Project\\Techsense\\vendor\\laravel\\framework\\src\\Illuminate\\Foundation\\Bootstrap\\HandleExceptions.php(246): Illuminate\\Foundation\\Bootstrap\\HandleExceptions->fatalErrorFromPhpError(error: '['type' => 1, '...', traceOffset: '0')
#2 D:\\Project\\Techsense\\vendor\\laravel\\framework\\src\\Illuminate\\Foundation\\Bootstrap\\HandleExceptions.php(270): Illuminate\\Foundation\\Bootstrap\\HandleExceptions->handleShutdown()
#3 D:\\Project\\Techsense\\vendor\\laravel\\framework\\src\\Illuminate\\Foundation\\Bootstrap\\HandleExceptions.php(0): Illuminate\\Foundation\\Bootstrap\\HandleExceptions->Illuminate\\Foundation\\Bootstrap\\{closure:D:\\Project\\Techsense\\vendor\\laravel\\framework\\src\\Illuminate\\Foundation\\Bootstrap\\HandleExceptions.php:269-271}()
#4 {main}
"} 
[2025-09-21 12:30:49] live.ERROR: Uncaught ReflectionException: Class "App\Policies\ModelPolicy" does not exist in Command line code:1
Stack trace:
#0 Command line code(1): ReflectionClass->__construct('App\\Policies\\Mo...')
#1 [internal function]: {closure}('App\\Policies\\Mo...', 'App\\Model')
#2 Command line code(1): array_map(Object(Closure), Array, Array)
#3 {main}
  thrown {"exception":"[object] (Symfony\\Component\\ErrorHandler\\Error\\FatalError(code: 0): Uncaught ReflectionException: Class \"App\\Policies\\ModelPolicy\" does not exist in Command line code:1
Stack trace:
#0 Command line code(1): ReflectionClass->__construct('App\\\\Policies\\\\Mo...')
#1 [internal function]: {closure}('App\\\\Policies\\\\Mo...', 'App\\\\Model')
#2 Command line code(1): array_map(Object(Closure), Array, Array)
#3 {main}
  thrown at Command line code:1)
[stacktrace]
#0 D:\\Project\\Techsense\\vendor\\laravel\\framework\\src\\Illuminate\\Foundation\\Bootstrap\\HandleExceptions.php(259): Symfony\\Component\\ErrorHandler\\Error\\FatalError->__construct(message: ''Uncaught Refle...', code: '0', error: '['type' => 1, '...', traceOffset: '0', traceArgs: '???', trace: '???')
#1 D:\\Project\\Techsense\\vendor\\laravel\\framework\\src\\Illuminate\\Foundation\\Bootstrap\\HandleExceptions.php(246): Illuminate\\Foundation\\Bootstrap\\HandleExceptions->fatalErrorFromPhpError(error: '['type' => 1, '...', traceOffset: '0')
#2 D:\\Project\\Techsense\\vendor\\laravel\\framework\\src\\Illuminate\\Foundation\\Bootstrap\\HandleExceptions.php(270): Illuminate\\Foundation\\Bootstrap\\HandleExceptions->handleShutdown()
#3 D:\\Project\\Techsense\\vendor\\laravel\\framework\\src\\Illuminate\\Foundation\\Bootstrap\\HandleExceptions.php(0): Illuminate\\Foundation\\Bootstrap\\HandleExceptions->Illuminate\\Foundation\\Bootstrap\\{closure:D:\\Project\\Techsense\\vendor\\laravel\\framework\\src\\Illuminate\\Foundation\\Bootstrap\\HandleExceptions.php:269-271}()
#4 {main}
"} 
[2025-09-21 12:31:50] live.ERROR: Uncaught ReflectionException: Class "App\Policies\ModelPolicy" does not exist in Command line code:1
Stack trace:
#0 Command line code(1): ReflectionClass->__construct('App\\Policies\\Mo...')
#1 [internal function]: {closure}('App\\Policies\\Mo...', 'App\\Model')
#2 Command line code(1): array_map(Object(Closure), Array, Array)
#3 {main}
  thrown {"exception":"[object] (Symfony\\Component\\ErrorHandler\\Error\\FatalError(code: 0): Uncaught ReflectionException: Class \"App\\Policies\\ModelPolicy\" does not exist in Command line code:1
Stack trace:
#0 Command line code(1): ReflectionClass->__construct('App\\\\Policies\\\\Mo...')
#1 [internal function]: {closure}('App\\\\Policies\\\\Mo...', 'App\\\\Model')
#2 Command line code(1): array_map(Object(Closure), Array, Array)
#3 {main}
  thrown at Command line code:1)
[stacktrace]
#0 D:\\Project\\Techsense\\vendor\\laravel\\framework\\src\\Illuminate\\Foundation\\Bootstrap\\HandleExceptions.php(259): Symfony\\Component\\ErrorHandler\\Error\\FatalError->__construct(message: ''Uncaught Refle...', code: '0', error: '['type' => 1, '...', traceOffset: '0', traceArgs: '???', trace: '???')
#1 D:\\Project\\Techsense\\vendor\\laravel\\framework\\src\\Illuminate\\Foundation\\Bootstrap\\HandleExceptions.php(246): Illuminate\\Foundation\\Bootstrap\\HandleExceptions->fatalErrorFromPhpError(error: '['type' => 1, '...', traceOffset: '0')
#2 D:\\Project\\Techsense\\vendor\\laravel\\framework\\src\\Illuminate\\Foundation\\Bootstrap\\HandleExceptions.php(270): Illuminate\\Foundation\\Bootstrap\\HandleExceptions->handleShutdown()
#3 D:\\Project\\Techsense\\vendor\\laravel\\framework\\src\\Illuminate\\Foundation\\Bootstrap\\HandleExceptions.php(0): Illuminate\\Foundation\\Bootstrap\\HandleExceptions->Illuminate\\Foundation\\Bootstrap\\{closure:D:\\Project\\Techsense\\vendor\\laravel\\framework\\src\\Illuminate\\Foundation\\Bootstrap\\HandleExceptions.php:269-271}()
#4 {main}
"} 
[2025-09-21 12:32:49] live.ERROR: Uncaught ReflectionException: Class "App\Policies\ModelPolicy" does not exist in Command line code:1
Stack trace:
#0 Command line code(1): ReflectionClass->__construct('App\\Policies\\Mo...')
#1 [internal function]: {closure}('App\\Policies\\Mo...', 'App\\Model')
#2 Command line code(1): array_map(Object(Closure), Array, Array)
#3 {main}
  thrown {"exception":"[object] (Symfony\\Component\\ErrorHandler\\Error\\FatalError(code: 0): Uncaught ReflectionException: Class \"App\\Policies\\ModelPolicy\" does not exist in Command line code:1
Stack trace:
#0 Command line code(1): ReflectionClass->__construct('App\\\\Policies\\\\Mo...')
#1 [internal function]: {closure}('App\\\\Policies\\\\Mo...', 'App\\\\Model')
#2 Command line code(1): array_map(Object(Closure), Array, Array)
#3 {main}
  thrown at Command line code:1)
[stacktrace]
#0 D:\\Project\\Techsense\\vendor\\laravel\\framework\\src\\Illuminate\\Foundation\\Bootstrap\\HandleExceptions.php(259): Symfony\\Component\\ErrorHandler\\Error\\FatalError->__construct(message: ''Uncaught Refle...', code: '0', error: '['type' => 1, '...', traceOffset: '0', traceArgs: '???', trace: '???')
#1 D:\\Project\\Techsense\\vendor\\laravel\\framework\\src\\Illuminate\\Foundation\\Bootstrap\\HandleExceptions.php(246): Illuminate\\Foundation\\Bootstrap\\HandleExceptions->fatalErrorFromPhpError(error: '['type' => 1, '...', traceOffset: '0')
#2 D:\\Project\\Techsense\\vendor\\laravel\\framework\\src\\Illuminate\\Foundation\\Bootstrap\\HandleExceptions.php(270): Illuminate\\Foundation\\Bootstrap\\HandleExceptions->handleShutdown()
#3 D:\\Project\\Techsense\\vendor\\laravel\\framework\\src\\Illuminate\\Foundation\\Bootstrap\\HandleExceptions.php(0): Illuminate\\Foundation\\Bootstrap\\HandleExceptions->Illuminate\\Foundation\\Bootstrap\\{closure:D:\\Project\\Techsense\\vendor\\laravel\\framework\\src\\Illuminate\\Foundation\\Bootstrap\\HandleExceptions.php:269-271}()
#4 {main}
"} 
[2025-09-21 12:33:33] live.ERROR: Uncaught Symfony\Component\Finder\Exception\DirectoryNotFoundException: The "D:\Project\Techsense\custom_views" directory does not exist. in D:\Project\Techsense\vendor\symfony\finder\Finder.php:649
Stack trace:
#0 D:\Project\Techsense\vendor\laravel\framework\src\Illuminate\Filesystem\Filesystem.php(569): Symfony\Component\Finder\Finder->in('D:\\Project\\Tech...')
#1 Command line code(1): Illuminate\Filesystem\Filesystem->files('D:\\Project\\Tech...')
#2 Command line code(1): getViews('D:\\Project\\Tech...', Object(Illuminate\Filesystem\Filesystem))
#3 {main}
  thrown {"exception":"[object] (Symfony\\Component\\ErrorHandler\\Error\\FatalError(code: 0): Uncaught Symfony\\Component\\Finder\\Exception\\DirectoryNotFoundException: The \"D:\\Project\\Techsense\\custom_views\" directory does not exist. in D:\\Project\\Techsense\\vendor\\symfony\\finder\\Finder.php:649
Stack trace:
#0 D:\\Project\\Techsense\\vendor\\laravel\\framework\\src\\Illuminate\\Filesystem\\Filesystem.php(569): Symfony\\Component\\Finder\\Finder->in('D:\\\\Project\\\\Tech...')
#1 Command line code(1): Illuminate\\Filesystem\\Filesystem->files('D:\\\\Project\\\\Tech...')
#2 Command line code(1): getViews('D:\\\\Project\\\\Tech...', Object(Illuminate\\Filesystem\\Filesystem))
#3 {main}
  thrown at D:\\Project\\Techsense\\vendor\\symfony\\finder\\Finder.php:649)
[stacktrace]
#0 D:\\Project\\Techsense\\vendor\\laravel\\framework\\src\\Illuminate\\Foundation\\Bootstrap\\HandleExceptions.php(259): Symfony\\Component\\ErrorHandler\\Error\\FatalError->__construct(message: ''Uncaught Symfo...', code: '0', error: '['type' => 1, '...', traceOffset: '0', traceArgs: '???', trace: '???')
#1 D:\\Project\\Techsense\\vendor\\laravel\\framework\\src\\Illuminate\\Foundation\\Bootstrap\\HandleExceptions.php(246): Illuminate\\Foundation\\Bootstrap\\HandleExceptions->fatalErrorFromPhpError(error: '['type' => 1, '...', traceOffset: '0')
#2 D:\\Project\\Techsense\\vendor\\laravel\\framework\\src\\Illuminate\\Foundation\\Bootstrap\\HandleExceptions.php(270): Illuminate\\Foundation\\Bootstrap\\HandleExceptions->handleShutdown()
#3 D:\\Project\\Techsense\\vendor\\laravel\\framework\\src\\Illuminate\\Foundation\\Bootstrap\\HandleExceptions.php(0): Illuminate\\Foundation\\Bootstrap\\HandleExceptions->Illuminate\\Foundation\\Bootstrap\\{closure:D:\\Project\\Techsense\\vendor\\laravel\\framework\\src\\Illuminate\\Foundation\\Bootstrap\\HandleExceptions.php:269-271}()
#4 {main}
"} 
[2025-09-21 12:33:38] live.ERROR: Uncaught Symfony\Component\Finder\Exception\DirectoryNotFoundException: The "D:\Project\Techsense\custom_views" directory does not exist. in D:\Project\Techsense\vendor\symfony\finder\Finder.php:649
Stack trace:
#0 D:\Project\Techsense\vendor\laravel\framework\src\Illuminate\Filesystem\Filesystem.php(569): Symfony\Component\Finder\Finder->in('D:\\Project\\Tech...')
#1 Command line code(1): Illuminate\Filesystem\Filesystem->files('D:\\Project\\Tech...')
#2 Command line code(1): getViews('D:\\Project\\Tech...', Object(Illuminate\Filesystem\Filesystem))
#3 {main}
  thrown {"exception":"[object] (Symfony\\Component\\ErrorHandler\\Error\\FatalError(code: 0): Uncaught Symfony\\Component\\Finder\\Exception\\DirectoryNotFoundException: The \"D:\\Project\\Techsense\\custom_views\" directory does not exist. in D:\\Project\\Techsense\\vendor\\symfony\\finder\\Finder.php:649
Stack trace:
#0 D:\\Project\\Techsense\\vendor\\laravel\\framework\\src\\Illuminate\\Filesystem\\Filesystem.php(569): Symfony\\Component\\Finder\\Finder->in('D:\\\\Project\\\\Tech...')
#1 Command line code(1): Illuminate\\Filesystem\\Filesystem->files('D:\\\\Project\\\\Tech...')
#2 Command line code(1): getViews('D:\\\\Project\\\\Tech...', Object(Illuminate\\Filesystem\\Filesystem))
#3 {main}
  thrown at D:\\Project\\Techsense\\vendor\\symfony\\finder\\Finder.php:649)
[stacktrace]
#0 D:\\Project\\Techsense\\vendor\\laravel\\framework\\src\\Illuminate\\Foundation\\Bootstrap\\HandleExceptions.php(259): Symfony\\Component\\ErrorHandler\\Error\\FatalError->__construct(message: ''Uncaught Symfo...', code: '0', error: '['type' => 1, '...', traceOffset: '0', traceArgs: '???', trace: '???')
#1 D:\\Project\\Techsense\\vendor\\laravel\\framework\\src\\Illuminate\\Foundation\\Bootstrap\\HandleExceptions.php(246): Illuminate\\Foundation\\Bootstrap\\HandleExceptions->fatalErrorFromPhpError(error: '['type' => 1, '...', traceOffset: '0')
#2 D:\\Project\\Techsense\\vendor\\laravel\\framework\\src\\Illuminate\\Foundation\\Bootstrap\\HandleExceptions.php(270): Illuminate\\Foundation\\Bootstrap\\HandleExceptions->handleShutdown()
#3 D:\\Project\\Techsense\\vendor\\laravel\\framework\\src\\Illuminate\\Foundation\\Bootstrap\\HandleExceptions.php(0): Illuminate\\Foundation\\Bootstrap\\HandleExceptions->Illuminate\\Foundation\\Bootstrap\\{closure:D:\\Project\\Techsense\\vendor\\laravel\\framework\\src\\Illuminate\\Foundation\\Bootstrap\\HandleExceptions.php:269-271}()
#4 {main}
"} 
[2025-09-21 12:33:43] live.ERROR: Uncaught Symfony\Component\Finder\Exception\DirectoryNotFoundException: The "D:\Project\Techsense\custom_views" directory does not exist. in D:\Project\Techsense\vendor\symfony\finder\Finder.php:649
Stack trace:
#0 D:\Project\Techsense\vendor\laravel\framework\src\Illuminate\Filesystem\Filesystem.php(569): Symfony\Component\Finder\Finder->in('D:\\Project\\Tech...')
#1 Command line code(1): Illuminate\Filesystem\Filesystem->files('D:\\Project\\Tech...')
#2 Command line code(1): getViews('D:\\Project\\Tech...', Object(Illuminate\Filesystem\Filesystem))
#3 {main}
  thrown {"exception":"[object] (Symfony\\Component\\ErrorHandler\\Error\\FatalError(code: 0): Uncaught Symfony\\Component\\Finder\\Exception\\DirectoryNotFoundException: The \"D:\\Project\\Techsense\\custom_views\" directory does not exist. in D:\\Project\\Techsense\\vendor\\symfony\\finder\\Finder.php:649
Stack trace:
#0 D:\\Project\\Techsense\\vendor\\laravel\\framework\\src\\Illuminate\\Filesystem\\Filesystem.php(569): Symfony\\Component\\Finder\\Finder->in('D:\\\\Project\\\\Tech...')
#1 Command line code(1): Illuminate\\Filesystem\\Filesystem->files('D:\\\\Project\\\\Tech...')
#2 Command line code(1): getViews('D:\\\\Project\\\\Tech...', Object(Illuminate\\Filesystem\\Filesystem))
#3 {main}
  thrown at D:\\Project\\Techsense\\vendor\\symfony\\finder\\Finder.php:649)
[stacktrace]
#0 D:\\Project\\Techsense\\vendor\\laravel\\framework\\src\\Illuminate\\Foundation\\Bootstrap\\HandleExceptions.php(259): Symfony\\Component\\ErrorHandler\\Error\\FatalError->__construct(message: ''Uncaught Symfo...', code: '0', error: '['type' => 1, '...', traceOffset: '0', traceArgs: '???', trace: '???')
#1 D:\\Project\\Techsense\\vendor\\laravel\\framework\\src\\Illuminate\\Foundation\\Bootstrap\\HandleExceptions.php(246): Illuminate\\Foundation\\Bootstrap\\HandleExceptions->fatalErrorFromPhpError(error: '['type' => 1, '...', traceOffset: '0')
#2 D:\\Project\\Techsense\\vendor\\laravel\\framework\\src\\Illuminate\\Foundation\\Bootstrap\\HandleExceptions.php(270): Illuminate\\Foundation\\Bootstrap\\HandleExceptions->handleShutdown()
#3 D:\\Project\\Techsense\\vendor\\laravel\\framework\\src\\Illuminate\\Foundation\\Bootstrap\\HandleExceptions.php(0): Illuminate\\Foundation\\Bootstrap\\HandleExceptions->Illuminate\\Foundation\\Bootstrap\\{closure:D:\\Project\\Techsense\\vendor\\laravel\\framework\\src\\Illuminate\\Foundation\\Bootstrap\\HandleExceptions.php:269-271}()
#4 {main}
"} 
[2025-09-21 12:33:48] live.ERROR: Uncaught Symfony\Component\Finder\Exception\DirectoryNotFoundException: The "D:\Project\Techsense\custom_views" directory does not exist. in D:\Project\Techsense\vendor\symfony\finder\Finder.php:649
Stack trace:
#0 D:\Project\Techsense\vendor\laravel\framework\src\Illuminate\Filesystem\Filesystem.php(569): Symfony\Component\Finder\Finder->in('D:\\Project\\Tech...')
#1 Command line code(1): Illuminate\Filesystem\Filesystem->files('D:\\Project\\Tech...')
#2 Command line code(1): getViews('D:\\Project\\Tech...', Object(Illuminate\Filesystem\Filesystem))
#3 {main}
  thrown {"exception":"[object] (Symfony\\Component\\ErrorHandler\\Error\\FatalError(code: 0): Uncaught Symfony\\Component\\Finder\\Exception\\DirectoryNotFoundException: The \"D:\\Project\\Techsense\\custom_views\" directory does not exist. in D:\\Project\\Techsense\\vendor\\symfony\\finder\\Finder.php:649
Stack trace:
#0 D:\\Project\\Techsense\\vendor\\laravel\\framework\\src\\Illuminate\\Filesystem\\Filesystem.php(569): Symfony\\Component\\Finder\\Finder->in('D:\\\\Project\\\\Tech...')
#1 Command line code(1): Illuminate\\Filesystem\\Filesystem->files('D:\\\\Project\\\\Tech...')
#2 Command line code(1): getViews('D:\\\\Project\\\\Tech...', Object(Illuminate\\Filesystem\\Filesystem))
#3 {main}
  thrown at D:\\Project\\Techsense\\vendor\\symfony\\finder\\Finder.php:649)
[stacktrace]
#0 D:\\Project\\Techsense\\vendor\\laravel\\framework\\src\\Illuminate\\Foundation\\Bootstrap\\HandleExceptions.php(259): Symfony\\Component\\ErrorHandler\\Error\\FatalError->__construct(message: ''Uncaught Symfo...', code: '0', error: '['type' => 1, '...', traceOffset: '0', traceArgs: '???', trace: '???')
#1 D:\\Project\\Techsense\\vendor\\laravel\\framework\\src\\Illuminate\\Foundation\\Bootstrap\\HandleExceptions.php(246): Illuminate\\Foundation\\Bootstrap\\HandleExceptions->fatalErrorFromPhpError(error: '['type' => 1, '...', traceOffset: '0')
#2 D:\\Project\\Techsense\\vendor\\laravel\\framework\\src\\Illuminate\\Foundation\\Bootstrap\\HandleExceptions.php(270): Illuminate\\Foundation\\Bootstrap\\HandleExceptions->handleShutdown()
#3 D:\\Project\\Techsense\\vendor\\laravel\\framework\\src\\Illuminate\\Foundation\\Bootstrap\\HandleExceptions.php(0): Illuminate\\Foundation\\Bootstrap\\HandleExceptions->Illuminate\\Foundation\\Bootstrap\\{closure:D:\\Project\\Techsense\\vendor\\laravel\\framework\\src\\Illuminate\\Foundation\\Bootstrap\\HandleExceptions.php:269-271}()
#4 {main}
"} 
[2025-09-21 12:33:51] live.ERROR: Uncaught Symfony\Component\Finder\Exception\DirectoryNotFoundException: The "D:\Project\Techsense\custom_views" directory does not exist. in D:\Project\Techsense\vendor\symfony\finder\Finder.php:649
Stack trace:
#0 D:\Project\Techsense\vendor\laravel\framework\src\Illuminate\Filesystem\Filesystem.php(569): Symfony\Component\Finder\Finder->in('D:\\Project\\Tech...')
#1 Command line code(1): Illuminate\Filesystem\Filesystem->files('D:\\Project\\Tech...')
#2 Command line code(1): getViews('D:\\Project\\Tech...', Object(Illuminate\Filesystem\Filesystem))
#3 {main}
  thrown {"exception":"[object] (Symfony\\Component\\ErrorHandler\\Error\\FatalError(code: 0): Uncaught Symfony\\Component\\Finder\\Exception\\DirectoryNotFoundException: The \"D:\\Project\\Techsense\\custom_views\" directory does not exist. in D:\\Project\\Techsense\\vendor\\symfony\\finder\\Finder.php:649
Stack trace:
#0 D:\\Project\\Techsense\\vendor\\laravel\\framework\\src\\Illuminate\\Filesystem\\Filesystem.php(569): Symfony\\Component\\Finder\\Finder->in('D:\\\\Project\\\\Tech...')
#1 Command line code(1): Illuminate\\Filesystem\\Filesystem->files('D:\\\\Project\\\\Tech...')
#2 Command line code(1): getViews('D:\\\\Project\\\\Tech...', Object(Illuminate\\Filesystem\\Filesystem))
#3 {main}
  thrown at D:\\Project\\Techsense\\vendor\\symfony\\finder\\Finder.php:649)
[stacktrace]
#0 D:\\Project\\Techsense\\vendor\\laravel\\framework\\src\\Illuminate\\Foundation\\Bootstrap\\HandleExceptions.php(259): Symfony\\Component\\ErrorHandler\\Error\\FatalError->__construct(message: ''Uncaught Symfo...', code: '0', error: '['type' => 1, '...', traceOffset: '0', traceArgs: '???', trace: '???')
#1 D:\\Project\\Techsense\\vendor\\laravel\\framework\\src\\Illuminate\\Foundation\\Bootstrap\\HandleExceptions.php(246): Illuminate\\Foundation\\Bootstrap\\HandleExceptions->fatalErrorFromPhpError(error: '['type' => 1, '...', traceOffset: '0')
#2 D:\\Project\\Techsense\\vendor\\laravel\\framework\\src\\Illuminate\\Foundation\\Bootstrap\\HandleExceptions.php(270): Illuminate\\Foundation\\Bootstrap\\HandleExceptions->handleShutdown()
#3 D:\\Project\\Techsense\\vendor\\laravel\\framework\\src\\Illuminate\\Foundation\\Bootstrap\\HandleExceptions.php(0): Illuminate\\Foundation\\Bootstrap\\HandleExceptions->Illuminate\\Foundation\\Bootstrap\\{closure:D:\\Project\\Techsense\\vendor\\laravel\\framework\\src\\Illuminate\\Foundation\\Bootstrap\\HandleExceptions.php:269-271}()
#4 {main}
"} 
[2025-09-21 12:33:52] live.ERROR: Uncaught ReflectionException: Class "App\Policies\ModelPolicy" does not exist in Command line code:1
Stack trace:
#0 Command line code(1): ReflectionClass->__construct('App\\Policies\\Mo...')
#1 [internal function]: {closure}('App\\Policies\\Mo...', 'App\\Model')
#2 Command line code(1): array_map(Object(Closure), Array, Array)
#3 {main}
  thrown {"exception":"[object] (Symfony\\Component\\ErrorHandler\\Error\\FatalError(code: 0): Uncaught ReflectionException: Class \"App\\Policies\\ModelPolicy\" does not exist in Command line code:1
Stack trace:
#0 Command line code(1): ReflectionClass->__construct('App\\\\Policies\\\\Mo...')
#1 [internal function]: {closure}('App\\\\Policies\\\\Mo...', 'App\\\\Model')
#2 Command line code(1): array_map(Object(Closure), Array, Array)
#3 {main}
  thrown at Command line code:1)
[stacktrace]
#0 D:\\Project\\Techsense\\vendor\\laravel\\framework\\src\\Illuminate\\Foundation\\Bootstrap\\HandleExceptions.php(259): Symfony\\Component\\ErrorHandler\\Error\\FatalError->__construct(message: ''Uncaught Refle...', code: '0', error: '['type' => 1, '...', traceOffset: '0', traceArgs: '???', trace: '???')
#1 D:\\Project\\Techsense\\vendor\\laravel\\framework\\src\\Illuminate\\Foundation\\Bootstrap\\HandleExceptions.php(246): Illuminate\\Foundation\\Bootstrap\\HandleExceptions->fatalErrorFromPhpError(error: '['type' => 1, '...', traceOffset: '0')
#2 D:\\Project\\Techsense\\vendor\\laravel\\framework\\src\\Illuminate\\Foundation\\Bootstrap\\HandleExceptions.php(270): Illuminate\\Foundation\\Bootstrap\\HandleExceptions->handleShutdown()
#3 D:\\Project\\Techsense\\vendor\\laravel\\framework\\src\\Illuminate\\Foundation\\Bootstrap\\HandleExceptions.php(0): Illuminate\\Foundation\\Bootstrap\\HandleExceptions->Illuminate\\Foundation\\Bootstrap\\{closure:D:\\Project\\Techsense\\vendor\\laravel\\framework\\src\\Illuminate\\Foundation\\Bootstrap\\HandleExceptions.php:269-271}()
#4 {main}
"} 
[2025-09-21 12:33:55] live.ERROR: Uncaught Symfony\Component\Finder\Exception\DirectoryNotFoundException: The "D:\Project\Techsense\custom_views" directory does not exist. in D:\Project\Techsense\vendor\symfony\finder\Finder.php:649
Stack trace:
#0 D:\Project\Techsense\vendor\laravel\framework\src\Illuminate\Filesystem\Filesystem.php(569): Symfony\Component\Finder\Finder->in('D:\\Project\\Tech...')
#1 Command line code(1): Illuminate\Filesystem\Filesystem->files('D:\\Project\\Tech...')
#2 Command line code(1): getViews('D:\\Project\\Tech...', Object(Illuminate\Filesystem\Filesystem))
#3 {main}
  thrown {"exception":"[object] (Symfony\\Component\\ErrorHandler\\Error\\FatalError(code: 0): Uncaught Symfony\\Component\\Finder\\Exception\\DirectoryNotFoundException: The \"D:\\Project\\Techsense\\custom_views\" directory does not exist. in D:\\Project\\Techsense\\vendor\\symfony\\finder\\Finder.php:649
Stack trace:
#0 D:\\Project\\Techsense\\vendor\\laravel\\framework\\src\\Illuminate\\Filesystem\\Filesystem.php(569): Symfony\\Component\\Finder\\Finder->in('D:\\\\Project\\\\Tech...')
#1 Command line code(1): Illuminate\\Filesystem\\Filesystem->files('D:\\\\Project\\\\Tech...')
#2 Command line code(1): getViews('D:\\\\Project\\\\Tech...', Object(Illuminate\\Filesystem\\Filesystem))
#3 {main}
  thrown at D:\\Project\\Techsense\\vendor\\symfony\\finder\\Finder.php:649)
[stacktrace]
#0 D:\\Project\\Techsense\\vendor\\laravel\\framework\\src\\Illuminate\\Foundation\\Bootstrap\\HandleExceptions.php(259): Symfony\\Component\\ErrorHandler\\Error\\FatalError->__construct(message: ''Uncaught Symfo...', code: '0', error: '['type' => 1, '...', traceOffset: '0', traceArgs: '???', trace: '???')
#1 D:\\Project\\Techsense\\vendor\\laravel\\framework\\src\\Illuminate\\Foundation\\Bootstrap\\HandleExceptions.php(246): Illuminate\\Foundation\\Bootstrap\\HandleExceptions->fatalErrorFromPhpError(error: '['type' => 1, '...', traceOffset: '0')
#2 D:\\Project\\Techsense\\vendor\\laravel\\framework\\src\\Illuminate\\Foundation\\Bootstrap\\HandleExceptions.php(270): Illuminate\\Foundation\\Bootstrap\\HandleExceptions->handleShutdown()
#3 D:\\Project\\Techsense\\vendor\\laravel\\framework\\src\\Illuminate\\Foundation\\Bootstrap\\HandleExceptions.php(0): Illuminate\\Foundation\\Bootstrap\\HandleExceptions->Illuminate\\Foundation\\Bootstrap\\{closure:D:\\Project\\Techsense\\vendor\\laravel\\framework\\src\\Illuminate\\Foundation\\Bootstrap\\HandleExceptions.php:269-271}()
#4 {main}
"} 
[2025-09-21 12:34:00] live.ERROR: Uncaught Symfony\Component\Finder\Exception\DirectoryNotFoundException: The "D:\Project\Techsense\custom_views" directory does not exist. in D:\Project\Techsense\vendor\symfony\finder\Finder.php:649
Stack trace:
#0 D:\Project\Techsense\vendor\laravel\framework\src\Illuminate\Filesystem\Filesystem.php(569): Symfony\Component\Finder\Finder->in('D:\\Project\\Tech...')
#1 Command line code(1): Illuminate\Filesystem\Filesystem->files('D:\\Project\\Tech...')
#2 Command line code(1): getViews('D:\\Project\\Tech...', Object(Illuminate\Filesystem\Filesystem))
#3 {main}
  thrown {"exception":"[object] (Symfony\\Component\\ErrorHandler\\Error\\FatalError(code: 0): Uncaught Symfony\\Component\\Finder\\Exception\\DirectoryNotFoundException: The \"D:\\Project\\Techsense\\custom_views\" directory does not exist. in D:\\Project\\Techsense\\vendor\\symfony\\finder\\Finder.php:649
Stack trace:
#0 D:\\Project\\Techsense\\vendor\\laravel\\framework\\src\\Illuminate\\Filesystem\\Filesystem.php(569): Symfony\\Component\\Finder\\Finder->in('D:\\\\Project\\\\Tech...')
#1 Command line code(1): Illuminate\\Filesystem\\Filesystem->files('D:\\\\Project\\\\Tech...')
#2 Command line code(1): getViews('D:\\\\Project\\\\Tech...', Object(Illuminate\\Filesystem\\Filesystem))
#3 {main}
  thrown at D:\\Project\\Techsense\\vendor\\symfony\\finder\\Finder.php:649)
[stacktrace]
#0 D:\\Project\\Techsense\\vendor\\laravel\\framework\\src\\Illuminate\\Foundation\\Bootstrap\\HandleExceptions.php(259): Symfony\\Component\\ErrorHandler\\Error\\FatalError->__construct(message: ''Uncaught Symfo...', code: '0', error: '['type' => 1, '...', traceOffset: '0', traceArgs: '???', trace: '???')
#1 D:\\Project\\Techsense\\vendor\\laravel\\framework\\src\\Illuminate\\Foundation\\Bootstrap\\HandleExceptions.php(246): Illuminate\\Foundation\\Bootstrap\\HandleExceptions->fatalErrorFromPhpError(error: '['type' => 1, '...', traceOffset: '0')
#2 D:\\Project\\Techsense\\vendor\\laravel\\framework\\src\\Illuminate\\Foundation\\Bootstrap\\HandleExceptions.php(270): Illuminate\\Foundation\\Bootstrap\\HandleExceptions->handleShutdown()
#3 D:\\Project\\Techsense\\vendor\\laravel\\framework\\src\\Illuminate\\Foundation\\Bootstrap\\HandleExceptions.php(0): Illuminate\\Foundation\\Bootstrap\\HandleExceptions->Illuminate\\Foundation\\Bootstrap\\{closure:D:\\Project\\Techsense\\vendor\\laravel\\framework\\src\\Illuminate\\Foundation\\Bootstrap\\HandleExceptions.php:269-271}()
#4 {main}
"} 
[2025-09-21 12:34:03] live.ERROR: Uncaught Symfony\Component\Finder\Exception\DirectoryNotFoundException: The "D:\Project\Techsense\custom_views" directory does not exist. in D:\Project\Techsense\vendor\symfony\finder\Finder.php:649
Stack trace:
#0 D:\Project\Techsense\vendor\laravel\framework\src\Illuminate\Filesystem\Filesystem.php(569): Symfony\Component\Finder\Finder->in('D:\\Project\\Tech...')
#1 Command line code(1): Illuminate\Filesystem\Filesystem->files('D:\\Project\\Tech...')
#2 Command line code(1): getViews('D:\\Project\\Tech...', Object(Illuminate\Filesystem\Filesystem))
#3 {main}
  thrown {"exception":"[object] (Symfony\\Component\\ErrorHandler\\Error\\FatalError(code: 0): Uncaught Symfony\\Component\\Finder\\Exception\\DirectoryNotFoundException: The \"D:\\Project\\Techsense\\custom_views\" directory does not exist. in D:\\Project\\Techsense\\vendor\\symfony\\finder\\Finder.php:649
Stack trace:
#0 D:\\Project\\Techsense\\vendor\\laravel\\framework\\src\\Illuminate\\Filesystem\\Filesystem.php(569): Symfony\\Component\\Finder\\Finder->in('D:\\\\Project\\\\Tech...')
#1 Command line code(1): Illuminate\\Filesystem\\Filesystem->files('D:\\\\Project\\\\Tech...')
#2 Command line code(1): getViews('D:\\\\Project\\\\Tech...', Object(Illuminate\\Filesystem\\Filesystem))
#3 {main}
  thrown at D:\\Project\\Techsense\\vendor\\symfony\\finder\\Finder.php:649)
[stacktrace]
#0 D:\\Project\\Techsense\\vendor\\laravel\\framework\\src\\Illuminate\\Foundation\\Bootstrap\\HandleExceptions.php(259): Symfony\\Component\\ErrorHandler\\Error\\FatalError->__construct(message: ''Uncaught Symfo...', code: '0', error: '['type' => 1, '...', traceOffset: '0', traceArgs: '???', trace: '???')
#1 D:\\Project\\Techsense\\vendor\\laravel\\framework\\src\\Illuminate\\Foundation\\Bootstrap\\HandleExceptions.php(246): Illuminate\\Foundation\\Bootstrap\\HandleExceptions->fatalErrorFromPhpError(error: '['type' => 1, '...', traceOffset: '0')
#2 D:\\Project\\Techsense\\vendor\\laravel\\framework\\src\\Illuminate\\Foundation\\Bootstrap\\HandleExceptions.php(270): Illuminate\\Foundation\\Bootstrap\\HandleExceptions->handleShutdown()
#3 D:\\Project\\Techsense\\vendor\\laravel\\framework\\src\\Illuminate\\Foundation\\Bootstrap\\HandleExceptions.php(0): Illuminate\\Foundation\\Bootstrap\\HandleExceptions->Illuminate\\Foundation\\Bootstrap\\{closure:D:\\Project\\Techsense\\vendor\\laravel\\framework\\src\\Illuminate\\Foundation\\Bootstrap\\HandleExceptions.php:269-271}()
#4 {main}
"} 
[2025-09-21 12:34:05] live.ERROR: Uncaught Symfony\Component\Finder\Exception\DirectoryNotFoundException: The "D:\Project\Techsense\custom_views" directory does not exist. in D:\Project\Techsense\vendor\symfony\finder\Finder.php:649
Stack trace:
#0 D:\Project\Techsense\vendor\laravel\framework\src\Illuminate\Filesystem\Filesystem.php(569): Symfony\Component\Finder\Finder->in('D:\\Project\\Tech...')
#1 Command line code(1): Illuminate\Filesystem\Filesystem->files('D:\\Project\\Tech...')
#2 Command line code(1): getViews('D:\\Project\\Tech...', Object(Illuminate\Filesystem\Filesystem))
#3 {main}
  thrown {"exception":"[object] (Symfony\\Component\\ErrorHandler\\Error\\FatalError(code: 0): Uncaught Symfony\\Component\\Finder\\Exception\\DirectoryNotFoundException: The \"D:\\Project\\Techsense\\custom_views\" directory does not exist. in D:\\Project\\Techsense\\vendor\\symfony\\finder\\Finder.php:649
Stack trace:
#0 D:\\Project\\Techsense\\vendor\\laravel\\framework\\src\\Illuminate\\Filesystem\\Filesystem.php(569): Symfony\\Component\\Finder\\Finder->in('D:\\\\Project\\\\Tech...')
#1 Command line code(1): Illuminate\\Filesystem\\Filesystem->files('D:\\\\Project\\\\Tech...')
#2 Command line code(1): getViews('D:\\\\Project\\\\Tech...', Object(Illuminate\\Filesystem\\Filesystem))
#3 {main}
  thrown at D:\\Project\\Techsense\\vendor\\symfony\\finder\\Finder.php:649)
[stacktrace]
#0 D:\\Project\\Techsense\\vendor\\laravel\\framework\\src\\Illuminate\\Foundation\\Bootstrap\\HandleExceptions.php(259): Symfony\\Component\\ErrorHandler\\Error\\FatalError->__construct(message: ''Uncaught Symfo...', code: '0', error: '['type' => 1, '...', traceOffset: '0', traceArgs: '???', trace: '???')
#1 D:\\Project\\Techsense\\vendor\\laravel\\framework\\src\\Illuminate\\Foundation\\Bootstrap\\HandleExceptions.php(246): Illuminate\\Foundation\\Bootstrap\\HandleExceptions->fatalErrorFromPhpError(error: '['type' => 1, '...', traceOffset: '0')
#2 D:\\Project\\Techsense\\vendor\\laravel\\framework\\src\\Illuminate\\Foundation\\Bootstrap\\HandleExceptions.php(270): Illuminate\\Foundation\\Bootstrap\\HandleExceptions->handleShutdown()
#3 D:\\Project\\Techsense\\vendor\\laravel\\framework\\src\\Illuminate\\Foundation\\Bootstrap\\HandleExceptions.php(0): Illuminate\\Foundation\\Bootstrap\\HandleExceptions->Illuminate\\Foundation\\Bootstrap\\{closure:D:\\Project\\Techsense\\vendor\\laravel\\framework\\src\\Illuminate\\Foundation\\Bootstrap\\HandleExceptions.php:269-271}()
#4 {main}
"} 
[2025-09-21 12:34:08] live.ERROR: Uncaught Symfony\Component\Finder\Exception\DirectoryNotFoundException: The "D:\Project\Techsense\custom_views" directory does not exist. in D:\Project\Techsense\vendor\symfony\finder\Finder.php:649
Stack trace:
#0 D:\Project\Techsense\vendor\laravel\framework\src\Illuminate\Filesystem\Filesystem.php(569): Symfony\Component\Finder\Finder->in('D:\\Project\\Tech...')
#1 Command line code(1): Illuminate\Filesystem\Filesystem->files('D:\\Project\\Tech...')
#2 Command line code(1): getViews('D:\\Project\\Tech...', Object(Illuminate\Filesystem\Filesystem))
#3 {main}
  thrown {"exception":"[object] (Symfony\\Component\\ErrorHandler\\Error\\FatalError(code: 0): Uncaught Symfony\\Component\\Finder\\Exception\\DirectoryNotFoundException: The \"D:\\Project\\Techsense\\custom_views\" directory does not exist. in D:\\Project\\Techsense\\vendor\\symfony\\finder\\Finder.php:649
Stack trace:
#0 D:\\Project\\Techsense\\vendor\\laravel\\framework\\src\\Illuminate\\Filesystem\\Filesystem.php(569): Symfony\\Component\\Finder\\Finder->in('D:\\\\Project\\\\Tech...')
#1 Command line code(1): Illuminate\\Filesystem\\Filesystem->files('D:\\\\Project\\\\Tech...')
#2 Command line code(1): getViews('D:\\\\Project\\\\Tech...', Object(Illuminate\\Filesystem\\Filesystem))
#3 {main}
  thrown at D:\\Project\\Techsense\\vendor\\symfony\\finder\\Finder.php:649)
[stacktrace]
#0 D:\\Project\\Techsense\\vendor\\laravel\\framework\\src\\Illuminate\\Foundation\\Bootstrap\\HandleExceptions.php(259): Symfony\\Component\\ErrorHandler\\Error\\FatalError->__construct(message: ''Uncaught Symfo...', code: '0', error: '['type' => 1, '...', traceOffset: '0', traceArgs: '???', trace: '???')
#1 D:\\Project\\Techsense\\vendor\\laravel\\framework\\src\\Illuminate\\Foundation\\Bootstrap\\HandleExceptions.php(246): Illuminate\\Foundation\\Bootstrap\\HandleExceptions->fatalErrorFromPhpError(error: '['type' => 1, '...', traceOffset: '0')
#2 D:\\Project\\Techsense\\vendor\\laravel\\framework\\src\\Illuminate\\Foundation\\Bootstrap\\HandleExceptions.php(270): Illuminate\\Foundation\\Bootstrap\\HandleExceptions->handleShutdown()
#3 D:\\Project\\Techsense\\vendor\\laravel\\framework\\src\\Illuminate\\Foundation\\Bootstrap\\HandleExceptions.php(0): Illuminate\\Foundation\\Bootstrap\\HandleExceptions->Illuminate\\Foundation\\Bootstrap\\{closure:D:\\Project\\Techsense\\vendor\\laravel\\framework\\src\\Illuminate\\Foundation\\Bootstrap\\HandleExceptions.php:269-271}()
#4 {main}
"} 
[2025-09-21 12:34:11] live.ERROR: Uncaught Symfony\Component\Finder\Exception\DirectoryNotFoundException: The "D:\Project\Techsense\custom_views" directory does not exist. in D:\Project\Techsense\vendor\symfony\finder\Finder.php:649
Stack trace:
#0 D:\Project\Techsense\vendor\laravel\framework\src\Illuminate\Filesystem\Filesystem.php(569): Symfony\Component\Finder\Finder->in('D:\\Project\\Tech...')
#1 Command line code(1): Illuminate\Filesystem\Filesystem->files('D:\\Project\\Tech...')
#2 Command line code(1): getViews('D:\\Project\\Tech...', Object(Illuminate\Filesystem\Filesystem))
#3 {main}
  thrown {"exception":"[object] (Symfony\\Component\\ErrorHandler\\Error\\FatalError(code: 0): Uncaught Symfony\\Component\\Finder\\Exception\\DirectoryNotFoundException: The \"D:\\Project\\Techsense\\custom_views\" directory does not exist. in D:\\Project\\Techsense\\vendor\\symfony\\finder\\Finder.php:649
Stack trace:
#0 D:\\Project\\Techsense\\vendor\\laravel\\framework\\src\\Illuminate\\Filesystem\\Filesystem.php(569): Symfony\\Component\\Finder\\Finder->in('D:\\\\Project\\\\Tech...')
#1 Command line code(1): Illuminate\\Filesystem\\Filesystem->files('D:\\\\Project\\\\Tech...')
#2 Command line code(1): getViews('D:\\\\Project\\\\Tech...', Object(Illuminate\\Filesystem\\Filesystem))
#3 {main}
  thrown at D:\\Project\\Techsense\\vendor\\symfony\\finder\\Finder.php:649)
[stacktrace]
#0 D:\\Project\\Techsense\\vendor\\laravel\\framework\\src\\Illuminate\\Foundation\\Bootstrap\\HandleExceptions.php(259): Symfony\\Component\\ErrorHandler\\Error\\FatalError->__construct(message: ''Uncaught Symfo...', code: '0', error: '['type' => 1, '...', traceOffset: '0', traceArgs: '???', trace: '???')
#1 D:\\Project\\Techsense\\vendor\\laravel\\framework\\src\\Illuminate\\Foundation\\Bootstrap\\HandleExceptions.php(246): Illuminate\\Foundation\\Bootstrap\\HandleExceptions->fatalErrorFromPhpError(error: '['type' => 1, '...', traceOffset: '0')
#2 D:\\Project\\Techsense\\vendor\\laravel\\framework\\src\\Illuminate\\Foundation\\Bootstrap\\HandleExceptions.php(270): Illuminate\\Foundation\\Bootstrap\\HandleExceptions->handleShutdown()
#3 D:\\Project\\Techsense\\vendor\\laravel\\framework\\src\\Illuminate\\Foundation\\Bootstrap\\HandleExceptions.php(0): Illuminate\\Foundation\\Bootstrap\\HandleExceptions->Illuminate\\Foundation\\Bootstrap\\{closure:D:\\Project\\Techsense\\vendor\\laravel\\framework\\src\\Illuminate\\Foundation\\Bootstrap\\HandleExceptions.php:269-271}()
#4 {main}
"} 
[2025-09-21 12:34:16] live.ERROR: Uncaught Symfony\Component\Finder\Exception\DirectoryNotFoundException: The "D:\Project\Techsense\custom_views" directory does not exist. in D:\Project\Techsense\vendor\symfony\finder\Finder.php:649
Stack trace:
#0 D:\Project\Techsense\vendor\laravel\framework\src\Illuminate\Filesystem\Filesystem.php(569): Symfony\Component\Finder\Finder->in('D:\\Project\\Tech...')
#1 Command line code(1): Illuminate\Filesystem\Filesystem->files('D:\\Project\\Tech...')
#2 Command line code(1): getViews('D:\\Project\\Tech...', Object(Illuminate\Filesystem\Filesystem))
#3 {main}
  thrown {"exception":"[object] (Symfony\\Component\\ErrorHandler\\Error\\FatalError(code: 0): Uncaught Symfony\\Component\\Finder\\Exception\\DirectoryNotFoundException: The \"D:\\Project\\Techsense\\custom_views\" directory does not exist. in D:\\Project\\Techsense\\vendor\\symfony\\finder\\Finder.php:649
Stack trace:
#0 D:\\Project\\Techsense\\vendor\\laravel\\framework\\src\\Illuminate\\Filesystem\\Filesystem.php(569): Symfony\\Component\\Finder\\Finder->in('D:\\\\Project\\\\Tech...')
#1 Command line code(1): Illuminate\\Filesystem\\Filesystem->files('D:\\\\Project\\\\Tech...')
#2 Command line code(1): getViews('D:\\\\Project\\\\Tech...', Object(Illuminate\\Filesystem\\Filesystem))
#3 {main}
  thrown at D:\\Project\\Techsense\\vendor\\symfony\\finder\\Finder.php:649)
[stacktrace]
#0 D:\\Project\\Techsense\\vendor\\laravel\\framework\\src\\Illuminate\\Foundation\\Bootstrap\\HandleExceptions.php(259): Symfony\\Component\\ErrorHandler\\Error\\FatalError->__construct(message: ''Uncaught Symfo...', code: '0', error: '['type' => 1, '...', traceOffset: '0', traceArgs: '???', trace: '???')
#1 D:\\Project\\Techsense\\vendor\\laravel\\framework\\src\\Illuminate\\Foundation\\Bootstrap\\HandleExceptions.php(246): Illuminate\\Foundation\\Bootstrap\\HandleExceptions->fatalErrorFromPhpError(error: '['type' => 1, '...', traceOffset: '0')
#2 D:\\Project\\Techsense\\vendor\\laravel\\framework\\src\\Illuminate\\Foundation\\Bootstrap\\HandleExceptions.php(270): Illuminate\\Foundation\\Bootstrap\\HandleExceptions->handleShutdown()
#3 D:\\Project\\Techsense\\vendor\\laravel\\framework\\src\\Illuminate\\Foundation\\Bootstrap\\HandleExceptions.php(0): Illuminate\\Foundation\\Bootstrap\\HandleExceptions->Illuminate\\Foundation\\Bootstrap\\{closure:D:\\Project\\Techsense\\vendor\\laravel\\framework\\src\\Illuminate\\Foundation\\Bootstrap\\HandleExceptions.php:269-271}()
#4 {main}
"} 
[2025-09-21 12:34:20] live.ERROR: Uncaught Symfony\Component\Finder\Exception\DirectoryNotFoundException: The "D:\Project\Techsense\custom_views" directory does not exist. in D:\Project\Techsense\vendor\symfony\finder\Finder.php:649
Stack trace:
#0 D:\Project\Techsense\vendor\laravel\framework\src\Illuminate\Filesystem\Filesystem.php(569): Symfony\Component\Finder\Finder->in('D:\\Project\\Tech...')
#1 Command line code(1): Illuminate\Filesystem\Filesystem->files('D:\\Project\\Tech...')
#2 Command line code(1): getViews('D:\\Project\\Tech...', Object(Illuminate\Filesystem\Filesystem))
#3 {main}
  thrown {"exception":"[object] (Symfony\\Component\\ErrorHandler\\Error\\FatalError(code: 0): Uncaught Symfony\\Component\\Finder\\Exception\\DirectoryNotFoundException: The \"D:\\Project\\Techsense\\custom_views\" directory does not exist. in D:\\Project\\Techsense\\vendor\\symfony\\finder\\Finder.php:649
Stack trace:
#0 D:\\Project\\Techsense\\vendor\\laravel\\framework\\src\\Illuminate\\Filesystem\\Filesystem.php(569): Symfony\\Component\\Finder\\Finder->in('D:\\\\Project\\\\Tech...')
#1 Command line code(1): Illuminate\\Filesystem\\Filesystem->files('D:\\\\Project\\\\Tech...')
#2 Command line code(1): getViews('D:\\\\Project\\\\Tech...', Object(Illuminate\\Filesystem\\Filesystem))
#3 {main}
  thrown at D:\\Project\\Techsense\\vendor\\symfony\\finder\\Finder.php:649)
[stacktrace]
#0 D:\\Project\\Techsense\\vendor\\laravel\\framework\\src\\Illuminate\\Foundation\\Bootstrap\\HandleExceptions.php(259): Symfony\\Component\\ErrorHandler\\Error\\FatalError->__construct(message: ''Uncaught Symfo...', code: '0', error: '['type' => 1, '...', traceOffset: '0', traceArgs: '???', trace: '???')
#1 D:\\Project\\Techsense\\vendor\\laravel\\framework\\src\\Illuminate\\Foundation\\Bootstrap\\HandleExceptions.php(246): Illuminate\\Foundation\\Bootstrap\\HandleExceptions->fatalErrorFromPhpError(error: '['type' => 1, '...', traceOffset: '0')
#2 D:\\Project\\Techsense\\vendor\\laravel\\framework\\src\\Illuminate\\Foundation\\Bootstrap\\HandleExceptions.php(270): Illuminate\\Foundation\\Bootstrap\\HandleExceptions->handleShutdown()
#3 D:\\Project\\Techsense\\vendor\\laravel\\framework\\src\\Illuminate\\Foundation\\Bootstrap\\HandleExceptions.php(0): Illuminate\\Foundation\\Bootstrap\\HandleExceptions->Illuminate\\Foundation\\Bootstrap\\{closure:D:\\Project\\Techsense\\vendor\\laravel\\framework\\src\\Illuminate\\Foundation\\Bootstrap\\HandleExceptions.php:269-271}()
#4 {main}
"} 
[2025-09-21 12:34:24] live.ERROR: Uncaught Symfony\Component\Finder\Exception\DirectoryNotFoundException: The "D:\Project\Techsense\custom_views" directory does not exist. in D:\Project\Techsense\vendor\symfony\finder\Finder.php:649
Stack trace:
#0 D:\Project\Techsense\vendor\laravel\framework\src\Illuminate\Filesystem\Filesystem.php(569): Symfony\Component\Finder\Finder->in('D:\\Project\\Tech...')
#1 Command line code(1): Illuminate\Filesystem\Filesystem->files('D:\\Project\\Tech...')
#2 Command line code(1): getViews('D:\\Project\\Tech...', Object(Illuminate\Filesystem\Filesystem))
#3 {main}
  thrown {"exception":"[object] (Symfony\\Component\\ErrorHandler\\Error\\FatalError(code: 0): Uncaught Symfony\\Component\\Finder\\Exception\\DirectoryNotFoundException: The \"D:\\Project\\Techsense\\custom_views\" directory does not exist. in D:\\Project\\Techsense\\vendor\\symfony\\finder\\Finder.php:649
Stack trace:
#0 D:\\Project\\Techsense\\vendor\\laravel\\framework\\src\\Illuminate\\Filesystem\\Filesystem.php(569): Symfony\\Component\\Finder\\Finder->in('D:\\\\Project\\\\Tech...')
#1 Command line code(1): Illuminate\\Filesystem\\Filesystem->files('D:\\\\Project\\\\Tech...')
#2 Command line code(1): getViews('D:\\\\Project\\\\Tech...', Object(Illuminate\\Filesystem\\Filesystem))
#3 {main}
  thrown at D:\\Project\\Techsense\\vendor\\symfony\\finder\\Finder.php:649)
[stacktrace]
#0 D:\\Project\\Techsense\\vendor\\laravel\\framework\\src\\Illuminate\\Foundation\\Bootstrap\\HandleExceptions.php(259): Symfony\\Component\\ErrorHandler\\Error\\FatalError->__construct(message: ''Uncaught Symfo...', code: '0', error: '['type' => 1, '...', traceOffset: '0', traceArgs: '???', trace: '???')
#1 D:\\Project\\Techsense\\vendor\\laravel\\framework\\src\\Illuminate\\Foundation\\Bootstrap\\HandleExceptions.php(246): Illuminate\\Foundation\\Bootstrap\\HandleExceptions->fatalErrorFromPhpError(error: '['type' => 1, '...', traceOffset: '0')
#2 D:\\Project\\Techsense\\vendor\\laravel\\framework\\src\\Illuminate\\Foundation\\Bootstrap\\HandleExceptions.php(270): Illuminate\\Foundation\\Bootstrap\\HandleExceptions->handleShutdown()
#3 D:\\Project\\Techsense\\vendor\\laravel\\framework\\src\\Illuminate\\Foundation\\Bootstrap\\HandleExceptions.php(0): Illuminate\\Foundation\\Bootstrap\\HandleExceptions->Illuminate\\Foundation\\Bootstrap\\{closure:D:\\Project\\Techsense\\vendor\\laravel\\framework\\src\\Illuminate\\Foundation\\Bootstrap\\HandleExceptions.php:269-271}()
#4 {main}
"} 
[2025-09-21 12:34:26] live.ERROR: Uncaught Symfony\Component\Finder\Exception\DirectoryNotFoundException: The "D:\Project\Techsense\custom_views" directory does not exist. in D:\Project\Techsense\vendor\symfony\finder\Finder.php:649
Stack trace:
#0 D:\Project\Techsense\vendor\laravel\framework\src\Illuminate\Filesystem\Filesystem.php(569): Symfony\Component\Finder\Finder->in('D:\\Project\\Tech...')
#1 Command line code(1): Illuminate\Filesystem\Filesystem->files('D:\\Project\\Tech...')
#2 Command line code(1): getViews('D:\\Project\\Tech...', Object(Illuminate\Filesystem\Filesystem))
#3 {main}
  thrown {"exception":"[object] (Symfony\\Component\\ErrorHandler\\Error\\FatalError(code: 0): Uncaught Symfony\\Component\\Finder\\Exception\\DirectoryNotFoundException: The \"D:\\Project\\Techsense\\custom_views\" directory does not exist. in D:\\Project\\Techsense\\vendor\\symfony\\finder\\Finder.php:649
Stack trace:
#0 D:\\Project\\Techsense\\vendor\\laravel\\framework\\src\\Illuminate\\Filesystem\\Filesystem.php(569): Symfony\\Component\\Finder\\Finder->in('D:\\\\Project\\\\Tech...')
#1 Command line code(1): Illuminate\\Filesystem\\Filesystem->files('D:\\\\Project\\\\Tech...')
#2 Command line code(1): getViews('D:\\\\Project\\\\Tech...', Object(Illuminate\\Filesystem\\Filesystem))
#3 {main}
  thrown at D:\\Project\\Techsense\\vendor\\symfony\\finder\\Finder.php:649)
[stacktrace]
#0 D:\\Project\\Techsense\\vendor\\laravel\\framework\\src\\Illuminate\\Foundation\\Bootstrap\\HandleExceptions.php(259): Symfony\\Component\\ErrorHandler\\Error\\FatalError->__construct(message: ''Uncaught Symfo...', code: '0', error: '['type' => 1, '...', traceOffset: '0', traceArgs: '???', trace: '???')
#1 D:\\Project\\Techsense\\vendor\\laravel\\framework\\src\\Illuminate\\Foundation\\Bootstrap\\HandleExceptions.php(246): Illuminate\\Foundation\\Bootstrap\\HandleExceptions->fatalErrorFromPhpError(error: '['type' => 1, '...', traceOffset: '0')
#2 D:\\Project\\Techsense\\vendor\\laravel\\framework\\src\\Illuminate\\Foundation\\Bootstrap\\HandleExceptions.php(270): Illuminate\\Foundation\\Bootstrap\\HandleExceptions->handleShutdown()
#3 D:\\Project\\Techsense\\vendor\\laravel\\framework\\src\\Illuminate\\Foundation\\Bootstrap\\HandleExceptions.php(0): Illuminate\\Foundation\\Bootstrap\\HandleExceptions->Illuminate\\Foundation\\Bootstrap\\{closure:D:\\Project\\Techsense\\vendor\\laravel\\framework\\src\\Illuminate\\Foundation\\Bootstrap\\HandleExceptions.php:269-271}()
#4 {main}
"} 
[2025-09-21 12:34:28] live.ERROR: Uncaught Symfony\Component\Finder\Exception\DirectoryNotFoundException: The "D:\Project\Techsense\custom_views" directory does not exist. in D:\Project\Techsense\vendor\symfony\finder\Finder.php:649
Stack trace:
#0 D:\Project\Techsense\vendor\laravel\framework\src\Illuminate\Filesystem\Filesystem.php(569): Symfony\Component\Finder\Finder->in('D:\\Project\\Tech...')
#1 Command line code(1): Illuminate\Filesystem\Filesystem->files('D:\\Project\\Tech...')
#2 Command line code(1): getViews('D:\\Project\\Tech...', Object(Illuminate\Filesystem\Filesystem))
#3 {main}
  thrown {"exception":"[object] (Symfony\\Component\\ErrorHandler\\Error\\FatalError(code: 0): Uncaught Symfony\\Component\\Finder\\Exception\\DirectoryNotFoundException: The \"D:\\Project\\Techsense\\custom_views\" directory does not exist. in D:\\Project\\Techsense\\vendor\\symfony\\finder\\Finder.php:649
Stack trace:
#0 D:\\Project\\Techsense\\vendor\\laravel\\framework\\src\\Illuminate\\Filesystem\\Filesystem.php(569): Symfony\\Component\\Finder\\Finder->in('D:\\\\Project\\\\Tech...')
#1 Command line code(1): Illuminate\\Filesystem\\Filesystem->files('D:\\\\Project\\\\Tech...')
#2 Command line code(1): getViews('D:\\\\Project\\\\Tech...', Object(Illuminate\\Filesystem\\Filesystem))
#3 {main}
  thrown at D:\\Project\\Techsense\\vendor\\symfony\\finder\\Finder.php:649)
[stacktrace]
#0 D:\\Project\\Techsense\\vendor\\laravel\\framework\\src\\Illuminate\\Foundation\\Bootstrap\\HandleExceptions.php(259): Symfony\\Component\\ErrorHandler\\Error\\FatalError->__construct(message: ''Uncaught Symfo...', code: '0', error: '['type' => 1, '...', traceOffset: '0', traceArgs: '???', trace: '???')
#1 D:\\Project\\Techsense\\vendor\\laravel\\framework\\src\\Illuminate\\Foundation\\Bootstrap\\HandleExceptions.php(246): Illuminate\\Foundation\\Bootstrap\\HandleExceptions->fatalErrorFromPhpError(error: '['type' => 1, '...', traceOffset: '0')
#2 D:\\Project\\Techsense\\vendor\\laravel\\framework\\src\\Illuminate\\Foundation\\Bootstrap\\HandleExceptions.php(270): Illuminate\\Foundation\\Bootstrap\\HandleExceptions->handleShutdown()
#3 D:\\Project\\Techsense\\vendor\\laravel\\framework\\src\\Illuminate\\Foundation\\Bootstrap\\HandleExceptions.php(0): Illuminate\\Foundation\\Bootstrap\\HandleExceptions->Illuminate\\Foundation\\Bootstrap\\{closure:D:\\Project\\Techsense\\vendor\\laravel\\framework\\src\\Illuminate\\Foundation\\Bootstrap\\HandleExceptions.php:269-271}()
#4 {main}
"} 
[2025-09-21 12:34:29] live.ERROR: Uncaught Symfony\Component\Finder\Exception\DirectoryNotFoundException: The "D:\Project\Techsense\custom_views" directory does not exist. in D:\Project\Techsense\vendor\symfony\finder\Finder.php:649
Stack trace:
#0 D:\Project\Techsense\vendor\laravel\framework\src\Illuminate\Filesystem\Filesystem.php(569): Symfony\Component\Finder\Finder->in('D:\\Project\\Tech...')
#1 Command line code(1): Illuminate\Filesystem\Filesystem->files('D:\\Project\\Tech...')
#2 Command line code(1): getViews('D:\\Project\\Tech...', Object(Illuminate\Filesystem\Filesystem))
#3 {main}
  thrown {"exception":"[object] (Symfony\\Component\\ErrorHandler\\Error\\FatalError(code: 0): Uncaught Symfony\\Component\\Finder\\Exception\\DirectoryNotFoundException: The \"D:\\Project\\Techsense\\custom_views\" directory does not exist. in D:\\Project\\Techsense\\vendor\\symfony\\finder\\Finder.php:649
Stack trace:
#0 D:\\Project\\Techsense\\vendor\\laravel\\framework\\src\\Illuminate\\Filesystem\\Filesystem.php(569): Symfony\\Component\\Finder\\Finder->in('D:\\\\Project\\\\Tech...')
#1 Command line code(1): Illuminate\\Filesystem\\Filesystem->files('D:\\\\Project\\\\Tech...')
#2 Command line code(1): getViews('D:\\\\Project\\\\Tech...', Object(Illuminate\\Filesystem\\Filesystem))
#3 {main}
  thrown at D:\\Project\\Techsense\\vendor\\symfony\\finder\\Finder.php:649)
[stacktrace]
#0 D:\\Project\\Techsense\\vendor\\laravel\\framework\\src\\Illuminate\\Foundation\\Bootstrap\\HandleExceptions.php(259): Symfony\\Component\\ErrorHandler\\Error\\FatalError->__construct(message: ''Uncaught Symfo...', code: '0', error: '['type' => 1, '...', traceOffset: '0', traceArgs: '???', trace: '???')
#1 D:\\Project\\Techsense\\vendor\\laravel\\framework\\src\\Illuminate\\Foundation\\Bootstrap\\HandleExceptions.php(246): Illuminate\\Foundation\\Bootstrap\\HandleExceptions->fatalErrorFromPhpError(error: '['type' => 1, '...', traceOffset: '0')
#2 D:\\Project\\Techsense\\vendor\\laravel\\framework\\src\\Illuminate\\Foundation\\Bootstrap\\HandleExceptions.php(270): Illuminate\\Foundation\\Bootstrap\\HandleExceptions->handleShutdown()
#3 D:\\Project\\Techsense\\vendor\\laravel\\framework\\src\\Illuminate\\Foundation\\Bootstrap\\HandleExceptions.php(0): Illuminate\\Foundation\\Bootstrap\\HandleExceptions->Illuminate\\Foundation\\Bootstrap\\{closure:D:\\Project\\Techsense\\vendor\\laravel\\framework\\src\\Illuminate\\Foundation\\Bootstrap\\HandleExceptions.php:269-271}()
#4 {main}
"} 
[2025-09-21 12:34:31] live.ERROR: Uncaught Symfony\Component\Finder\Exception\DirectoryNotFoundException: The "D:\Project\Techsense\custom_views" directory does not exist. in D:\Project\Techsense\vendor\symfony\finder\Finder.php:649
Stack trace:
#0 D:\Project\Techsense\vendor\laravel\framework\src\Illuminate\Filesystem\Filesystem.php(569): Symfony\Component\Finder\Finder->in('D:\\Project\\Tech...')
#1 Command line code(1): Illuminate\Filesystem\Filesystem->files('D:\\Project\\Tech...')
#2 Command line code(1): getViews('D:\\Project\\Tech...', Object(Illuminate\Filesystem\Filesystem))
#3 {main}
  thrown {"exception":"[object] (Symfony\\Component\\ErrorHandler\\Error\\FatalError(code: 0): Uncaught Symfony\\Component\\Finder\\Exception\\DirectoryNotFoundException: The \"D:\\Project\\Techsense\\custom_views\" directory does not exist. in D:\\Project\\Techsense\\vendor\\symfony\\finder\\Finder.php:649
Stack trace:
#0 D:\\Project\\Techsense\\vendor\\laravel\\framework\\src\\Illuminate\\Filesystem\\Filesystem.php(569): Symfony\\Component\\Finder\\Finder->in('D:\\\\Project\\\\Tech...')
#1 Command line code(1): Illuminate\\Filesystem\\Filesystem->files('D:\\\\Project\\\\Tech...')
#2 Command line code(1): getViews('D:\\\\Project\\\\Tech...', Object(Illuminate\\Filesystem\\Filesystem))
#3 {main}
  thrown at D:\\Project\\Techsense\\vendor\\symfony\\finder\\Finder.php:649)
[stacktrace]
#0 D:\\Project\\Techsense\\vendor\\laravel\\framework\\src\\Illuminate\\Foundation\\Bootstrap\\HandleExceptions.php(259): Symfony\\Component\\ErrorHandler\\Error\\FatalError->__construct(message: ''Uncaught Symfo...', code: '0', error: '['type' => 1, '...', traceOffset: '0', traceArgs: '???', trace: '???')
#1 D:\\Project\\Techsense\\vendor\\laravel\\framework\\src\\Illuminate\\Foundation\\Bootstrap\\HandleExceptions.php(246): Illuminate\\Foundation\\Bootstrap\\HandleExceptions->fatalErrorFromPhpError(error: '['type' => 1, '...', traceOffset: '0')
#2 D:\\Project\\Techsense\\vendor\\laravel\\framework\\src\\Illuminate\\Foundation\\Bootstrap\\HandleExceptions.php(270): Illuminate\\Foundation\\Bootstrap\\HandleExceptions->handleShutdown()
#3 D:\\Project\\Techsense\\vendor\\laravel\\framework\\src\\Illuminate\\Foundation\\Bootstrap\\HandleExceptions.php(0): Illuminate\\Foundation\\Bootstrap\\HandleExceptions->Illuminate\\Foundation\\Bootstrap\\{closure:D:\\Project\\Techsense\\vendor\\laravel\\framework\\src\\Illuminate\\Foundation\\Bootstrap\\HandleExceptions.php:269-271}()
#4 {main}
"} 
[2025-09-21 12:34:33] live.ERROR: Uncaught Symfony\Component\Finder\Exception\DirectoryNotFoundException: The "D:\Project\Techsense\custom_views" directory does not exist. in D:\Project\Techsense\vendor\symfony\finder\Finder.php:649
Stack trace:
#0 D:\Project\Techsense\vendor\laravel\framework\src\Illuminate\Filesystem\Filesystem.php(569): Symfony\Component\Finder\Finder->in('D:\\Project\\Tech...')
#1 Command line code(1): Illuminate\Filesystem\Filesystem->files('D:\\Project\\Tech...')
#2 Command line code(1): getViews('D:\\Project\\Tech...', Object(Illuminate\Filesystem\Filesystem))
#3 {main}
  thrown {"exception":"[object] (Symfony\\Component\\ErrorHandler\\Error\\FatalError(code: 0): Uncaught Symfony\\Component\\Finder\\Exception\\DirectoryNotFoundException: The \"D:\\Project\\Techsense\\custom_views\" directory does not exist. in D:\\Project\\Techsense\\vendor\\symfony\\finder\\Finder.php:649
Stack trace:
#0 D:\\Project\\Techsense\\vendor\\laravel\\framework\\src\\Illuminate\\Filesystem\\Filesystem.php(569): Symfony\\Component\\Finder\\Finder->in('D:\\\\Project\\\\Tech...')
#1 Command line code(1): Illuminate\\Filesystem\\Filesystem->files('D:\\\\Project\\\\Tech...')
#2 Command line code(1): getViews('D:\\\\Project\\\\Tech...', Object(Illuminate\\Filesystem\\Filesystem))
#3 {main}
  thrown at D:\\Project\\Techsense\\vendor\\symfony\\finder\\Finder.php:649)
[stacktrace]
#0 D:\\Project\\Techsense\\vendor\\laravel\\framework\\src\\Illuminate\\Foundation\\Bootstrap\\HandleExceptions.php(259): Symfony\\Component\\ErrorHandler\\Error\\FatalError->__construct(message: ''Uncaught Symfo...', code: '0', error: '['type' => 1, '...', traceOffset: '0', traceArgs: '???', trace: '???')
#1 D:\\Project\\Techsense\\vendor\\laravel\\framework\\src\\Illuminate\\Foundation\\Bootstrap\\HandleExceptions.php(246): Illuminate\\Foundation\\Bootstrap\\HandleExceptions->fatalErrorFromPhpError(error: '['type' => 1, '...', traceOffset: '0')
#2 D:\\Project\\Techsense\\vendor\\laravel\\framework\\src\\Illuminate\\Foundation\\Bootstrap\\HandleExceptions.php(270): Illuminate\\Foundation\\Bootstrap\\HandleExceptions->handleShutdown()
#3 D:\\Project\\Techsense\\vendor\\laravel\\framework\\src\\Illuminate\\Foundation\\Bootstrap\\HandleExceptions.php(0): Illuminate\\Foundation\\Bootstrap\\HandleExceptions->Illuminate\\Foundation\\Bootstrap\\{closure:D:\\Project\\Techsense\\vendor\\laravel\\framework\\src\\Illuminate\\Foundation\\Bootstrap\\HandleExceptions.php:269-271}()
#4 {main}
"} 
[2025-09-21 12:34:34] live.ERROR: Uncaught Symfony\Component\Finder\Exception\DirectoryNotFoundException: The "D:\Project\Techsense\custom_views" directory does not exist. in D:\Project\Techsense\vendor\symfony\finder\Finder.php:649
Stack trace:
#0 D:\Project\Techsense\vendor\laravel\framework\src\Illuminate\Filesystem\Filesystem.php(569): Symfony\Component\Finder\Finder->in('D:\\Project\\Tech...')
#1 Command line code(1): Illuminate\Filesystem\Filesystem->files('D:\\Project\\Tech...')
#2 Command line code(1): getViews('D:\\Project\\Tech...', Object(Illuminate\Filesystem\Filesystem))
#3 {main}
  thrown {"exception":"[object] (Symfony\\Component\\ErrorHandler\\Error\\FatalError(code: 0): Uncaught Symfony\\Component\\Finder\\Exception\\DirectoryNotFoundException: The \"D:\\Project\\Techsense\\custom_views\" directory does not exist. in D:\\Project\\Techsense\\vendor\\symfony\\finder\\Finder.php:649
Stack trace:
#0 D:\\Project\\Techsense\\vendor\\laravel\\framework\\src\\Illuminate\\Filesystem\\Filesystem.php(569): Symfony\\Component\\Finder\\Finder->in('D:\\\\Project\\\\Tech...')
#1 Command line code(1): Illuminate\\Filesystem\\Filesystem->files('D:\\\\Project\\\\Tech...')
#2 Command line code(1): getViews('D:\\\\Project\\\\Tech...', Object(Illuminate\\Filesystem\\Filesystem))
#3 {main}
  thrown at D:\\Project\\Techsense\\vendor\\symfony\\finder\\Finder.php:649)
[stacktrace]
#0 D:\\Project\\Techsense\\vendor\\laravel\\framework\\src\\Illuminate\\Foundation\\Bootstrap\\HandleExceptions.php(259): Symfony\\Component\\ErrorHandler\\Error\\FatalError->__construct(message: ''Uncaught Symfo...', code: '0', error: '['type' => 1, '...', traceOffset: '0', traceArgs: '???', trace: '???')
#1 D:\\Project\\Techsense\\vendor\\laravel\\framework\\src\\Illuminate\\Foundation\\Bootstrap\\HandleExceptions.php(246): Illuminate\\Foundation\\Bootstrap\\HandleExceptions->fatalErrorFromPhpError(error: '['type' => 1, '...', traceOffset: '0')
#2 D:\\Project\\Techsense\\vendor\\laravel\\framework\\src\\Illuminate\\Foundation\\Bootstrap\\HandleExceptions.php(270): Illuminate\\Foundation\\Bootstrap\\HandleExceptions->handleShutdown()
#3 D:\\Project\\Techsense\\vendor\\laravel\\framework\\src\\Illuminate\\Foundation\\Bootstrap\\HandleExceptions.php(0): Illuminate\\Foundation\\Bootstrap\\HandleExceptions->Illuminate\\Foundation\\Bootstrap\\{closure:D:\\Project\\Techsense\\vendor\\laravel\\framework\\src\\Illuminate\\Foundation\\Bootstrap\\HandleExceptions.php:269-271}()
#4 {main}
"} 
[2025-09-21 12:34:35] live.ERROR: Uncaught Symfony\Component\Finder\Exception\DirectoryNotFoundException: The "D:\Project\Techsense\custom_views" directory does not exist. in D:\Project\Techsense\vendor\symfony\finder\Finder.php:649
Stack trace:
#0 D:\Project\Techsense\vendor\laravel\framework\src\Illuminate\Filesystem\Filesystem.php(569): Symfony\Component\Finder\Finder->in('D:\\Project\\Tech...')
#1 Command line code(1): Illuminate\Filesystem\Filesystem->files('D:\\Project\\Tech...')
#2 Command line code(1): getViews('D:\\Project\\Tech...', Object(Illuminate\Filesystem\Filesystem))
#3 {main}
  thrown {"exception":"[object] (Symfony\\Component\\ErrorHandler\\Error\\FatalError(code: 0): Uncaught Symfony\\Component\\Finder\\Exception\\DirectoryNotFoundException: The \"D:\\Project\\Techsense\\custom_views\" directory does not exist. in D:\\Project\\Techsense\\vendor\\symfony\\finder\\Finder.php:649
Stack trace:
#0 D:\\Project\\Techsense\\vendor\\laravel\\framework\\src\\Illuminate\\Filesystem\\Filesystem.php(569): Symfony\\Component\\Finder\\Finder->in('D:\\\\Project\\\\Tech...')
#1 Command line code(1): Illuminate\\Filesystem\\Filesystem->files('D:\\\\Project\\\\Tech...')
#2 Command line code(1): getViews('D:\\\\Project\\\\Tech...', Object(Illuminate\\Filesystem\\Filesystem))
#3 {main}
  thrown at D:\\Project\\Techsense\\vendor\\symfony\\finder\\Finder.php:649)
[stacktrace]
#0 D:\\Project\\Techsense\\vendor\\laravel\\framework\\src\\Illuminate\\Foundation\\Bootstrap\\HandleExceptions.php(259): Symfony\\Component\\ErrorHandler\\Error\\FatalError->__construct(message: ''Uncaught Symfo...', code: '0', error: '['type' => 1, '...', traceOffset: '0', traceArgs: '???', trace: '???')
#1 D:\\Project\\Techsense\\vendor\\laravel\\framework\\src\\Illuminate\\Foundation\\Bootstrap\\HandleExceptions.php(246): Illuminate\\Foundation\\Bootstrap\\HandleExceptions->fatalErrorFromPhpError(error: '['type' => 1, '...', traceOffset: '0')
#2 D:\\Project\\Techsense\\vendor\\laravel\\framework\\src\\Illuminate\\Foundation\\Bootstrap\\HandleExceptions.php(270): Illuminate\\Foundation\\Bootstrap\\HandleExceptions->handleShutdown()
#3 D:\\Project\\Techsense\\vendor\\laravel\\framework\\src\\Illuminate\\Foundation\\Bootstrap\\HandleExceptions.php(0): Illuminate\\Foundation\\Bootstrap\\HandleExceptions->Illuminate\\Foundation\\Bootstrap\\{closure:D:\\Project\\Techsense\\vendor\\laravel\\framework\\src\\Illuminate\\Foundation\\Bootstrap\\HandleExceptions.php:269-271}()
#4 {main}
"} 
[2025-09-21 13:04:36] live.ERROR: SQLSTATE[42S22]: Column not found: 1054 Unknown column 'transactions.due_countdown' in 'where clause' (SQL: select count(*) as aggregate from (select `transactions`.`id`, `transactions`.`transaction_date`, `transactions`.`type`, `transactions`.`is_direct_sale`, `transactions`.`invoice_no`, `agent_transactions`.`tracking_no`, `transactions`.`invoice_no` as `invoice_no_text`, `contacts`.`name`, `contacts`.`mobile`, `contacts`.`contact_id`, `contacts`.`supplier_business_name`, `transactions`.`status`, `transactions`.`payment_status`, `transactions`.`final_total`, `transactions`.`tax_amount`, `transactions`.`discount_amount`, `transactions`.`discount_type`, `transactions`.`total_before_tax`, `transactions`.`rp_redeemed`, `transactions`.`rp_redeemed_amount`, `transactions`.`rp_earned`, `transactions`.`types_of_service_id`, `transactions`.`shipping_status`, `transactions`.`delivery_date`, `transactions`.`pay_term_number`, `transactions`.`pay_term_type`, `transactions`.`additional_notes`, `transactions`.`staff_note`, `transactions`.`shipping_details`, `transactions`.`document`, `transactions`.`shipping_custom_field_1`, `transactions`.`shipping_custom_field_2`, `transactions`.`shipping_custom_field_3`, `transactions`.`shipping_custom_field_4`, `transactions`.`shipping_custom_field_5`, `transactions`.`custom_field_1`, `transactions`.`custom_field_2`, `transactions`.`custom_field_3`, `transactions`.`custom_field_4`, DATE_FORMAT(transactions.transaction_date, "%Y/%m/%d") as sale_date, CONCAT(COALESCE(u.surname, ''),' ',COALESCE(u.first_name, ''),' ',COALESCE(u.last_name,'')) as added_by, (SELECT SUM(IF(TP.is_return = 1,-1*TP.amount,TP.amount)) FROM transaction_payments AS TP WHERE
                        TP.transaction_id=transactions.id) as total_paid, `bl`.`name` as `business_location`, COUNT(SR.id) as return_exists, (SELECT SUM(TP2.amount) FROM transaction_payments AS TP2 WHERE
                        TP2.transaction_id=SR.id ) as return_paid, COALESCE(SR.final_total, 0) as amount_return, `SR`.`id` as `return_transaction_id`, `tos`.`name` as `types_of_service_name`, `transactions`.`service_custom_field_1`, COUNT( DISTINCT tsl.id) as total_items, CONCAT(COALESCE(ss.surname, ''),' ',COALESCE(ss.first_name, ''),' ',COALESCE(ss.last_name,'')) as waiter, `tables`.`name` as `table_name`, SUM(tsl.quantity - tsl.so_quantity_invoiced) as so_qty_remaining, `transactions`.`is_export`, CONCAT(COALESCE(dp.surname, ''),' ',COALESCE(dp.first_name, ''),' ',COALESCE(dp.last_name,'')) as delivery_person from `transactions` left join `contacts` on `transactions`.`contact_id` = `contacts`.`id` left join `transaction_sell_lines` as `tsl` on `transactions`.`id` = `tsl`.`transaction_id` and `tsl`.`parent_sell_line_id` is null left join `users` as `u` on `transactions`.`created_by` = `u`.`id` left join `users` as `ss` on `transactions`.`res_waiter_id` = `ss`.`id` left join `users` as `dp` on `transactions`.`delivery_person` = `dp`.`id` left join `res_tables` as `tables` on `transactions`.`res_table_id` = `tables`.`id` left join `agent_transactions` on `transactions`.`invoice_no` = `agent_transactions`.`invoice_no` inner join `business_locations` as `bl` on `transactions`.`location_id` = `bl`.`id` left join `transactions` as `SR` on `transactions`.`id` = `SR`.`return_parent_id` left join `types_of_services` as `tos` on `transactions`.`types_of_service_id` = `tos`.`id` where `transactions`.`business_id` = 1 and `transactions`.`type` = sell and `transactions`.`status` = final and date(`transactions`.`transaction_date`) >= 2025-01-01 and date(`transactions`.`transaction_date`) <= 2025-12-31 and (LOWER(`transactions`.`transaction_date`) LIKE %8% or LOWER(`transactions`.`invoice_no`) LIKE %8% or ((`contacts`.`name` like %8% or `contacts`.`supplier_business_name` like %8%)) or LOWER(`contacts`.`mobile`) LIKE %8% or LOWER(`transactions`.`payment_status`) LIKE %8% or LOWER(`transactions`.`final_total`) LIKE %8% or LOWER(`transactions`.`shipping_status`) LIKE %8% or LOWER(`transactions`.`delivery_date`) LIKE %8% or LOWER(`transactions`.`due_countdown`) LIKE %8% or LOWER(`tos`.`name`) LIKE %8% or LOWER(`transactions`.`service_custom_field_1`) LIKE %8% or LOWER(`transactions`.`custom_field_1`) LIKE %8% or LOWER(`transactions`.`custom_field_2`) LIKE %8% or LOWER(`transactions`.`custom_field_3`) LIKE %8% or LOWER(`transactions`.`custom_field_4`) LIKE %8% or LOWER(`u`.`first_name`) LIKE %8% or LOWER(`transactions`.`additional_notes`) LIKE %8% or LOWER(`tables`.`name`) LIKE %8% or LOWER(`ss`.`first_name`) LIKE %8%) group by `transactions`.`id`) count_row_table) {"userId":1,"exception":"[object] (Illuminate\\Database\\QueryException(code: 42S22): SQLSTATE[42S22]: Column not found: 1054 Unknown column 'transactions.due_countdown' in 'where clause' (SQL: select count(*) as aggregate from (select `transactions`.`id`, `transactions`.`transaction_date`, `transactions`.`type`, `transactions`.`is_direct_sale`, `transactions`.`invoice_no`, `agent_transactions`.`tracking_no`, `transactions`.`invoice_no` as `invoice_no_text`, `contacts`.`name`, `contacts`.`mobile`, `contacts`.`contact_id`, `contacts`.`supplier_business_name`, `transactions`.`status`, `transactions`.`payment_status`, `transactions`.`final_total`, `transactions`.`tax_amount`, `transactions`.`discount_amount`, `transactions`.`discount_type`, `transactions`.`total_before_tax`, `transactions`.`rp_redeemed`, `transactions`.`rp_redeemed_amount`, `transactions`.`rp_earned`, `transactions`.`types_of_service_id`, `transactions`.`shipping_status`, `transactions`.`delivery_date`, `transactions`.`pay_term_number`, `transactions`.`pay_term_type`, `transactions`.`additional_notes`, `transactions`.`staff_note`, `transactions`.`shipping_details`, `transactions`.`document`, `transactions`.`shipping_custom_field_1`, `transactions`.`shipping_custom_field_2`, `transactions`.`shipping_custom_field_3`, `transactions`.`shipping_custom_field_4`, `transactions`.`shipping_custom_field_5`, `transactions`.`custom_field_1`, `transactions`.`custom_field_2`, `transactions`.`custom_field_3`, `transactions`.`custom_field_4`, DATE_FORMAT(transactions.transaction_date, \"%Y/%m/%d\") as sale_date, CONCAT(COALESCE(u.surname, ''),' ',COALESCE(u.first_name, ''),' ',COALESCE(u.last_name,'')) as added_by, (SELECT SUM(IF(TP.is_return = 1,-1*TP.amount,TP.amount)) FROM transaction_payments AS TP WHERE

                        TP.transaction_id=transactions.id) as total_paid, `bl`.`name` as `business_location`, COUNT(SR.id) as return_exists, (SELECT SUM(TP2.amount) FROM transaction_payments AS TP2 WHERE

                        TP2.transaction_id=SR.id ) as return_paid, COALESCE(SR.final_total, 0) as amount_return, `SR`.`id` as `return_transaction_id`, `tos`.`name` as `types_of_service_name`, `transactions`.`service_custom_field_1`, COUNT( DISTINCT tsl.id) as total_items, CONCAT(COALESCE(ss.surname, ''),' ',COALESCE(ss.first_name, ''),' ',COALESCE(ss.last_name,'')) as waiter, `tables`.`name` as `table_name`, SUM(tsl.quantity - tsl.so_quantity_invoiced) as so_qty_remaining, `transactions`.`is_export`, CONCAT(COALESCE(dp.surname, ''),' ',COALESCE(dp.first_name, ''),' ',COALESCE(dp.last_name,'')) as delivery_person from `transactions` left join `contacts` on `transactions`.`contact_id` = `contacts`.`id` left join `transaction_sell_lines` as `tsl` on `transactions`.`id` = `tsl`.`transaction_id` and `tsl`.`parent_sell_line_id` is null left join `users` as `u` on `transactions`.`created_by` = `u`.`id` left join `users` as `ss` on `transactions`.`res_waiter_id` = `ss`.`id` left join `users` as `dp` on `transactions`.`delivery_person` = `dp`.`id` left join `res_tables` as `tables` on `transactions`.`res_table_id` = `tables`.`id` left join `agent_transactions` on `transactions`.`invoice_no` = `agent_transactions`.`invoice_no` inner join `business_locations` as `bl` on `transactions`.`location_id` = `bl`.`id` left join `transactions` as `SR` on `transactions`.`id` = `SR`.`return_parent_id` left join `types_of_services` as `tos` on `transactions`.`types_of_service_id` = `tos`.`id` where `transactions`.`business_id` = 1 and `transactions`.`type` = sell and `transactions`.`status` = final and date(`transactions`.`transaction_date`) >= 2025-01-01 and date(`transactions`.`transaction_date`) <= 2025-12-31 and (LOWER(`transactions`.`transaction_date`) LIKE %8% or LOWER(`transactions`.`invoice_no`) LIKE %8% or ((`contacts`.`name` like %8% or `contacts`.`supplier_business_name` like %8%)) or LOWER(`contacts`.`mobile`) LIKE %8% or LOWER(`transactions`.`payment_status`) LIKE %8% or LOWER(`transactions`.`final_total`) LIKE %8% or LOWER(`transactions`.`shipping_status`) LIKE %8% or LOWER(`transactions`.`delivery_date`) LIKE %8% or LOWER(`transactions`.`due_countdown`) LIKE %8% or LOWER(`tos`.`name`) LIKE %8% or LOWER(`transactions`.`service_custom_field_1`) LIKE %8% or LOWER(`transactions`.`custom_field_1`) LIKE %8% or LOWER(`transactions`.`custom_field_2`) LIKE %8% or LOWER(`transactions`.`custom_field_3`) LIKE %8% or LOWER(`transactions`.`custom_field_4`) LIKE %8% or LOWER(`u`.`first_name`) LIKE %8% or LOWER(`transactions`.`additional_notes`) LIKE %8% or LOWER(`tables`.`name`) LIKE %8% or LOWER(`ss`.`first_name`) LIKE %8%) group by `transactions`.`id`) count_row_table) at D:\\Project\\Techsense\\vendor\\laravel\\framework\\src\\Illuminate\\Database\\Connection.php:760)
[stacktrace]
#0 D:\\Project\\Techsense\\vendor\\laravel\\framework\\src\\Illuminate\\Database\\Connection.php(720): Illuminate\\Database\\Connection->runQueryCallback('select count(*)...', Array, Object(Closure))
#1 D:\\Project\\Techsense\\vendor\\laravel\\framework\\src\\Illuminate\\Database\\Connection.php(405): Illuminate\\Database\\Connection->run('select count(*)...', Array, Object(Closure))
#2 D:\\Project\\Techsense\\vendor\\laravel\\framework\\src\\Illuminate\\Database\\Query\\Builder.php(2705): Illuminate\\Database\\Connection->select('select count(*)...', Array, true)
#3 D:\\Project\\Techsense\\vendor\\laravel\\framework\\src\\Illuminate\\Database\\Query\\Builder.php(2694): Illuminate\\Database\\Query\\Builder->runSelect()
#4 D:\\Project\\Techsense\\vendor\\laravel\\framework\\src\\Illuminate\\Database\\Query\\Builder.php(3230): Illuminate\\Database\\Query\\Builder->Illuminate\\Database\\Query\\{closure}()
#5 D:\\Project\\Techsense\\vendor\\laravel\\framework\\src\\Illuminate\\Database\\Query\\Builder.php(2693): Illuminate\\Database\\Query\\Builder->onceWithColumns(Array, Object(Closure))
#6 D:\\Project\\Techsense\\vendor\\laravel\\framework\\src\\Illuminate\\Database\\Query\\Builder.php(3157): Illuminate\\Database\\Query\\Builder->get(Array)
#7 D:\\Project\\Techsense\\vendor\\laravel\\framework\\src\\Illuminate\\Database\\Query\\Builder.php(3085): Illuminate\\Database\\Query\\Builder->aggregate('count', Array)
#8 D:\\Project\\Techsense\\vendor\\yajra\\laravel-datatables-oracle\\src\\QueryDataTable.php(215): Illuminate\\Database\\Query\\Builder->count()
#9 D:\\Project\\Techsense\\vendor\\yajra\\laravel-datatables-oracle\\src\\QueryDataTable.php(200): Yajra\\DataTables\\QueryDataTable->count()
#10 D:\\Project\\Techsense\\vendor\\yajra\\laravel-datatables-oracle\\src\\DataTableAbstract.php(705): Yajra\\DataTables\\QueryDataTable->filteredCount()
#11 D:\\Project\\Techsense\\vendor\\yajra\\laravel-datatables-oracle\\src\\QueryDataTable.php(142): Yajra\\DataTables\\DataTableAbstract->filterRecords()
#12 D:\\Project\\Techsense\\vendor\\yajra\\laravel-datatables-oracle\\src\\QueryDataTable.php(99): Yajra\\DataTables\\QueryDataTable->prepareQuery()
#13 D:\\Project\\Techsense\\app\\Http\\Controllers\\SellController.php(601): Yajra\\DataTables\\QueryDataTable->make(true)
#14 D:\\Project\\Techsense\\vendor\\laravel\\framework\\src\\Illuminate\\Routing\\Controller.php(54): App\\Http\\Controllers\\SellController->index()
#15 D:\\Project\\Techsense\\vendor\\laravel\\framework\\src\\Illuminate\\Routing\\ControllerDispatcher.php(43): Illuminate\\Routing\\Controller->callAction('index', Array)
#16 D:\\Project\\Techsense\\vendor\\laravel\\framework\\src\\Illuminate\\Routing\\Route.php(259): Illuminate\\Routing\\ControllerDispatcher->dispatch(Object(Illuminate\\Routing\\Route), Object(App\\Http\\Controllers\\SellController), 'index')
#17 D:\\Project\\Techsense\\vendor\\laravel\\framework\\src\\Illuminate\\Routing\\Route.php(205): Illuminate\\Routing\\Route->runController()
#18 D:\\Project\\Techsense\\vendor\\laravel\\framework\\src\\Illuminate\\Routing\\Router.php(798): Illuminate\\Routing\\Route->run()
#19 D:\\Project\\Techsense\\vendor\\laravel\\framework\\src\\Illuminate\\Pipeline\\Pipeline.php(141): Illuminate\\Routing\\Router->Illuminate\\Routing\\{closure}(Object(Illuminate\\Http\\Request))
#20 D:\\Project\\Techsense\\app\\Http\\Middleware\\CheckUserLogin.php(22): Illuminate\\Pipeline\\Pipeline->Illuminate\\Pipeline\\{closure}(Object(Illuminate\\Http\\Request))
#21 D:\\Project\\Techsense\\vendor\\laravel\\framework\\src\\Illuminate\\Pipeline\\Pipeline.php(180): App\\Http\\Middleware\\CheckUserLogin->handle(Object(Illuminate\\Http\\Request), Object(Closure))
#22 D:\\Project\\Techsense\\app\\Http\\Middleware\\AdminSidebarMenu.php(21): Illuminate\\Pipeline\\Pipeline->Illuminate\\Pipeline\\{closure}(Object(Illuminate\\Http\\Request))
#23 D:\\Project\\Techsense\\vendor\\laravel\\framework\\src\\Illuminate\\Pipeline\\Pipeline.php(180): App\\Http\\Middleware\\AdminSidebarMenu->handle(Object(Illuminate\\Http\\Request), Object(Closure))
#24 D:\\Project\\Techsense\\app\\Http\\Middleware\\Timezone.php(30): Illuminate\\Pipeline\\Pipeline->Illuminate\\Pipeline\\{closure}(Object(Illuminate\\Http\\Request))
#25 D:\\Project\\Techsense\\vendor\\laravel\\framework\\src\\Illuminate\\Pipeline\\Pipeline.php(180): App\\Http\\Middleware\\Timezone->handle(Object(Illuminate\\Http\\Request), Object(Closure))
#26 D:\\Project\\Techsense\\app\\Http\\Middleware\\Language.php(25): Illuminate\\Pipeline\\Pipeline->Illuminate\\Pipeline\\{closure}(Object(Illuminate\\Http\\Request))
#27 D:\\Project\\Techsense\\vendor\\laravel\\framework\\src\\Illuminate\\Pipeline\\Pipeline.php(180): App\\Http\\Middleware\\Language->handle(Object(Illuminate\\Http\\Request), Object(Closure))
#28 D:\\Project\\Techsense\\app\\Http\\Middleware\\SetSessionData.php(52): Illuminate\\Pipeline\\Pipeline->Illuminate\\Pipeline\\{closure}(Object(Illuminate\\Http\\Request))
#29 D:\\Project\\Techsense\\vendor\\laravel\\framework\\src\\Illuminate\\Pipeline\\Pipeline.php(180): App\\Http\\Middleware\\SetSessionData->handle(Object(Illuminate\\Http\\Request), Object(Closure))
#30 D:\\Project\\Techsense\\app\\Http\\Middleware\\IsInstalled.php(50): Illuminate\\Pipeline\\Pipeline->Illuminate\\Pipeline\\{closure}(Object(Illuminate\\Http\\Request))
#31 D:\\Project\\Techsense\\vendor\\laravel\\framework\\src\\Illuminate\\Pipeline\\Pipeline.php(180): App\\Http\\Middleware\\IsInstalled->handle(Object(Illuminate\\Http\\Request), Object(Closure))
#32 D:\\Project\\Techsense\\vendor\\laravel\\framework\\src\\Illuminate\\Routing\\Middleware\\SubstituteBindings.php(50): Illuminate\\Pipeline\\Pipeline->Illuminate\\Pipeline\\{closure}(Object(Illuminate\\Http\\Request))
#33 D:\\Project\\Techsense\\vendor\\laravel\\framework\\src\\Illuminate\\Pipeline\\Pipeline.php(180): Illuminate\\Routing\\Middleware\\SubstituteBindings->handle(Object(Illuminate\\Http\\Request), Object(Closure))
#34 D:\\Project\\Techsense\\vendor\\laravel\\framework\\src\\Illuminate\\Auth\\Middleware\\Authenticate.php(44): Illuminate\\Pipeline\\Pipeline->Illuminate\\Pipeline\\{closure}(Object(Illuminate\\Http\\Request))
#35 D:\\Project\\Techsense\\vendor\\laravel\\framework\\src\\Illuminate\\Pipeline\\Pipeline.php(180): Illuminate\\Auth\\Middleware\\Authenticate->handle(Object(Illuminate\\Http\\Request), Object(Closure))
#36 D:\\Project\\Techsense\\vendor\\laravel\\framework\\src\\Illuminate\\Foundation\\Http\\Middleware\\VerifyCsrfToken.php(78): Illuminate\\Pipeline\\Pipeline->Illuminate\\Pipeline\\{closure}(Object(Illuminate\\Http\\Request))
#37 D:\\Project\\Techsense\\vendor\\laravel\\framework\\src\\Illuminate\\Pipeline\\Pipeline.php(180): Illuminate\\Foundation\\Http\\Middleware\\VerifyCsrfToken->handle(Object(Illuminate\\Http\\Request), Object(Closure))
#38 D:\\Project\\Techsense\\vendor\\laravel\\framework\\src\\Illuminate\\View\\Middleware\\ShareErrorsFromSession.php(49): Illuminate\\Pipeline\\Pipeline->Illuminate\\Pipeline\\{closure}(Object(Illuminate\\Http\\Request))
#39 D:\\Project\\Techsense\\vendor\\laravel\\framework\\src\\Illuminate\\Pipeline\\Pipeline.php(180): Illuminate\\View\\Middleware\\ShareErrorsFromSession->handle(Object(Illuminate\\Http\\Request), Object(Closure))
#40 D:\\Project\\Techsense\\vendor\\laravel\\framework\\src\\Illuminate\\Session\\Middleware\\StartSession.php(121): Illuminate\\Pipeline\\Pipeline->Illuminate\\Pipeline\\{closure}(Object(Illuminate\\Http\\Request))
#41 D:\\Project\\Techsense\\vendor\\laravel\\framework\\src\\Illuminate\\Session\\Middleware\\StartSession.php(64): Illuminate\\Session\\Middleware\\StartSession->handleStatefulRequest(Object(Illuminate\\Http\\Request), Object(Illuminate\\Session\\Store), Object(Closure))
#42 D:\\Project\\Techsense\\vendor\\laravel\\framework\\src\\Illuminate\\Pipeline\\Pipeline.php(180): Illuminate\\Session\\Middleware\\StartSession->handle(Object(Illuminate\\Http\\Request), Object(Closure))
#43 D:\\Project\\Techsense\\vendor\\laravel\\framework\\src\\Illuminate\\Cookie\\Middleware\\AddQueuedCookiesToResponse.php(37): Illuminate\\Pipeline\\Pipeline->Illuminate\\Pipeline\\{closure}(Object(Illuminate\\Http\\Request))
#44 D:\\Project\\Techsense\\vendor\\laravel\\framework\\src\\Illuminate\\Pipeline\\Pipeline.php(180): Illuminate\\Cookie\\Middleware\\AddQueuedCookiesToResponse->handle(Object(Illuminate\\Http\\Request), Object(Closure))
#45 D:\\Project\\Techsense\\vendor\\laravel\\framework\\src\\Illuminate\\Cookie\\Middleware\\EncryptCookies.php(67): Illuminate\\Pipeline\\Pipeline->Illuminate\\Pipeline\\{closure}(Object(Illuminate\\Http\\Request))
#46 D:\\Project\\Techsense\\vendor\\laravel\\framework\\src\\Illuminate\\Pipeline\\Pipeline.php(180): Illuminate\\Cookie\\Middleware\\EncryptCookies->handle(Object(Illuminate\\Http\\Request), Object(Closure))
#47 D:\\Project\\Techsense\\vendor\\laravel\\framework\\src\\Illuminate\\Pipeline\\Pipeline.php(116): Illuminate\\Pipeline\\Pipeline->Illuminate\\Pipeline\\{closure}(Object(Illuminate\\Http\\Request))
#48 D:\\Project\\Techsense\\vendor\\laravel\\framework\\src\\Illuminate\\Routing\\Router.php(797): Illuminate\\Pipeline\\Pipeline->then(Object(Closure))
#49 D:\\Project\\Techsense\\vendor\\laravel\\framework\\src\\Illuminate\\Routing\\Router.php(776): Illuminate\\Routing\\Router->runRouteWithinStack(Object(Illuminate\\Routing\\Route), Object(Illuminate\\Http\\Request))
#50 D:\\Project\\Techsense\\vendor\\laravel\\framework\\src\\Illuminate\\Routing\\Router.php(740): Illuminate\\Routing\\Router->runRoute(Object(Illuminate\\Http\\Request), Object(Illuminate\\Routing\\Route))
#51 D:\\Project\\Techsense\\vendor\\laravel\\framework\\src\\Illuminate\\Routing\\Router.php(729): Illuminate\\Routing\\Router->dispatchToRoute(Object(Illuminate\\Http\\Request))
#52 D:\\Project\\Techsense\\vendor\\laravel\\framework\\src\\Illuminate\\Foundation\\Http\\Kernel.php(190): Illuminate\\Routing\\Router->dispatch(Object(Illuminate\\Http\\Request))
#53 D:\\Project\\Techsense\\vendor\\laravel\\framework\\src\\Illuminate\\Pipeline\\Pipeline.php(141): Illuminate\\Foundation\\Http\\Kernel->Illuminate\\Foundation\\Http\\{closure}(Object(Illuminate\\Http\\Request))
#54 D:\\Project\\Techsense\\vendor\\barryvdh\\laravel-debugbar\\src\\Middleware\\InjectDebugbar.php(59): Illuminate\\Pipeline\\Pipeline->Illuminate\\Pipeline\\{closure}(Object(Illuminate\\Http\\Request))
#55 D:\\Project\\Techsense\\vendor\\laravel\\framework\\src\\Illuminate\\Pipeline\\Pipeline.php(180): Barryvdh\\Debugbar\\Middleware\\InjectDebugbar->handle(Object(Illuminate\\Http\\Request), Object(Closure))
#56 D:\\Project\\Techsense\\vendor\\laravel\\framework\\src\\Illuminate\\Foundation\\Http\\Middleware\\TransformsRequest.php(21): Illuminate\\Pipeline\\Pipeline->Illuminate\\Pipeline\\{closure}(Object(Illuminate\\Http\\Request))
#57 D:\\Project\\Techsense\\vendor\\laravel\\framework\\src\\Illuminate\\Foundation\\Http\\Middleware\\ConvertEmptyStringsToNull.php(31): Illuminate\\Foundation\\Http\\Middleware\\TransformsRequest->handle(Object(Illuminate\\Http\\Request), Object(Closure))
#58 D:\\Project\\Techsense\\vendor\\laravel\\framework\\src\\Illuminate\\Pipeline\\Pipeline.php(180): Illuminate\\Foundation\\Http\\Middleware\\ConvertEmptyStringsToNull->handle(Object(Illuminate\\Http\\Request), Object(Closure))
#59 D:\\Project\\Techsense\\vendor\\laravel\\framework\\src\\Illuminate\\Foundation\\Http\\Middleware\\TransformsRequest.php(21): Illuminate\\Pipeline\\Pipeline->Illuminate\\Pipeline\\{closure}(Object(Illuminate\\Http\\Request))
#60 D:\\Project\\Techsense\\vendor\\laravel\\framework\\src\\Illuminate\\Foundation\\Http\\Middleware\\TrimStrings.php(40): Illuminate\\Foundation\\Http\\Middleware\\TransformsRequest->handle(Object(Illuminate\\Http\\Request), Object(Closure))
#61 D:\\Project\\Techsense\\vendor\\laravel\\framework\\src\\Illuminate\\Pipeline\\Pipeline.php(180): Illuminate\\Foundation\\Http\\Middleware\\TrimStrings->handle(Object(Illuminate\\Http\\Request), Object(Closure))
#62 D:\\Project\\Techsense\\vendor\\laravel\\framework\\src\\Illuminate\\Foundation\\Http\\Middleware\\ValidatePostSize.php(27): Illuminate\\Pipeline\\Pipeline->Illuminate\\Pipeline\\{closure}(Object(Illuminate\\Http\\Request))
#63 D:\\Project\\Techsense\\vendor\\laravel\\framework\\src\\Illuminate\\Pipeline\\Pipeline.php(180): Illuminate\\Foundation\\Http\\Middleware\\ValidatePostSize->handle(Object(Illuminate\\Http\\Request), Object(Closure))
#64 D:\\Project\\Techsense\\vendor\\laravel\\framework\\src\\Illuminate\\Foundation\\Http\\Middleware\\PreventRequestsDuringMaintenance.php(86): Illuminate\\Pipeline\\Pipeline->Illuminate\\Pipeline\\{closure}(Object(Illuminate\\Http\\Request))
#65 D:\\Project\\Techsense\\vendor\\laravel\\framework\\src\\Illuminate\\Pipeline\\Pipeline.php(180): Illuminate\\Foundation\\Http\\Middleware\\PreventRequestsDuringMaintenance->handle(Object(Illuminate\\Http\\Request), Object(Closure))
#66 D:\\Project\\Techsense\\vendor\\laravel\\framework\\src\\Illuminate\\Http\\Middleware\\HandleCors.php(49): Illuminate\\Pipeline\\Pipeline->Illuminate\\Pipeline\\{closure}(Object(Illuminate\\Http\\Request))
#67 D:\\Project\\Techsense\\vendor\\laravel\\framework\\src\\Illuminate\\Pipeline\\Pipeline.php(180): Illuminate\\Http\\Middleware\\HandleCors->handle(Object(Illuminate\\Http\\Request), Object(Closure))
#68 D:\\Project\\Techsense\\vendor\\laravel\\framework\\src\\Illuminate\\Http\\Middleware\\TrustProxies.php(39): Illuminate\\Pipeline\\Pipeline->Illuminate\\Pipeline\\{closure}(Object(Illuminate\\Http\\Request))
#69 D:\\Project\\Techsense\\vendor\\laravel\\framework\\src\\Illuminate\\Pipeline\\Pipeline.php(180): Illuminate\\Http\\Middleware\\TrustProxies->handle(Object(Illuminate\\Http\\Request), Object(Closure))
#70 D:\\Project\\Techsense\\vendor\\laravel\\framework\\src\\Illuminate\\Pipeline\\Pipeline.php(116): Illuminate\\Pipeline\\Pipeline->Illuminate\\Pipeline\\{closure}(Object(Illuminate\\Http\\Request))
#71 D:\\Project\\Techsense\\vendor\\laravel\\framework\\src\\Illuminate\\Foundation\\Http\\Kernel.php(165): Illuminate\\Pipeline\\Pipeline->then(Object(Closure))
#72 D:\\Project\\Techsense\\vendor\\laravel\\framework\\src\\Illuminate\\Foundation\\Http\\Kernel.php(134): Illuminate\\Foundation\\Http\\Kernel->sendRequestThroughRouter(Object(Illuminate\\Http\\Request))
#73 D:\\Project\\Techsense\\public\\index.php(51): Illuminate\\Foundation\\Http\\Kernel->handle(Object(Illuminate\\Http\\Request))
#74 D:\\Project\\Techsense\\vendor\\laravel\\framework\\src\\Illuminate\\Foundation\\resources\\server.php(16): require_once('D:\\\\Project\\\\Tech...')
#75 {main}

[previous exception] [object] (PDOException(code: 42S22): SQLSTATE[42S22]: Column not found: 1054 Unknown column 'transactions.due_countdown' in 'where clause' at D:\\Project\\Techsense\\vendor\\laravel\\framework\\src\\Illuminate\\Database\\Connection.php:414)
[stacktrace]
#0 D:\\Project\\Techsense\\vendor\\laravel\\framework\\src\\Illuminate\\Database\\Connection.php(414): PDO->prepare('select count(*)...')
#1 D:\\Project\\Techsense\\vendor\\laravel\\framework\\src\\Illuminate\\Database\\Connection.php(753): Illuminate\\Database\\Connection->Illuminate\\Database\\{closure}('select count(*)...', Array)
#2 D:\\Project\\Techsense\\vendor\\laravel\\framework\\src\\Illuminate\\Database\\Connection.php(720): Illuminate\\Database\\Connection->runQueryCallback('select count(*)...', Array, Object(Closure))
#3 D:\\Project\\Techsense\\vendor\\laravel\\framework\\src\\Illuminate\\Database\\Connection.php(405): Illuminate\\Database\\Connection->run('select count(*)...', Array, Object(Closure))
#4 D:\\Project\\Techsense\\vendor\\laravel\\framework\\src\\Illuminate\\Database\\Query\\Builder.php(2705): Illuminate\\Database\\Connection->select('select count(*)...', Array, true)
#5 D:\\Project\\Techsense\\vendor\\laravel\\framework\\src\\Illuminate\\Database\\Query\\Builder.php(2694): Illuminate\\Database\\Query\\Builder->runSelect()
#6 D:\\Project\\Techsense\\vendor\\laravel\\framework\\src\\Illuminate\\Database\\Query\\Builder.php(3230): Illuminate\\Database\\Query\\Builder->Illuminate\\Database\\Query\\{closure}()
#7 D:\\Project\\Techsense\\vendor\\laravel\\framework\\src\\Illuminate\\Database\\Query\\Builder.php(2693): Illuminate\\Database\\Query\\Builder->onceWithColumns(Array, Object(Closure))
#8 D:\\Project\\Techsense\\vendor\\laravel\\framework\\src\\Illuminate\\Database\\Query\\Builder.php(3157): Illuminate\\Database\\Query\\Builder->get(Array)
#9 D:\\Project\\Techsense\\vendor\\laravel\\framework\\src\\Illuminate\\Database\\Query\\Builder.php(3085): Illuminate\\Database\\Query\\Builder->aggregate('count', Array)
#10 D:\\Project\\Techsense\\vendor\\yajra\\laravel-datatables-oracle\\src\\QueryDataTable.php(215): Illuminate\\Database\\Query\\Builder->count()
#11 D:\\Project\\Techsense\\vendor\\yajra\\laravel-datatables-oracle\\src\\QueryDataTable.php(200): Yajra\\DataTables\\QueryDataTable->count()
#12 D:\\Project\\Techsense\\vendor\\yajra\\laravel-datatables-oracle\\src\\DataTableAbstract.php(705): Yajra\\DataTables\\QueryDataTable->filteredCount()
#13 D:\\Project\\Techsense\\vendor\\yajra\\laravel-datatables-oracle\\src\\QueryDataTable.php(142): Yajra\\DataTables\\DataTableAbstract->filterRecords()
#14 D:\\Project\\Techsense\\vendor\\yajra\\laravel-datatables-oracle\\src\\QueryDataTable.php(99): Yajra\\DataTables\\QueryDataTable->prepareQuery()
#15 D:\\Project\\Techsense\\app\\Http\\Controllers\\SellController.php(601): Yajra\\DataTables\\QueryDataTable->make(true)
#16 D:\\Project\\Techsense\\vendor\\laravel\\framework\\src\\Illuminate\\Routing\\Controller.php(54): App\\Http\\Controllers\\SellController->index()
#17 D:\\Project\\Techsense\\vendor\\laravel\\framework\\src\\Illuminate\\Routing\\ControllerDispatcher.php(43): Illuminate\\Routing\\Controller->callAction('index', Array)
#18 D:\\Project\\Techsense\\vendor\\laravel\\framework\\src\\Illuminate\\Routing\\Route.php(259): Illuminate\\Routing\\ControllerDispatcher->dispatch(Object(Illuminate\\Routing\\Route), Object(App\\Http\\Controllers\\SellController), 'index')
#19 D:\\Project\\Techsense\\vendor\\laravel\\framework\\src\\Illuminate\\Routing\\Route.php(205): Illuminate\\Routing\\Route->runController()
#20 D:\\Project\\Techsense\\vendor\\laravel\\framework\\src\\Illuminate\\Routing\\Router.php(798): Illuminate\\Routing\\Route->run()
#21 D:\\Project\\Techsense\\vendor\\laravel\\framework\\src\\Illuminate\\Pipeline\\Pipeline.php(141): Illuminate\\Routing\\Router->Illuminate\\Routing\\{closure}(Object(Illuminate\\Http\\Request))
#22 D:\\Project\\Techsense\\app\\Http\\Middleware\\CheckUserLogin.php(22): Illuminate\\Pipeline\\Pipeline->Illuminate\\Pipeline\\{closure}(Object(Illuminate\\Http\\Request))
#23 D:\\Project\\Techsense\\vendor\\laravel\\framework\\src\\Illuminate\\Pipeline\\Pipeline.php(180): App\\Http\\Middleware\\CheckUserLogin->handle(Object(Illuminate\\Http\\Request), Object(Closure))
#24 D:\\Project\\Techsense\\app\\Http\\Middleware\\AdminSidebarMenu.php(21): Illuminate\\Pipeline\\Pipeline->Illuminate\\Pipeline\\{closure}(Object(Illuminate\\Http\\Request))
#25 D:\\Project\\Techsense\\vendor\\laravel\\framework\\src\\Illuminate\\Pipeline\\Pipeline.php(180): App\\Http\\Middleware\\AdminSidebarMenu->handle(Object(Illuminate\\Http\\Request), Object(Closure))
#26 D:\\Project\\Techsense\\app\\Http\\Middleware\\Timezone.php(30): Illuminate\\Pipeline\\Pipeline->Illuminate\\Pipeline\\{closure}(Object(Illuminate\\Http\\Request))
#27 D:\\Project\\Techsense\\vendor\\laravel\\framework\\src\\Illuminate\\Pipeline\\Pipeline.php(180): App\\Http\\Middleware\\Timezone->handle(Object(Illuminate\\Http\\Request), Object(Closure))
#28 D:\\Project\\Techsense\\app\\Http\\Middleware\\Language.php(25): Illuminate\\Pipeline\\Pipeline->Illuminate\\Pipeline\\{closure}(Object(Illuminate\\Http\\Request))
#29 D:\\Project\\Techsense\\vendor\\laravel\\framework\\src\\Illuminate\\Pipeline\\Pipeline.php(180): App\\Http\\Middleware\\Language->handle(Object(Illuminate\\Http\\Request), Object(Closure))
#30 D:\\Project\\Techsense\\app\\Http\\Middleware\\SetSessionData.php(52): Illuminate\\Pipeline\\Pipeline->Illuminate\\Pipeline\\{closure}(Object(Illuminate\\Http\\Request))
#31 D:\\Project\\Techsense\\vendor\\laravel\\framework\\src\\Illuminate\\Pipeline\\Pipeline.php(180): App\\Http\\Middleware\\SetSessionData->handle(Object(Illuminate\\Http\\Request), Object(Closure))
#32 D:\\Project\\Techsense\\app\\Http\\Middleware\\IsInstalled.php(50): Illuminate\\Pipeline\\Pipeline->Illuminate\\Pipeline\\{closure}(Object(Illuminate\\Http\\Request))
#33 D:\\Project\\Techsense\\vendor\\laravel\\framework\\src\\Illuminate\\Pipeline\\Pipeline.php(180): App\\Http\\Middleware\\IsInstalled->handle(Object(Illuminate\\Http\\Request), Object(Closure))
#34 D:\\Project\\Techsense\\vendor\\laravel\\framework\\src\\Illuminate\\Routing\\Middleware\\SubstituteBindings.php(50): Illuminate\\Pipeline\\Pipeline->Illuminate\\Pipeline\\{closure}(Object(Illuminate\\Http\\Request))
#35 D:\\Project\\Techsense\\vendor\\laravel\\framework\\src\\Illuminate\\Pipeline\\Pipeline.php(180): Illuminate\\Routing\\Middleware\\SubstituteBindings->handle(Object(Illuminate\\Http\\Request), Object(Closure))
#36 D:\\Project\\Techsense\\vendor\\laravel\\framework\\src\\Illuminate\\Auth\\Middleware\\Authenticate.php(44): Illuminate\\Pipeline\\Pipeline->Illuminate\\Pipeline\\{closure}(Object(Illuminate\\Http\\Request))
#37 D:\\Project\\Techsense\\vendor\\laravel\\framework\\src\\Illuminate\\Pipeline\\Pipeline.php(180): Illuminate\\Auth\\Middleware\\Authenticate->handle(Object(Illuminate\\Http\\Request), Object(Closure))
#38 D:\\Project\\Techsense\\vendor\\laravel\\framework\\src\\Illuminate\\Foundation\\Http\\Middleware\\VerifyCsrfToken.php(78): Illuminate\\Pipeline\\Pipeline->Illuminate\\Pipeline\\{closure}(Object(Illuminate\\Http\\Request))
#39 D:\\Project\\Techsense\\vendor\\laravel\\framework\\src\\Illuminate\\Pipeline\\Pipeline.php(180): Illuminate\\Foundation\\Http\\Middleware\\VerifyCsrfToken->handle(Object(Illuminate\\Http\\Request), Object(Closure))
#40 D:\\Project\\Techsense\\vendor\\laravel\\framework\\src\\Illuminate\\View\\Middleware\\ShareErrorsFromSession.php(49): Illuminate\\Pipeline\\Pipeline->Illuminate\\Pipeline\\{closure}(Object(Illuminate\\Http\\Request))
#41 D:\\Project\\Techsense\\vendor\\laravel\\framework\\src\\Illuminate\\Pipeline\\Pipeline.php(180): Illuminate\\View\\Middleware\\ShareErrorsFromSession->handle(Object(Illuminate\\Http\\Request), Object(Closure))
#42 D:\\Project\\Techsense\\vendor\\laravel\\framework\\src\\Illuminate\\Session\\Middleware\\StartSession.php(121): Illuminate\\Pipeline\\Pipeline->Illuminate\\Pipeline\\{closure}(Object(Illuminate\\Http\\Request))
#43 D:\\Project\\Techsense\\vendor\\laravel\\framework\\src\\Illuminate\\Session\\Middleware\\StartSession.php(64): Illuminate\\Session\\Middleware\\StartSession->handleStatefulRequest(Object(Illuminate\\Http\\Request), Object(Illuminate\\Session\\Store), Object(Closure))
#44 D:\\Project\\Techsense\\vendor\\laravel\\framework\\src\\Illuminate\\Pipeline\\Pipeline.php(180): Illuminate\\Session\\Middleware\\StartSession->handle(Object(Illuminate\\Http\\Request), Object(Closure))
#45 D:\\Project\\Techsense\\vendor\\laravel\\framework\\src\\Illuminate\\Cookie\\Middleware\\AddQueuedCookiesToResponse.php(37): Illuminate\\Pipeline\\Pipeline->Illuminate\\Pipeline\\{closure}(Object(Illuminate\\Http\\Request))
#46 D:\\Project\\Techsense\\vendor\\laravel\\framework\\src\\Illuminate\\Pipeline\\Pipeline.php(180): Illuminate\\Cookie\\Middleware\\AddQueuedCookiesToResponse->handle(Object(Illuminate\\Http\\Request), Object(Closure))
#47 D:\\Project\\Techsense\\vendor\\laravel\\framework\\src\\Illuminate\\Cookie\\Middleware\\EncryptCookies.php(67): Illuminate\\Pipeline\\Pipeline->Illuminate\\Pipeline\\{closure}(Object(Illuminate\\Http\\Request))
#48 D:\\Project\\Techsense\\vendor\\laravel\\framework\\src\\Illuminate\\Pipeline\\Pipeline.php(180): Illuminate\\Cookie\\Middleware\\EncryptCookies->handle(Object(Illuminate\\Http\\Request), Object(Closure))
#49 D:\\Project\\Techsense\\vendor\\laravel\\framework\\src\\Illuminate\\Pipeline\\Pipeline.php(116): Illuminate\\Pipeline\\Pipeline->Illuminate\\Pipeline\\{closure}(Object(Illuminate\\Http\\Request))
#50 D:\\Project\\Techsense\\vendor\\laravel\\framework\\src\\Illuminate\\Routing\\Router.php(797): Illuminate\\Pipeline\\Pipeline->then(Object(Closure))
#51 D:\\Project\\Techsense\\vendor\\laravel\\framework\\src\\Illuminate\\Routing\\Router.php(776): Illuminate\\Routing\\Router->runRouteWithinStack(Object(Illuminate\\Routing\\Route), Object(Illuminate\\Http\\Request))
#52 D:\\Project\\Techsense\\vendor\\laravel\\framework\\src\\Illuminate\\Routing\\Router.php(740): Illuminate\\Routing\\Router->runRoute(Object(Illuminate\\Http\\Request), Object(Illuminate\\Routing\\Route))
#53 D:\\Project\\Techsense\\vendor\\laravel\\framework\\src\\Illuminate\\Routing\\Router.php(729): Illuminate\\Routing\\Router->dispatchToRoute(Object(Illuminate\\Http\\Request))
#54 D:\\Project\\Techsense\\vendor\\laravel\\framework\\src\\Illuminate\\Foundation\\Http\\Kernel.php(190): Illuminate\\Routing\\Router->dispatch(Object(Illuminate\\Http\\Request))
#55 D:\\Project\\Techsense\\vendor\\laravel\\framework\\src\\Illuminate\\Pipeline\\Pipeline.php(141): Illuminate\\Foundation\\Http\\Kernel->Illuminate\\Foundation\\Http\\{closure}(Object(Illuminate\\Http\\Request))
#56 D:\\Project\\Techsense\\vendor\\barryvdh\\laravel-debugbar\\src\\Middleware\\InjectDebugbar.php(59): Illuminate\\Pipeline\\Pipeline->Illuminate\\Pipeline\\{closure}(Object(Illuminate\\Http\\Request))
#57 D:\\Project\\Techsense\\vendor\\laravel\\framework\\src\\Illuminate\\Pipeline\\Pipeline.php(180): Barryvdh\\Debugbar\\Middleware\\InjectDebugbar->handle(Object(Illuminate\\Http\\Request), Object(Closure))
#58 D:\\Project\\Techsense\\vendor\\laravel\\framework\\src\\Illuminate\\Foundation\\Http\\Middleware\\TransformsRequest.php(21): Illuminate\\Pipeline\\Pipeline->Illuminate\\Pipeline\\{closure}(Object(Illuminate\\Http\\Request))
#59 D:\\Project\\Techsense\\vendor\\laravel\\framework\\src\\Illuminate\\Foundation\\Http\\Middleware\\ConvertEmptyStringsToNull.php(31): Illuminate\\Foundation\\Http\\Middleware\\TransformsRequest->handle(Object(Illuminate\\Http\\Request), Object(Closure))
#60 D:\\Project\\Techsense\\vendor\\laravel\\framework\\src\\Illuminate\\Pipeline\\Pipeline.php(180): Illuminate\\Foundation\\Http\\Middleware\\ConvertEmptyStringsToNull->handle(Object(Illuminate\\Http\\Request), Object(Closure))
#61 D:\\Project\\Techsense\\vendor\\laravel\\framework\\src\\Illuminate\\Foundation\\Http\\Middleware\\TransformsRequest.php(21): Illuminate\\Pipeline\\Pipeline->Illuminate\\Pipeline\\{closure}(Object(Illuminate\\Http\\Request))
#62 D:\\Project\\Techsense\\vendor\\laravel\\framework\\src\\Illuminate\\Foundation\\Http\\Middleware\\TrimStrings.php(40): Illuminate\\Foundation\\Http\\Middleware\\TransformsRequest->handle(Object(Illuminate\\Http\\Request), Object(Closure))
#63 D:\\Project\\Techsense\\vendor\\laravel\\framework\\src\\Illuminate\\Pipeline\\Pipeline.php(180): Illuminate\\Foundation\\Http\\Middleware\\TrimStrings->handle(Object(Illuminate\\Http\\Request), Object(Closure))
#64 D:\\Project\\Techsense\\vendor\\laravel\\framework\\src\\Illuminate\\Foundation\\Http\\Middleware\\ValidatePostSize.php(27): Illuminate\\Pipeline\\Pipeline->Illuminate\\Pipeline\\{closure}(Object(Illuminate\\Http\\Request))
#65 D:\\Project\\Techsense\\vendor\\laravel\\framework\\src\\Illuminate\\Pipeline\\Pipeline.php(180): Illuminate\\Foundation\\Http\\Middleware\\ValidatePostSize->handle(Object(Illuminate\\Http\\Request), Object(Closure))
#66 D:\\Project\\Techsense\\vendor\\laravel\\framework\\src\\Illuminate\\Foundation\\Http\\Middleware\\PreventRequestsDuringMaintenance.php(86): Illuminate\\Pipeline\\Pipeline->Illuminate\\Pipeline\\{closure}(Object(Illuminate\\Http\\Request))
#67 D:\\Project\\Techsense\\vendor\\laravel\\framework\\src\\Illuminate\\Pipeline\\Pipeline.php(180): Illuminate\\Foundation\\Http\\Middleware\\PreventRequestsDuringMaintenance->handle(Object(Illuminate\\Http\\Request), Object(Closure))
#68 D:\\Project\\Techsense\\vendor\\laravel\\framework\\src\\Illuminate\\Http\\Middleware\\HandleCors.php(49): Illuminate\\Pipeline\\Pipeline->Illuminate\\Pipeline\\{closure}(Object(Illuminate\\Http\\Request))
#69 D:\\Project\\Techsense\\vendor\\laravel\\framework\\src\\Illuminate\\Pipeline\\Pipeline.php(180): Illuminate\\Http\\Middleware\\HandleCors->handle(Object(Illuminate\\Http\\Request), Object(Closure))
#70 D:\\Project\\Techsense\\vendor\\laravel\\framework\\src\\Illuminate\\Http\\Middleware\\TrustProxies.php(39): Illuminate\\Pipeline\\Pipeline->Illuminate\\Pipeline\\{closure}(Object(Illuminate\\Http\\Request))
#71 D:\\Project\\Techsense\\vendor\\laravel\\framework\\src\\Illuminate\\Pipeline\\Pipeline.php(180): Illuminate\\Http\\Middleware\\TrustProxies->handle(Object(Illuminate\\Http\\Request), Object(Closure))
#72 D:\\Project\\Techsense\\vendor\\laravel\\framework\\src\\Illuminate\\Pipeline\\Pipeline.php(116): Illuminate\\Pipeline\\Pipeline->Illuminate\\Pipeline\\{closure}(Object(Illuminate\\Http\\Request))
#73 D:\\Project\\Techsense\\vendor\\laravel\\framework\\src\\Illuminate\\Foundation\\Http\\Kernel.php(165): Illuminate\\Pipeline\\Pipeline->then(Object(Closure))
#74 D:\\Project\\Techsense\\vendor\\laravel\\framework\\src\\Illuminate\\Foundation\\Http\\Kernel.php(134): Illuminate\\Foundation\\Http\\Kernel->sendRequestThroughRouter(Object(Illuminate\\Http\\Request))
#75 D:\\Project\\Techsense\\public\\index.php(51): Illuminate\\Foundation\\Http\\Kernel->handle(Object(Illuminate\\Http\\Request))
#76 D:\\Project\\Techsense\\vendor\\laravel\\framework\\src\\Illuminate\\Foundation\\resources\\server.php(16): require_once('D:\\\\Project\\\\Tech...')
#77 {main}
"} 
[2025-09-21 13:04:36] live.ERROR: SQLSTATE[42S22]: Column not found: 1054 Unknown column 'transactions.due_countdown' in 'where clause' (SQL: select count(*) as aggregate from (select `transactions`.`id`, `transactions`.`transaction_date`, `transactions`.`type`, `transactions`.`is_direct_sale`, `transactions`.`invoice_no`, `agent_transactions`.`tracking_no`, `transactions`.`invoice_no` as `invoice_no_text`, `contacts`.`name`, `contacts`.`mobile`, `contacts`.`contact_id`, `contacts`.`supplier_business_name`, `transactions`.`status`, `transactions`.`payment_status`, `transactions`.`final_total`, `transactions`.`tax_amount`, `transactions`.`discount_amount`, `transactions`.`discount_type`, `transactions`.`total_before_tax`, `transactions`.`rp_redeemed`, `transactions`.`rp_redeemed_amount`, `transactions`.`rp_earned`, `transactions`.`types_of_service_id`, `transactions`.`shipping_status`, `transactions`.`delivery_date`, `transactions`.`pay_term_number`, `transactions`.`pay_term_type`, `transactions`.`additional_notes`, `transactions`.`staff_note`, `transactions`.`shipping_details`, `transactions`.`document`, `transactions`.`shipping_custom_field_1`, `transactions`.`shipping_custom_field_2`, `transactions`.`shipping_custom_field_3`, `transactions`.`shipping_custom_field_4`, `transactions`.`shipping_custom_field_5`, `transactions`.`custom_field_1`, `transactions`.`custom_field_2`, `transactions`.`custom_field_3`, `transactions`.`custom_field_4`, DATE_FORMAT(transactions.transaction_date, "%Y/%m/%d") as sale_date, CONCAT(COALESCE(u.surname, ''),' ',COALESCE(u.first_name, ''),' ',COALESCE(u.last_name,'')) as added_by, (SELECT SUM(IF(TP.is_return = 1,-1*TP.amount,TP.amount)) FROM transaction_payments AS TP WHERE
                        TP.transaction_id=transactions.id) as total_paid, `bl`.`name` as `business_location`, COUNT(SR.id) as return_exists, (SELECT SUM(TP2.amount) FROM transaction_payments AS TP2 WHERE
                        TP2.transaction_id=SR.id ) as return_paid, COALESCE(SR.final_total, 0) as amount_return, `SR`.`id` as `return_transaction_id`, `tos`.`name` as `types_of_service_name`, `transactions`.`service_custom_field_1`, COUNT( DISTINCT tsl.id) as total_items, CONCAT(COALESCE(ss.surname, ''),' ',COALESCE(ss.first_name, ''),' ',COALESCE(ss.last_name,'')) as waiter, `tables`.`name` as `table_name`, SUM(tsl.quantity - tsl.so_quantity_invoiced) as so_qty_remaining, `transactions`.`is_export`, CONCAT(COALESCE(dp.surname, ''),' ',COALESCE(dp.first_name, ''),' ',COALESCE(dp.last_name,'')) as delivery_person from `transactions` left join `contacts` on `transactions`.`contact_id` = `contacts`.`id` left join `transaction_sell_lines` as `tsl` on `transactions`.`id` = `tsl`.`transaction_id` and `tsl`.`parent_sell_line_id` is null left join `users` as `u` on `transactions`.`created_by` = `u`.`id` left join `users` as `ss` on `transactions`.`res_waiter_id` = `ss`.`id` left join `users` as `dp` on `transactions`.`delivery_person` = `dp`.`id` left join `res_tables` as `tables` on `transactions`.`res_table_id` = `tables`.`id` left join `agent_transactions` on `transactions`.`invoice_no` = `agent_transactions`.`invoice_no` inner join `business_locations` as `bl` on `transactions`.`location_id` = `bl`.`id` left join `transactions` as `SR` on `transactions`.`id` = `SR`.`return_parent_id` left join `types_of_services` as `tos` on `transactions`.`types_of_service_id` = `tos`.`id` where `transactions`.`business_id` = 1 and `transactions`.`type` = sell and `transactions`.`status` = final and date(`transactions`.`transaction_date`) >= 2025-01-01 and date(`transactions`.`transaction_date`) <= 2025-12-31 and (LOWER(`transactions`.`transaction_date`) LIKE %865% or LOWER(`transactions`.`invoice_no`) LIKE %865% or ((`contacts`.`name` like %865% or `contacts`.`supplier_business_name` like %865%)) or LOWER(`contacts`.`mobile`) LIKE %865% or LOWER(`transactions`.`payment_status`) LIKE %865% or LOWER(`transactions`.`final_total`) LIKE %865% or LOWER(`transactions`.`shipping_status`) LIKE %865% or LOWER(`transactions`.`delivery_date`) LIKE %865% or LOWER(`transactions`.`due_countdown`) LIKE %865% or LOWER(`tos`.`name`) LIKE %865% or LOWER(`transactions`.`service_custom_field_1`) LIKE %865% or LOWER(`transactions`.`custom_field_1`) LIKE %865% or LOWER(`transactions`.`custom_field_2`) LIKE %865% or LOWER(`transactions`.`custom_field_3`) LIKE %865% or LOWER(`transactions`.`custom_field_4`) LIKE %865% or LOWER(`u`.`first_name`) LIKE %865% or LOWER(`transactions`.`additional_notes`) LIKE %865% or LOWER(`tables`.`name`) LIKE %865% or LOWER(`ss`.`first_name`) LIKE %865%) group by `transactions`.`id`) count_row_table) {"userId":1,"exception":"[object] (Illuminate\\Database\\QueryException(code: 42S22): SQLSTATE[42S22]: Column not found: 1054 Unknown column 'transactions.due_countdown' in 'where clause' (SQL: select count(*) as aggregate from (select `transactions`.`id`, `transactions`.`transaction_date`, `transactions`.`type`, `transactions`.`is_direct_sale`, `transactions`.`invoice_no`, `agent_transactions`.`tracking_no`, `transactions`.`invoice_no` as `invoice_no_text`, `contacts`.`name`, `contacts`.`mobile`, `contacts`.`contact_id`, `contacts`.`supplier_business_name`, `transactions`.`status`, `transactions`.`payment_status`, `transactions`.`final_total`, `transactions`.`tax_amount`, `transactions`.`discount_amount`, `transactions`.`discount_type`, `transactions`.`total_before_tax`, `transactions`.`rp_redeemed`, `transactions`.`rp_redeemed_amount`, `transactions`.`rp_earned`, `transactions`.`types_of_service_id`, `transactions`.`shipping_status`, `transactions`.`delivery_date`, `transactions`.`pay_term_number`, `transactions`.`pay_term_type`, `transactions`.`additional_notes`, `transactions`.`staff_note`, `transactions`.`shipping_details`, `transactions`.`document`, `transactions`.`shipping_custom_field_1`, `transactions`.`shipping_custom_field_2`, `transactions`.`shipping_custom_field_3`, `transactions`.`shipping_custom_field_4`, `transactions`.`shipping_custom_field_5`, `transactions`.`custom_field_1`, `transactions`.`custom_field_2`, `transactions`.`custom_field_3`, `transactions`.`custom_field_4`, DATE_FORMAT(transactions.transaction_date, \"%Y/%m/%d\") as sale_date, CONCAT(COALESCE(u.surname, ''),' ',COALESCE(u.first_name, ''),' ',COALESCE(u.last_name,'')) as added_by, (SELECT SUM(IF(TP.is_return = 1,-1*TP.amount,TP.amount)) FROM transaction_payments AS TP WHERE

                        TP.transaction_id=transactions.id) as total_paid, `bl`.`name` as `business_location`, COUNT(SR.id) as return_exists, (SELECT SUM(TP2.amount) FROM transaction_payments AS TP2 WHERE

                        TP2.transaction_id=SR.id ) as return_paid, COALESCE(SR.final_total, 0) as amount_return, `SR`.`id` as `return_transaction_id`, `tos`.`name` as `types_of_service_name`, `transactions`.`service_custom_field_1`, COUNT( DISTINCT tsl.id) as total_items, CONCAT(COALESCE(ss.surname, ''),' ',COALESCE(ss.first_name, ''),' ',COALESCE(ss.last_name,'')) as waiter, `tables`.`name` as `table_name`, SUM(tsl.quantity - tsl.so_quantity_invoiced) as so_qty_remaining, `transactions`.`is_export`, CONCAT(COALESCE(dp.surname, ''),' ',COALESCE(dp.first_name, ''),' ',COALESCE(dp.last_name,'')) as delivery_person from `transactions` left join `contacts` on `transactions`.`contact_id` = `contacts`.`id` left join `transaction_sell_lines` as `tsl` on `transactions`.`id` = `tsl`.`transaction_id` and `tsl`.`parent_sell_line_id` is null left join `users` as `u` on `transactions`.`created_by` = `u`.`id` left join `users` as `ss` on `transactions`.`res_waiter_id` = `ss`.`id` left join `users` as `dp` on `transactions`.`delivery_person` = `dp`.`id` left join `res_tables` as `tables` on `transactions`.`res_table_id` = `tables`.`id` left join `agent_transactions` on `transactions`.`invoice_no` = `agent_transactions`.`invoice_no` inner join `business_locations` as `bl` on `transactions`.`location_id` = `bl`.`id` left join `transactions` as `SR` on `transactions`.`id` = `SR`.`return_parent_id` left join `types_of_services` as `tos` on `transactions`.`types_of_service_id` = `tos`.`id` where `transactions`.`business_id` = 1 and `transactions`.`type` = sell and `transactions`.`status` = final and date(`transactions`.`transaction_date`) >= 2025-01-01 and date(`transactions`.`transaction_date`) <= 2025-12-31 and (LOWER(`transactions`.`transaction_date`) LIKE %865% or LOWER(`transactions`.`invoice_no`) LIKE %865% or ((`contacts`.`name` like %865% or `contacts`.`supplier_business_name` like %865%)) or LOWER(`contacts`.`mobile`) LIKE %865% or LOWER(`transactions`.`payment_status`) LIKE %865% or LOWER(`transactions`.`final_total`) LIKE %865% or LOWER(`transactions`.`shipping_status`) LIKE %865% or LOWER(`transactions`.`delivery_date`) LIKE %865% or LOWER(`transactions`.`due_countdown`) LIKE %865% or LOWER(`tos`.`name`) LIKE %865% or LOWER(`transactions`.`service_custom_field_1`) LIKE %865% or LOWER(`transactions`.`custom_field_1`) LIKE %865% or LOWER(`transactions`.`custom_field_2`) LIKE %865% or LOWER(`transactions`.`custom_field_3`) LIKE %865% or LOWER(`transactions`.`custom_field_4`) LIKE %865% or LOWER(`u`.`first_name`) LIKE %865% or LOWER(`transactions`.`additional_notes`) LIKE %865% or LOWER(`tables`.`name`) LIKE %865% or LOWER(`ss`.`first_name`) LIKE %865%) group by `transactions`.`id`) count_row_table) at D:\\Project\\Techsense\\vendor\\laravel\\framework\\src\\Illuminate\\Database\\Connection.php:760)
[stacktrace]
#0 D:\\Project\\Techsense\\vendor\\laravel\\framework\\src\\Illuminate\\Database\\Connection.php(720): Illuminate\\Database\\Connection->runQueryCallback('select count(*)...', Array, Object(Closure))
#1 D:\\Project\\Techsense\\vendor\\laravel\\framework\\src\\Illuminate\\Database\\Connection.php(405): Illuminate\\Database\\Connection->run('select count(*)...', Array, Object(Closure))
#2 D:\\Project\\Techsense\\vendor\\laravel\\framework\\src\\Illuminate\\Database\\Query\\Builder.php(2705): Illuminate\\Database\\Connection->select('select count(*)...', Array, true)
#3 D:\\Project\\Techsense\\vendor\\laravel\\framework\\src\\Illuminate\\Database\\Query\\Builder.php(2694): Illuminate\\Database\\Query\\Builder->runSelect()
#4 D:\\Project\\Techsense\\vendor\\laravel\\framework\\src\\Illuminate\\Database\\Query\\Builder.php(3230): Illuminate\\Database\\Query\\Builder->Illuminate\\Database\\Query\\{closure}()
#5 D:\\Project\\Techsense\\vendor\\laravel\\framework\\src\\Illuminate\\Database\\Query\\Builder.php(2693): Illuminate\\Database\\Query\\Builder->onceWithColumns(Array, Object(Closure))
#6 D:\\Project\\Techsense\\vendor\\laravel\\framework\\src\\Illuminate\\Database\\Query\\Builder.php(3157): Illuminate\\Database\\Query\\Builder->get(Array)
#7 D:\\Project\\Techsense\\vendor\\laravel\\framework\\src\\Illuminate\\Database\\Query\\Builder.php(3085): Illuminate\\Database\\Query\\Builder->aggregate('count', Array)
#8 D:\\Project\\Techsense\\vendor\\yajra\\laravel-datatables-oracle\\src\\QueryDataTable.php(215): Illuminate\\Database\\Query\\Builder->count()
#9 D:\\Project\\Techsense\\vendor\\yajra\\laravel-datatables-oracle\\src\\QueryDataTable.php(200): Yajra\\DataTables\\QueryDataTable->count()
#10 D:\\Project\\Techsense\\vendor\\yajra\\laravel-datatables-oracle\\src\\DataTableAbstract.php(705): Yajra\\DataTables\\QueryDataTable->filteredCount()
#11 D:\\Project\\Techsense\\vendor\\yajra\\laravel-datatables-oracle\\src\\QueryDataTable.php(142): Yajra\\DataTables\\DataTableAbstract->filterRecords()
#12 D:\\Project\\Techsense\\vendor\\yajra\\laravel-datatables-oracle\\src\\QueryDataTable.php(99): Yajra\\DataTables\\QueryDataTable->prepareQuery()
#13 D:\\Project\\Techsense\\app\\Http\\Controllers\\SellController.php(601): Yajra\\DataTables\\QueryDataTable->make(true)
#14 D:\\Project\\Techsense\\vendor\\laravel\\framework\\src\\Illuminate\\Routing\\Controller.php(54): App\\Http\\Controllers\\SellController->index()
#15 D:\\Project\\Techsense\\vendor\\laravel\\framework\\src\\Illuminate\\Routing\\ControllerDispatcher.php(43): Illuminate\\Routing\\Controller->callAction('index', Array)
#16 D:\\Project\\Techsense\\vendor\\laravel\\framework\\src\\Illuminate\\Routing\\Route.php(259): Illuminate\\Routing\\ControllerDispatcher->dispatch(Object(Illuminate\\Routing\\Route), Object(App\\Http\\Controllers\\SellController), 'index')
#17 D:\\Project\\Techsense\\vendor\\laravel\\framework\\src\\Illuminate\\Routing\\Route.php(205): Illuminate\\Routing\\Route->runController()
#18 D:\\Project\\Techsense\\vendor\\laravel\\framework\\src\\Illuminate\\Routing\\Router.php(798): Illuminate\\Routing\\Route->run()
#19 D:\\Project\\Techsense\\vendor\\laravel\\framework\\src\\Illuminate\\Pipeline\\Pipeline.php(141): Illuminate\\Routing\\Router->Illuminate\\Routing\\{closure}(Object(Illuminate\\Http\\Request))
#20 D:\\Project\\Techsense\\app\\Http\\Middleware\\CheckUserLogin.php(22): Illuminate\\Pipeline\\Pipeline->Illuminate\\Pipeline\\{closure}(Object(Illuminate\\Http\\Request))
#21 D:\\Project\\Techsense\\vendor\\laravel\\framework\\src\\Illuminate\\Pipeline\\Pipeline.php(180): App\\Http\\Middleware\\CheckUserLogin->handle(Object(Illuminate\\Http\\Request), Object(Closure))
#22 D:\\Project\\Techsense\\app\\Http\\Middleware\\AdminSidebarMenu.php(21): Illuminate\\Pipeline\\Pipeline->Illuminate\\Pipeline\\{closure}(Object(Illuminate\\Http\\Request))
#23 D:\\Project\\Techsense\\vendor\\laravel\\framework\\src\\Illuminate\\Pipeline\\Pipeline.php(180): App\\Http\\Middleware\\AdminSidebarMenu->handle(Object(Illuminate\\Http\\Request), Object(Closure))
#24 D:\\Project\\Techsense\\app\\Http\\Middleware\\Timezone.php(30): Illuminate\\Pipeline\\Pipeline->Illuminate\\Pipeline\\{closure}(Object(Illuminate\\Http\\Request))
#25 D:\\Project\\Techsense\\vendor\\laravel\\framework\\src\\Illuminate\\Pipeline\\Pipeline.php(180): App\\Http\\Middleware\\Timezone->handle(Object(Illuminate\\Http\\Request), Object(Closure))
#26 D:\\Project\\Techsense\\app\\Http\\Middleware\\Language.php(25): Illuminate\\Pipeline\\Pipeline->Illuminate\\Pipeline\\{closure}(Object(Illuminate\\Http\\Request))
#27 D:\\Project\\Techsense\\vendor\\laravel\\framework\\src\\Illuminate\\Pipeline\\Pipeline.php(180): App\\Http\\Middleware\\Language->handle(Object(Illuminate\\Http\\Request), Object(Closure))
#28 D:\\Project\\Techsense\\app\\Http\\Middleware\\SetSessionData.php(52): Illuminate\\Pipeline\\Pipeline->Illuminate\\Pipeline\\{closure}(Object(Illuminate\\Http\\Request))
#29 D:\\Project\\Techsense\\vendor\\laravel\\framework\\src\\Illuminate\\Pipeline\\Pipeline.php(180): App\\Http\\Middleware\\SetSessionData->handle(Object(Illuminate\\Http\\Request), Object(Closure))
#30 D:\\Project\\Techsense\\app\\Http\\Middleware\\IsInstalled.php(50): Illuminate\\Pipeline\\Pipeline->Illuminate\\Pipeline\\{closure}(Object(Illuminate\\Http\\Request))
#31 D:\\Project\\Techsense\\vendor\\laravel\\framework\\src\\Illuminate\\Pipeline\\Pipeline.php(180): App\\Http\\Middleware\\IsInstalled->handle(Object(Illuminate\\Http\\Request), Object(Closure))
#32 D:\\Project\\Techsense\\vendor\\laravel\\framework\\src\\Illuminate\\Routing\\Middleware\\SubstituteBindings.php(50): Illuminate\\Pipeline\\Pipeline->Illuminate\\Pipeline\\{closure}(Object(Illuminate\\Http\\Request))
#33 D:\\Project\\Techsense\\vendor\\laravel\\framework\\src\\Illuminate\\Pipeline\\Pipeline.php(180): Illuminate\\Routing\\Middleware\\SubstituteBindings->handle(Object(Illuminate\\Http\\Request), Object(Closure))
#34 D:\\Project\\Techsense\\vendor\\laravel\\framework\\src\\Illuminate\\Auth\\Middleware\\Authenticate.php(44): Illuminate\\Pipeline\\Pipeline->Illuminate\\Pipeline\\{closure}(Object(Illuminate\\Http\\Request))
#35 D:\\Project\\Techsense\\vendor\\laravel\\framework\\src\\Illuminate\\Pipeline\\Pipeline.php(180): Illuminate\\Auth\\Middleware\\Authenticate->handle(Object(Illuminate\\Http\\Request), Object(Closure))
#36 D:\\Project\\Techsense\\vendor\\laravel\\framework\\src\\Illuminate\\Foundation\\Http\\Middleware\\VerifyCsrfToken.php(78): Illuminate\\Pipeline\\Pipeline->Illuminate\\Pipeline\\{closure}(Object(Illuminate\\Http\\Request))
#37 D:\\Project\\Techsense\\vendor\\laravel\\framework\\src\\Illuminate\\Pipeline\\Pipeline.php(180): Illuminate\\Foundation\\Http\\Middleware\\VerifyCsrfToken->handle(Object(Illuminate\\Http\\Request), Object(Closure))
#38 D:\\Project\\Techsense\\vendor\\laravel\\framework\\src\\Illuminate\\View\\Middleware\\ShareErrorsFromSession.php(49): Illuminate\\Pipeline\\Pipeline->Illuminate\\Pipeline\\{closure}(Object(Illuminate\\Http\\Request))
#39 D:\\Project\\Techsense\\vendor\\laravel\\framework\\src\\Illuminate\\Pipeline\\Pipeline.php(180): Illuminate\\View\\Middleware\\ShareErrorsFromSession->handle(Object(Illuminate\\Http\\Request), Object(Closure))
#40 D:\\Project\\Techsense\\vendor\\laravel\\framework\\src\\Illuminate\\Session\\Middleware\\StartSession.php(121): Illuminate\\Pipeline\\Pipeline->Illuminate\\Pipeline\\{closure}(Object(Illuminate\\Http\\Request))
#41 D:\\Project\\Techsense\\vendor\\laravel\\framework\\src\\Illuminate\\Session\\Middleware\\StartSession.php(64): Illuminate\\Session\\Middleware\\StartSession->handleStatefulRequest(Object(Illuminate\\Http\\Request), Object(Illuminate\\Session\\Store), Object(Closure))
#42 D:\\Project\\Techsense\\vendor\\laravel\\framework\\src\\Illuminate\\Pipeline\\Pipeline.php(180): Illuminate\\Session\\Middleware\\StartSession->handle(Object(Illuminate\\Http\\Request), Object(Closure))
#43 D:\\Project\\Techsense\\vendor\\laravel\\framework\\src\\Illuminate\\Cookie\\Middleware\\AddQueuedCookiesToResponse.php(37): Illuminate\\Pipeline\\Pipeline->Illuminate\\Pipeline\\{closure}(Object(Illuminate\\Http\\Request))
#44 D:\\Project\\Techsense\\vendor\\laravel\\framework\\src\\Illuminate\\Pipeline\\Pipeline.php(180): Illuminate\\Cookie\\Middleware\\AddQueuedCookiesToResponse->handle(Object(Illuminate\\Http\\Request), Object(Closure))
#45 D:\\Project\\Techsense\\vendor\\laravel\\framework\\src\\Illuminate\\Cookie\\Middleware\\EncryptCookies.php(67): Illuminate\\Pipeline\\Pipeline->Illuminate\\Pipeline\\{closure}(Object(Illuminate\\Http\\Request))
#46 D:\\Project\\Techsense\\vendor\\laravel\\framework\\src\\Illuminate\\Pipeline\\Pipeline.php(180): Illuminate\\Cookie\\Middleware\\EncryptCookies->handle(Object(Illuminate\\Http\\Request), Object(Closure))
#47 D:\\Project\\Techsense\\vendor\\laravel\\framework\\src\\Illuminate\\Pipeline\\Pipeline.php(116): Illuminate\\Pipeline\\Pipeline->Illuminate\\Pipeline\\{closure}(Object(Illuminate\\Http\\Request))
#48 D:\\Project\\Techsense\\vendor\\laravel\\framework\\src\\Illuminate\\Routing\\Router.php(797): Illuminate\\Pipeline\\Pipeline->then(Object(Closure))
#49 D:\\Project\\Techsense\\vendor\\laravel\\framework\\src\\Illuminate\\Routing\\Router.php(776): Illuminate\\Routing\\Router->runRouteWithinStack(Object(Illuminate\\Routing\\Route), Object(Illuminate\\Http\\Request))
#50 D:\\Project\\Techsense\\vendor\\laravel\\framework\\src\\Illuminate\\Routing\\Router.php(740): Illuminate\\Routing\\Router->runRoute(Object(Illuminate\\Http\\Request), Object(Illuminate\\Routing\\Route))
#51 D:\\Project\\Techsense\\vendor\\laravel\\framework\\src\\Illuminate\\Routing\\Router.php(729): Illuminate\\Routing\\Router->dispatchToRoute(Object(Illuminate\\Http\\Request))
#52 D:\\Project\\Techsense\\vendor\\laravel\\framework\\src\\Illuminate\\Foundation\\Http\\Kernel.php(190): Illuminate\\Routing\\Router->dispatch(Object(Illuminate\\Http\\Request))
#53 D:\\Project\\Techsense\\vendor\\laravel\\framework\\src\\Illuminate\\Pipeline\\Pipeline.php(141): Illuminate\\Foundation\\Http\\Kernel->Illuminate\\Foundation\\Http\\{closure}(Object(Illuminate\\Http\\Request))
#54 D:\\Project\\Techsense\\vendor\\barryvdh\\laravel-debugbar\\src\\Middleware\\InjectDebugbar.php(59): Illuminate\\Pipeline\\Pipeline->Illuminate\\Pipeline\\{closure}(Object(Illuminate\\Http\\Request))
#55 D:\\Project\\Techsense\\vendor\\laravel\\framework\\src\\Illuminate\\Pipeline\\Pipeline.php(180): Barryvdh\\Debugbar\\Middleware\\InjectDebugbar->handle(Object(Illuminate\\Http\\Request), Object(Closure))
#56 D:\\Project\\Techsense\\vendor\\laravel\\framework\\src\\Illuminate\\Foundation\\Http\\Middleware\\TransformsRequest.php(21): Illuminate\\Pipeline\\Pipeline->Illuminate\\Pipeline\\{closure}(Object(Illuminate\\Http\\Request))
#57 D:\\Project\\Techsense\\vendor\\laravel\\framework\\src\\Illuminate\\Foundation\\Http\\Middleware\\ConvertEmptyStringsToNull.php(31): Illuminate\\Foundation\\Http\\Middleware\\TransformsRequest->handle(Object(Illuminate\\Http\\Request), Object(Closure))
#58 D:\\Project\\Techsense\\vendor\\laravel\\framework\\src\\Illuminate\\Pipeline\\Pipeline.php(180): Illuminate\\Foundation\\Http\\Middleware\\ConvertEmptyStringsToNull->handle(Object(Illuminate\\Http\\Request), Object(Closure))
#59 D:\\Project\\Techsense\\vendor\\laravel\\framework\\src\\Illuminate\\Foundation\\Http\\Middleware\\TransformsRequest.php(21): Illuminate\\Pipeline\\Pipeline->Illuminate\\Pipeline\\{closure}(Object(Illuminate\\Http\\Request))
#60 D:\\Project\\Techsense\\vendor\\laravel\\framework\\src\\Illuminate\\Foundation\\Http\\Middleware\\TrimStrings.php(40): Illuminate\\Foundation\\Http\\Middleware\\TransformsRequest->handle(Object(Illuminate\\Http\\Request), Object(Closure))
#61 D:\\Project\\Techsense\\vendor\\laravel\\framework\\src\\Illuminate\\Pipeline\\Pipeline.php(180): Illuminate\\Foundation\\Http\\Middleware\\TrimStrings->handle(Object(Illuminate\\Http\\Request), Object(Closure))
#62 D:\\Project\\Techsense\\vendor\\laravel\\framework\\src\\Illuminate\\Foundation\\Http\\Middleware\\ValidatePostSize.php(27): Illuminate\\Pipeline\\Pipeline->Illuminate\\Pipeline\\{closure}(Object(Illuminate\\Http\\Request))
#63 D:\\Project\\Techsense\\vendor\\laravel\\framework\\src\\Illuminate\\Pipeline\\Pipeline.php(180): Illuminate\\Foundation\\Http\\Middleware\\ValidatePostSize->handle(Object(Illuminate\\Http\\Request), Object(Closure))
#64 D:\\Project\\Techsense\\vendor\\laravel\\framework\\src\\Illuminate\\Foundation\\Http\\Middleware\\PreventRequestsDuringMaintenance.php(86): Illuminate\\Pipeline\\Pipeline->Illuminate\\Pipeline\\{closure}(Object(Illuminate\\Http\\Request))
#65 D:\\Project\\Techsense\\vendor\\laravel\\framework\\src\\Illuminate\\Pipeline\\Pipeline.php(180): Illuminate\\Foundation\\Http\\Middleware\\PreventRequestsDuringMaintenance->handle(Object(Illuminate\\Http\\Request), Object(Closure))
#66 D:\\Project\\Techsense\\vendor\\laravel\\framework\\src\\Illuminate\\Http\\Middleware\\HandleCors.php(49): Illuminate\\Pipeline\\Pipeline->Illuminate\\Pipeline\\{closure}(Object(Illuminate\\Http\\Request))
#67 D:\\Project\\Techsense\\vendor\\laravel\\framework\\src\\Illuminate\\Pipeline\\Pipeline.php(180): Illuminate\\Http\\Middleware\\HandleCors->handle(Object(Illuminate\\Http\\Request), Object(Closure))
#68 D:\\Project\\Techsense\\vendor\\laravel\\framework\\src\\Illuminate\\Http\\Middleware\\TrustProxies.php(39): Illuminate\\Pipeline\\Pipeline->Illuminate\\Pipeline\\{closure}(Object(Illuminate\\Http\\Request))
#69 D:\\Project\\Techsense\\vendor\\laravel\\framework\\src\\Illuminate\\Pipeline\\Pipeline.php(180): Illuminate\\Http\\Middleware\\TrustProxies->handle(Object(Illuminate\\Http\\Request), Object(Closure))
#70 D:\\Project\\Techsense\\vendor\\laravel\\framework\\src\\Illuminate\\Pipeline\\Pipeline.php(116): Illuminate\\Pipeline\\Pipeline->Illuminate\\Pipeline\\{closure}(Object(Illuminate\\Http\\Request))
#71 D:\\Project\\Techsense\\vendor\\laravel\\framework\\src\\Illuminate\\Foundation\\Http\\Kernel.php(165): Illuminate\\Pipeline\\Pipeline->then(Object(Closure))
#72 D:\\Project\\Techsense\\vendor\\laravel\\framework\\src\\Illuminate\\Foundation\\Http\\Kernel.php(134): Illuminate\\Foundation\\Http\\Kernel->sendRequestThroughRouter(Object(Illuminate\\Http\\Request))
#73 D:\\Project\\Techsense\\public\\index.php(51): Illuminate\\Foundation\\Http\\Kernel->handle(Object(Illuminate\\Http\\Request))
#74 D:\\Project\\Techsense\\vendor\\laravel\\framework\\src\\Illuminate\\Foundation\\resources\\server.php(16): require_once('D:\\\\Project\\\\Tech...')
#75 {main}

[previous exception] [object] (PDOException(code: 42S22): SQLSTATE[42S22]: Column not found: 1054 Unknown column 'transactions.due_countdown' in 'where clause' at D:\\Project\\Techsense\\vendor\\laravel\\framework\\src\\Illuminate\\Database\\Connection.php:414)
[stacktrace]
#0 D:\\Project\\Techsense\\vendor\\laravel\\framework\\src\\Illuminate\\Database\\Connection.php(414): PDO->prepare('select count(*)...')
#1 D:\\Project\\Techsense\\vendor\\laravel\\framework\\src\\Illuminate\\Database\\Connection.php(753): Illuminate\\Database\\Connection->Illuminate\\Database\\{closure}('select count(*)...', Array)
#2 D:\\Project\\Techsense\\vendor\\laravel\\framework\\src\\Illuminate\\Database\\Connection.php(720): Illuminate\\Database\\Connection->runQueryCallback('select count(*)...', Array, Object(Closure))
#3 D:\\Project\\Techsense\\vendor\\laravel\\framework\\src\\Illuminate\\Database\\Connection.php(405): Illuminate\\Database\\Connection->run('select count(*)...', Array, Object(Closure))
#4 D:\\Project\\Techsense\\vendor\\laravel\\framework\\src\\Illuminate\\Database\\Query\\Builder.php(2705): Illuminate\\Database\\Connection->select('select count(*)...', Array, true)
#5 D:\\Project\\Techsense\\vendor\\laravel\\framework\\src\\Illuminate\\Database\\Query\\Builder.php(2694): Illuminate\\Database\\Query\\Builder->runSelect()
#6 D:\\Project\\Techsense\\vendor\\laravel\\framework\\src\\Illuminate\\Database\\Query\\Builder.php(3230): Illuminate\\Database\\Query\\Builder->Illuminate\\Database\\Query\\{closure}()
#7 D:\\Project\\Techsense\\vendor\\laravel\\framework\\src\\Illuminate\\Database\\Query\\Builder.php(2693): Illuminate\\Database\\Query\\Builder->onceWithColumns(Array, Object(Closure))
#8 D:\\Project\\Techsense\\vendor\\laravel\\framework\\src\\Illuminate\\Database\\Query\\Builder.php(3157): Illuminate\\Database\\Query\\Builder->get(Array)
#9 D:\\Project\\Techsense\\vendor\\laravel\\framework\\src\\Illuminate\\Database\\Query\\Builder.php(3085): Illuminate\\Database\\Query\\Builder->aggregate('count', Array)
#10 D:\\Project\\Techsense\\vendor\\yajra\\laravel-datatables-oracle\\src\\QueryDataTable.php(215): Illuminate\\Database\\Query\\Builder->count()
#11 D:\\Project\\Techsense\\vendor\\yajra\\laravel-datatables-oracle\\src\\QueryDataTable.php(200): Yajra\\DataTables\\QueryDataTable->count()
#12 D:\\Project\\Techsense\\vendor\\yajra\\laravel-datatables-oracle\\src\\DataTableAbstract.php(705): Yajra\\DataTables\\QueryDataTable->filteredCount()
#13 D:\\Project\\Techsense\\vendor\\yajra\\laravel-datatables-oracle\\src\\QueryDataTable.php(142): Yajra\\DataTables\\DataTableAbstract->filterRecords()
#14 D:\\Project\\Techsense\\vendor\\yajra\\laravel-datatables-oracle\\src\\QueryDataTable.php(99): Yajra\\DataTables\\QueryDataTable->prepareQuery()
#15 D:\\Project\\Techsense\\app\\Http\\Controllers\\SellController.php(601): Yajra\\DataTables\\QueryDataTable->make(true)
#16 D:\\Project\\Techsense\\vendor\\laravel\\framework\\src\\Illuminate\\Routing\\Controller.php(54): App\\Http\\Controllers\\SellController->index()
#17 D:\\Project\\Techsense\\vendor\\laravel\\framework\\src\\Illuminate\\Routing\\ControllerDispatcher.php(43): Illuminate\\Routing\\Controller->callAction('index', Array)
#18 D:\\Project\\Techsense\\vendor\\laravel\\framework\\src\\Illuminate\\Routing\\Route.php(259): Illuminate\\Routing\\ControllerDispatcher->dispatch(Object(Illuminate\\Routing\\Route), Object(App\\Http\\Controllers\\SellController), 'index')
#19 D:\\Project\\Techsense\\vendor\\laravel\\framework\\src\\Illuminate\\Routing\\Route.php(205): Illuminate\\Routing\\Route->runController()
#20 D:\\Project\\Techsense\\vendor\\laravel\\framework\\src\\Illuminate\\Routing\\Router.php(798): Illuminate\\Routing\\Route->run()
#21 D:\\Project\\Techsense\\vendor\\laravel\\framework\\src\\Illuminate\\Pipeline\\Pipeline.php(141): Illuminate\\Routing\\Router->Illuminate\\Routing\\{closure}(Object(Illuminate\\Http\\Request))
#22 D:\\Project\\Techsense\\app\\Http\\Middleware\\CheckUserLogin.php(22): Illuminate\\Pipeline\\Pipeline->Illuminate\\Pipeline\\{closure}(Object(Illuminate\\Http\\Request))
#23 D:\\Project\\Techsense\\vendor\\laravel\\framework\\src\\Illuminate\\Pipeline\\Pipeline.php(180): App\\Http\\Middleware\\CheckUserLogin->handle(Object(Illuminate\\Http\\Request), Object(Closure))
#24 D:\\Project\\Techsense\\app\\Http\\Middleware\\AdminSidebarMenu.php(21): Illuminate\\Pipeline\\Pipeline->Illuminate\\Pipeline\\{closure}(Object(Illuminate\\Http\\Request))
#25 D:\\Project\\Techsense\\vendor\\laravel\\framework\\src\\Illuminate\\Pipeline\\Pipeline.php(180): App\\Http\\Middleware\\AdminSidebarMenu->handle(Object(Illuminate\\Http\\Request), Object(Closure))
#26 D:\\Project\\Techsense\\app\\Http\\Middleware\\Timezone.php(30): Illuminate\\Pipeline\\Pipeline->Illuminate\\Pipeline\\{closure}(Object(Illuminate\\Http\\Request))
#27 D:\\Project\\Techsense\\vendor\\laravel\\framework\\src\\Illuminate\\Pipeline\\Pipeline.php(180): App\\Http\\Middleware\\Timezone->handle(Object(Illuminate\\Http\\Request), Object(Closure))
#28 D:\\Project\\Techsense\\app\\Http\\Middleware\\Language.php(25): Illuminate\\Pipeline\\Pipeline->Illuminate\\Pipeline\\{closure}(Object(Illuminate\\Http\\Request))
#29 D:\\Project\\Techsense\\vendor\\laravel\\framework\\src\\Illuminate\\Pipeline\\Pipeline.php(180): App\\Http\\Middleware\\Language->handle(Object(Illuminate\\Http\\Request), Object(Closure))
#30 D:\\Project\\Techsense\\app\\Http\\Middleware\\SetSessionData.php(52): Illuminate\\Pipeline\\Pipeline->Illuminate\\Pipeline\\{closure}(Object(Illuminate\\Http\\Request))
#31 D:\\Project\\Techsense\\vendor\\laravel\\framework\\src\\Illuminate\\Pipeline\\Pipeline.php(180): App\\Http\\Middleware\\SetSessionData->handle(Object(Illuminate\\Http\\Request), Object(Closure))
#32 D:\\Project\\Techsense\\app\\Http\\Middleware\\IsInstalled.php(50): Illuminate\\Pipeline\\Pipeline->Illuminate\\Pipeline\\{closure}(Object(Illuminate\\Http\\Request))
#33 D:\\Project\\Techsense\\vendor\\laravel\\framework\\src\\Illuminate\\Pipeline\\Pipeline.php(180): App\\Http\\Middleware\\IsInstalled->handle(Object(Illuminate\\Http\\Request), Object(Closure))
#34 D:\\Project\\Techsense\\vendor\\laravel\\framework\\src\\Illuminate\\Routing\\Middleware\\SubstituteBindings.php(50): Illuminate\\Pipeline\\Pipeline->Illuminate\\Pipeline\\{closure}(Object(Illuminate\\Http\\Request))
#35 D:\\Project\\Techsense\\vendor\\laravel\\framework\\src\\Illuminate\\Pipeline\\Pipeline.php(180): Illuminate\\Routing\\Middleware\\SubstituteBindings->handle(Object(Illuminate\\Http\\Request), Object(Closure))
#36 D:\\Project\\Techsense\\vendor\\laravel\\framework\\src\\Illuminate\\Auth\\Middleware\\Authenticate.php(44): Illuminate\\Pipeline\\Pipeline->Illuminate\\Pipeline\\{closure}(Object(Illuminate\\Http\\Request))
#37 D:\\Project\\Techsense\\vendor\\laravel\\framework\\src\\Illuminate\\Pipeline\\Pipeline.php(180): Illuminate\\Auth\\Middleware\\Authenticate->handle(Object(Illuminate\\Http\\Request), Object(Closure))
#38 D:\\Project\\Techsense\\vendor\\laravel\\framework\\src\\Illuminate\\Foundation\\Http\\Middleware\\VerifyCsrfToken.php(78): Illuminate\\Pipeline\\Pipeline->Illuminate\\Pipeline\\{closure}(Object(Illuminate\\Http\\Request))
#39 D:\\Project\\Techsense\\vendor\\laravel\\framework\\src\\Illuminate\\Pipeline\\Pipeline.php(180): Illuminate\\Foundation\\Http\\Middleware\\VerifyCsrfToken->handle(Object(Illuminate\\Http\\Request), Object(Closure))
#40 D:\\Project\\Techsense\\vendor\\laravel\\framework\\src\\Illuminate\\View\\Middleware\\ShareErrorsFromSession.php(49): Illuminate\\Pipeline\\Pipeline->Illuminate\\Pipeline\\{closure}(Object(Illuminate\\Http\\Request))
#41 D:\\Project\\Techsense\\vendor\\laravel\\framework\\src\\Illuminate\\Pipeline\\Pipeline.php(180): Illuminate\\View\\Middleware\\ShareErrorsFromSession->handle(Object(Illuminate\\Http\\Request), Object(Closure))
#42 D:\\Project\\Techsense\\vendor\\laravel\\framework\\src\\Illuminate\\Session\\Middleware\\StartSession.php(121): Illuminate\\Pipeline\\Pipeline->Illuminate\\Pipeline\\{closure}(Object(Illuminate\\Http\\Request))
#43 D:\\Project\\Techsense\\vendor\\laravel\\framework\\src\\Illuminate\\Session\\Middleware\\StartSession.php(64): Illuminate\\Session\\Middleware\\StartSession->handleStatefulRequest(Object(Illuminate\\Http\\Request), Object(Illuminate\\Session\\Store), Object(Closure))
#44 D:\\Project\\Techsense\\vendor\\laravel\\framework\\src\\Illuminate\\Pipeline\\Pipeline.php(180): Illuminate\\Session\\Middleware\\StartSession->handle(Object(Illuminate\\Http\\Request), Object(Closure))
#45 D:\\Project\\Techsense\\vendor\\laravel\\framework\\src\\Illuminate\\Cookie\\Middleware\\AddQueuedCookiesToResponse.php(37): Illuminate\\Pipeline\\Pipeline->Illuminate\\Pipeline\\{closure}(Object(Illuminate\\Http\\Request))
#46 D:\\Project\\Techsense\\vendor\\laravel\\framework\\src\\Illuminate\\Pipeline\\Pipeline.php(180): Illuminate\\Cookie\\Middleware\\AddQueuedCookiesToResponse->handle(Object(Illuminate\\Http\\Request), Object(Closure))
#47 D:\\Project\\Techsense\\vendor\\laravel\\framework\\src\\Illuminate\\Cookie\\Middleware\\EncryptCookies.php(67): Illuminate\\Pipeline\\Pipeline->Illuminate\\Pipeline\\{closure}(Object(Illuminate\\Http\\Request))
#48 D:\\Project\\Techsense\\vendor\\laravel\\framework\\src\\Illuminate\\Pipeline\\Pipeline.php(180): Illuminate\\Cookie\\Middleware\\EncryptCookies->handle(Object(Illuminate\\Http\\Request), Object(Closure))
#49 D:\\Project\\Techsense\\vendor\\laravel\\framework\\src\\Illuminate\\Pipeline\\Pipeline.php(116): Illuminate\\Pipeline\\Pipeline->Illuminate\\Pipeline\\{closure}(Object(Illuminate\\Http\\Request))
#50 D:\\Project\\Techsense\\vendor\\laravel\\framework\\src\\Illuminate\\Routing\\Router.php(797): Illuminate\\Pipeline\\Pipeline->then(Object(Closure))
#51 D:\\Project\\Techsense\\vendor\\laravel\\framework\\src\\Illuminate\\Routing\\Router.php(776): Illuminate\\Routing\\Router->runRouteWithinStack(Object(Illuminate\\Routing\\Route), Object(Illuminate\\Http\\Request))
#52 D:\\Project\\Techsense\\vendor\\laravel\\framework\\src\\Illuminate\\Routing\\Router.php(740): Illuminate\\Routing\\Router->runRoute(Object(Illuminate\\Http\\Request), Object(Illuminate\\Routing\\Route))
#53 D:\\Project\\Techsense\\vendor\\laravel\\framework\\src\\Illuminate\\Routing\\Router.php(729): Illuminate\\Routing\\Router->dispatchToRoute(Object(Illuminate\\Http\\Request))
#54 D:\\Project\\Techsense\\vendor\\laravel\\framework\\src\\Illuminate\\Foundation\\Http\\Kernel.php(190): Illuminate\\Routing\\Router->dispatch(Object(Illuminate\\Http\\Request))
#55 D:\\Project\\Techsense\\vendor\\laravel\\framework\\src\\Illuminate\\Pipeline\\Pipeline.php(141): Illuminate\\Foundation\\Http\\Kernel->Illuminate\\Foundation\\Http\\{closure}(Object(Illuminate\\Http\\Request))
#56 D:\\Project\\Techsense\\vendor\\barryvdh\\laravel-debugbar\\src\\Middleware\\InjectDebugbar.php(59): Illuminate\\Pipeline\\Pipeline->Illuminate\\Pipeline\\{closure}(Object(Illuminate\\Http\\Request))
#57 D:\\Project\\Techsense\\vendor\\laravel\\framework\\src\\Illuminate\\Pipeline\\Pipeline.php(180): Barryvdh\\Debugbar\\Middleware\\InjectDebugbar->handle(Object(Illuminate\\Http\\Request), Object(Closure))
#58 D:\\Project\\Techsense\\vendor\\laravel\\framework\\src\\Illuminate\\Foundation\\Http\\Middleware\\TransformsRequest.php(21): Illuminate\\Pipeline\\Pipeline->Illuminate\\Pipeline\\{closure}(Object(Illuminate\\Http\\Request))
#59 D:\\Project\\Techsense\\vendor\\laravel\\framework\\src\\Illuminate\\Foundation\\Http\\Middleware\\ConvertEmptyStringsToNull.php(31): Illuminate\\Foundation\\Http\\Middleware\\TransformsRequest->handle(Object(Illuminate\\Http\\Request), Object(Closure))
#60 D:\\Project\\Techsense\\vendor\\laravel\\framework\\src\\Illuminate\\Pipeline\\Pipeline.php(180): Illuminate\\Foundation\\Http\\Middleware\\ConvertEmptyStringsToNull->handle(Object(Illuminate\\Http\\Request), Object(Closure))
#61 D:\\Project\\Techsense\\vendor\\laravel\\framework\\src\\Illuminate\\Foundation\\Http\\Middleware\\TransformsRequest.php(21): Illuminate\\Pipeline\\Pipeline->Illuminate\\Pipeline\\{closure}(Object(Illuminate\\Http\\Request))
#62 D:\\Project\\Techsense\\vendor\\laravel\\framework\\src\\Illuminate\\Foundation\\Http\\Middleware\\TrimStrings.php(40): Illuminate\\Foundation\\Http\\Middleware\\TransformsRequest->handle(Object(Illuminate\\Http\\Request), Object(Closure))
#63 D:\\Project\\Techsense\\vendor\\laravel\\framework\\src\\Illuminate\\Pipeline\\Pipeline.php(180): Illuminate\\Foundation\\Http\\Middleware\\TrimStrings->handle(Object(Illuminate\\Http\\Request), Object(Closure))
#64 D:\\Project\\Techsense\\vendor\\laravel\\framework\\src\\Illuminate\\Foundation\\Http\\Middleware\\ValidatePostSize.php(27): Illuminate\\Pipeline\\Pipeline->Illuminate\\Pipeline\\{closure}(Object(Illuminate\\Http\\Request))
#65 D:\\Project\\Techsense\\vendor\\laravel\\framework\\src\\Illuminate\\Pipeline\\Pipeline.php(180): Illuminate\\Foundation\\Http\\Middleware\\ValidatePostSize->handle(Object(Illuminate\\Http\\Request), Object(Closure))
#66 D:\\Project\\Techsense\\vendor\\laravel\\framework\\src\\Illuminate\\Foundation\\Http\\Middleware\\PreventRequestsDuringMaintenance.php(86): Illuminate\\Pipeline\\Pipeline->Illuminate\\Pipeline\\{closure}(Object(Illuminate\\Http\\Request))
#67 D:\\Project\\Techsense\\vendor\\laravel\\framework\\src\\Illuminate\\Pipeline\\Pipeline.php(180): Illuminate\\Foundation\\Http\\Middleware\\PreventRequestsDuringMaintenance->handle(Object(Illuminate\\Http\\Request), Object(Closure))
#68 D:\\Project\\Techsense\\vendor\\laravel\\framework\\src\\Illuminate\\Http\\Middleware\\HandleCors.php(49): Illuminate\\Pipeline\\Pipeline->Illuminate\\Pipeline\\{closure}(Object(Illuminate\\Http\\Request))
#69 D:\\Project\\Techsense\\vendor\\laravel\\framework\\src\\Illuminate\\Pipeline\\Pipeline.php(180): Illuminate\\Http\\Middleware\\HandleCors->handle(Object(Illuminate\\Http\\Request), Object(Closure))
#70 D:\\Project\\Techsense\\vendor\\laravel\\framework\\src\\Illuminate\\Http\\Middleware\\TrustProxies.php(39): Illuminate\\Pipeline\\Pipeline->Illuminate\\Pipeline\\{closure}(Object(Illuminate\\Http\\Request))
#71 D:\\Project\\Techsense\\vendor\\laravel\\framework\\src\\Illuminate\\Pipeline\\Pipeline.php(180): Illuminate\\Http\\Middleware\\TrustProxies->handle(Object(Illuminate\\Http\\Request), Object(Closure))
#72 D:\\Project\\Techsense\\vendor\\laravel\\framework\\src\\Illuminate\\Pipeline\\Pipeline.php(116): Illuminate\\Pipeline\\Pipeline->Illuminate\\Pipeline\\{closure}(Object(Illuminate\\Http\\Request))
#73 D:\\Project\\Techsense\\vendor\\laravel\\framework\\src\\Illuminate\\Foundation\\Http\\Kernel.php(165): Illuminate\\Pipeline\\Pipeline->then(Object(Closure))
#74 D:\\Project\\Techsense\\vendor\\laravel\\framework\\src\\Illuminate\\Foundation\\Http\\Kernel.php(134): Illuminate\\Foundation\\Http\\Kernel->sendRequestThroughRouter(Object(Illuminate\\Http\\Request))
#75 D:\\Project\\Techsense\\public\\index.php(51): Illuminate\\Foundation\\Http\\Kernel->handle(Object(Illuminate\\Http\\Request))
#76 D:\\Project\\Techsense\\vendor\\laravel\\framework\\src\\Illuminate\\Foundation\\resources\\server.php(16): require_once('D:\\\\Project\\\\Tech...')
#77 {main}
"} 
[2025-09-21 12:34:37] live.ERROR: Uncaught Symfony\Component\Finder\Exception\DirectoryNotFoundException: The "D:\Project\Techsense\custom_views" directory does not exist. in D:\Project\Techsense\vendor\symfony\finder\Finder.php:649
Stack trace:
#0 D:\Project\Techsense\vendor\laravel\framework\src\Illuminate\Filesystem\Filesystem.php(569): Symfony\Component\Finder\Finder->in('D:\\Project\\Tech...')
#1 Command line code(1): Illuminate\Filesystem\Filesystem->files('D:\\Project\\Tech...')
#2 Command line code(1): getViews('D:\\Project\\Tech...', Object(Illuminate\Filesystem\Filesystem))
#3 {main}
  thrown {"exception":"[object] (Symfony\\Component\\ErrorHandler\\Error\\FatalError(code: 0): Uncaught Symfony\\Component\\Finder\\Exception\\DirectoryNotFoundException: The \"D:\\Project\\Techsense\\custom_views\" directory does not exist. in D:\\Project\\Techsense\\vendor\\symfony\\finder\\Finder.php:649
Stack trace:
#0 D:\\Project\\Techsense\\vendor\\laravel\\framework\\src\\Illuminate\\Filesystem\\Filesystem.php(569): Symfony\\Component\\Finder\\Finder->in('D:\\\\Project\\\\Tech...')
#1 Command line code(1): Illuminate\\Filesystem\\Filesystem->files('D:\\\\Project\\\\Tech...')
#2 Command line code(1): getViews('D:\\\\Project\\\\Tech...', Object(Illuminate\\Filesystem\\Filesystem))
#3 {main}
  thrown at D:\\Project\\Techsense\\vendor\\symfony\\finder\\Finder.php:649)
[stacktrace]
#0 D:\\Project\\Techsense\\vendor\\laravel\\framework\\src\\Illuminate\\Foundation\\Bootstrap\\HandleExceptions.php(259): Symfony\\Component\\ErrorHandler\\Error\\FatalError->__construct(message: ''Uncaught Symfo...', code: '0', error: '['type' => 1, '...', traceOffset: '0', traceArgs: '???', trace: '???')
#1 D:\\Project\\Techsense\\vendor\\laravel\\framework\\src\\Illuminate\\Foundation\\Bootstrap\\HandleExceptions.php(246): Illuminate\\Foundation\\Bootstrap\\HandleExceptions->fatalErrorFromPhpError(error: '['type' => 1, '...', traceOffset: '0')
#2 D:\\Project\\Techsense\\vendor\\laravel\\framework\\src\\Illuminate\\Foundation\\Bootstrap\\HandleExceptions.php(270): Illuminate\\Foundation\\Bootstrap\\HandleExceptions->handleShutdown()
#3 D:\\Project\\Techsense\\vendor\\laravel\\framework\\src\\Illuminate\\Foundation\\Bootstrap\\HandleExceptions.php(0): Illuminate\\Foundation\\Bootstrap\\HandleExceptions->Illuminate\\Foundation\\Bootstrap\\{closure:D:\\Project\\Techsense\\vendor\\laravel\\framework\\src\\Illuminate\\Foundation\\Bootstrap\\HandleExceptions.php:269-271}()
#4 {main}
"} 
[2025-09-21 13:04:37] live.ERROR: SQLSTATE[42S22]: Column not found: 1054 Unknown column 'transactions.due_countdown' in 'where clause' (SQL: select count(*) as aggregate from (select `transactions`.`id`, `transactions`.`transaction_date`, `transactions`.`type`, `transactions`.`is_direct_sale`, `transactions`.`invoice_no`, `agent_transactions`.`tracking_no`, `transactions`.`invoice_no` as `invoice_no_text`, `contacts`.`name`, `contacts`.`mobile`, `contacts`.`contact_id`, `contacts`.`supplier_business_name`, `transactions`.`status`, `transactions`.`payment_status`, `transactions`.`final_total`, `transactions`.`tax_amount`, `transactions`.`discount_amount`, `transactions`.`discount_type`, `transactions`.`total_before_tax`, `transactions`.`rp_redeemed`, `transactions`.`rp_redeemed_amount`, `transactions`.`rp_earned`, `transactions`.`types_of_service_id`, `transactions`.`shipping_status`, `transactions`.`delivery_date`, `transactions`.`pay_term_number`, `transactions`.`pay_term_type`, `transactions`.`additional_notes`, `transactions`.`staff_note`, `transactions`.`shipping_details`, `transactions`.`document`, `transactions`.`shipping_custom_field_1`, `transactions`.`shipping_custom_field_2`, `transactions`.`shipping_custom_field_3`, `transactions`.`shipping_custom_field_4`, `transactions`.`shipping_custom_field_5`, `transactions`.`custom_field_1`, `transactions`.`custom_field_2`, `transactions`.`custom_field_3`, `transactions`.`custom_field_4`, DATE_FORMAT(transactions.transaction_date, "%Y/%m/%d") as sale_date, CONCAT(COALESCE(u.surname, ''),' ',COALESCE(u.first_name, ''),' ',COALESCE(u.last_name,'')) as added_by, (SELECT SUM(IF(TP.is_return = 1,-1*TP.amount,TP.amount)) FROM transaction_payments AS TP WHERE
                        TP.transaction_id=transactions.id) as total_paid, `bl`.`name` as `business_location`, COUNT(SR.id) as return_exists, (SELECT SUM(TP2.amount) FROM transaction_payments AS TP2 WHERE
                        TP2.transaction_id=SR.id ) as return_paid, COALESCE(SR.final_total, 0) as amount_return, `SR`.`id` as `return_transaction_id`, `tos`.`name` as `types_of_service_name`, `transactions`.`service_custom_field_1`, COUNT( DISTINCT tsl.id) as total_items, CONCAT(COALESCE(ss.surname, ''),' ',COALESCE(ss.first_name, ''),' ',COALESCE(ss.last_name,'')) as waiter, `tables`.`name` as `table_name`, SUM(tsl.quantity - tsl.so_quantity_invoiced) as so_qty_remaining, `transactions`.`is_export`, CONCAT(COALESCE(dp.surname, ''),' ',COALESCE(dp.first_name, ''),' ',COALESCE(dp.last_name,'')) as delivery_person from `transactions` left join `contacts` on `transactions`.`contact_id` = `contacts`.`id` left join `transaction_sell_lines` as `tsl` on `transactions`.`id` = `tsl`.`transaction_id` and `tsl`.`parent_sell_line_id` is null left join `users` as `u` on `transactions`.`created_by` = `u`.`id` left join `users` as `ss` on `transactions`.`res_waiter_id` = `ss`.`id` left join `users` as `dp` on `transactions`.`delivery_person` = `dp`.`id` left join `res_tables` as `tables` on `transactions`.`res_table_id` = `tables`.`id` left join `agent_transactions` on `transactions`.`invoice_no` = `agent_transactions`.`invoice_no` inner join `business_locations` as `bl` on `transactions`.`location_id` = `bl`.`id` left join `transactions` as `SR` on `transactions`.`id` = `SR`.`return_parent_id` left join `types_of_services` as `tos` on `transactions`.`types_of_service_id` = `tos`.`id` where `transactions`.`business_id` = 1 and `transactions`.`type` = sell and `transactions`.`status` = final and date(`transactions`.`transaction_date`) >= 2025-01-01 and date(`transactions`.`transaction_date`) <= 2025-12-31 and (LOWER(`transactions`.`transaction_date`) LIKE %8652% or LOWER(`transactions`.`invoice_no`) LIKE %8652% or ((`contacts`.`name` like %8652% or `contacts`.`supplier_business_name` like %8652%)) or LOWER(`contacts`.`mobile`) LIKE %8652% or LOWER(`transactions`.`payment_status`) LIKE %8652% or LOWER(`transactions`.`final_total`) LIKE %8652% or LOWER(`transactions`.`shipping_status`) LIKE %8652% or LOWER(`transactions`.`delivery_date`) LIKE %8652% or LOWER(`transactions`.`due_countdown`) LIKE %8652% or LOWER(`tos`.`name`) LIKE %8652% or LOWER(`transactions`.`service_custom_field_1`) LIKE %8652% or LOWER(`transactions`.`custom_field_1`) LIKE %8652% or LOWER(`transactions`.`custom_field_2`) LIKE %8652% or LOWER(`transactions`.`custom_field_3`) LIKE %8652% or LOWER(`transactions`.`custom_field_4`) LIKE %8652% or LOWER(`u`.`first_name`) LIKE %8652% or LOWER(`transactions`.`additional_notes`) LIKE %8652% or LOWER(`tables`.`name`) LIKE %8652% or LOWER(`ss`.`first_name`) LIKE %8652%) group by `transactions`.`id`) count_row_table) {"userId":1,"exception":"[object] (Illuminate\\Database\\QueryException(code: 42S22): SQLSTATE[42S22]: Column not found: 1054 Unknown column 'transactions.due_countdown' in 'where clause' (SQL: select count(*) as aggregate from (select `transactions`.`id`, `transactions`.`transaction_date`, `transactions`.`type`, `transactions`.`is_direct_sale`, `transactions`.`invoice_no`, `agent_transactions`.`tracking_no`, `transactions`.`invoice_no` as `invoice_no_text`, `contacts`.`name`, `contacts`.`mobile`, `contacts`.`contact_id`, `contacts`.`supplier_business_name`, `transactions`.`status`, `transactions`.`payment_status`, `transactions`.`final_total`, `transactions`.`tax_amount`, `transactions`.`discount_amount`, `transactions`.`discount_type`, `transactions`.`total_before_tax`, `transactions`.`rp_redeemed`, `transactions`.`rp_redeemed_amount`, `transactions`.`rp_earned`, `transactions`.`types_of_service_id`, `transactions`.`shipping_status`, `transactions`.`delivery_date`, `transactions`.`pay_term_number`, `transactions`.`pay_term_type`, `transactions`.`additional_notes`, `transactions`.`staff_note`, `transactions`.`shipping_details`, `transactions`.`document`, `transactions`.`shipping_custom_field_1`, `transactions`.`shipping_custom_field_2`, `transactions`.`shipping_custom_field_3`, `transactions`.`shipping_custom_field_4`, `transactions`.`shipping_custom_field_5`, `transactions`.`custom_field_1`, `transactions`.`custom_field_2`, `transactions`.`custom_field_3`, `transactions`.`custom_field_4`, DATE_FORMAT(transactions.transaction_date, \"%Y/%m/%d\") as sale_date, CONCAT(COALESCE(u.surname, ''),' ',COALESCE(u.first_name, ''),' ',COALESCE(u.last_name,'')) as added_by, (SELECT SUM(IF(TP.is_return = 1,-1*TP.amount,TP.amount)) FROM transaction_payments AS TP WHERE

                        TP.transaction_id=transactions.id) as total_paid, `bl`.`name` as `business_location`, COUNT(SR.id) as return_exists, (SELECT SUM(TP2.amount) FROM transaction_payments AS TP2 WHERE

                        TP2.transaction_id=SR.id ) as return_paid, COALESCE(SR.final_total, 0) as amount_return, `SR`.`id` as `return_transaction_id`, `tos`.`name` as `types_of_service_name`, `transactions`.`service_custom_field_1`, COUNT( DISTINCT tsl.id) as total_items, CONCAT(COALESCE(ss.surname, ''),' ',COALESCE(ss.first_name, ''),' ',COALESCE(ss.last_name,'')) as waiter, `tables`.`name` as `table_name`, SUM(tsl.quantity - tsl.so_quantity_invoiced) as so_qty_remaining, `transactions`.`is_export`, CONCAT(COALESCE(dp.surname, ''),' ',COALESCE(dp.first_name, ''),' ',COALESCE(dp.last_name,'')) as delivery_person from `transactions` left join `contacts` on `transactions`.`contact_id` = `contacts`.`id` left join `transaction_sell_lines` as `tsl` on `transactions`.`id` = `tsl`.`transaction_id` and `tsl`.`parent_sell_line_id` is null left join `users` as `u` on `transactions`.`created_by` = `u`.`id` left join `users` as `ss` on `transactions`.`res_waiter_id` = `ss`.`id` left join `users` as `dp` on `transactions`.`delivery_person` = `dp`.`id` left join `res_tables` as `tables` on `transactions`.`res_table_id` = `tables`.`id` left join `agent_transactions` on `transactions`.`invoice_no` = `agent_transactions`.`invoice_no` inner join `business_locations` as `bl` on `transactions`.`location_id` = `bl`.`id` left join `transactions` as `SR` on `transactions`.`id` = `SR`.`return_parent_id` left join `types_of_services` as `tos` on `transactions`.`types_of_service_id` = `tos`.`id` where `transactions`.`business_id` = 1 and `transactions`.`type` = sell and `transactions`.`status` = final and date(`transactions`.`transaction_date`) >= 2025-01-01 and date(`transactions`.`transaction_date`) <= 2025-12-31 and (LOWER(`transactions`.`transaction_date`) LIKE %8652% or LOWER(`transactions`.`invoice_no`) LIKE %8652% or ((`contacts`.`name` like %8652% or `contacts`.`supplier_business_name` like %8652%)) or LOWER(`contacts`.`mobile`) LIKE %8652% or LOWER(`transactions`.`payment_status`) LIKE %8652% or LOWER(`transactions`.`final_total`) LIKE %8652% or LOWER(`transactions`.`shipping_status`) LIKE %8652% or LOWER(`transactions`.`delivery_date`) LIKE %8652% or LOWER(`transactions`.`due_countdown`) LIKE %8652% or LOWER(`tos`.`name`) LIKE %8652% or LOWER(`transactions`.`service_custom_field_1`) LIKE %8652% or LOWER(`transactions`.`custom_field_1`) LIKE %8652% or LOWER(`transactions`.`custom_field_2`) LIKE %8652% or LOWER(`transactions`.`custom_field_3`) LIKE %8652% or LOWER(`transactions`.`custom_field_4`) LIKE %8652% or LOWER(`u`.`first_name`) LIKE %8652% or LOWER(`transactions`.`additional_notes`) LIKE %8652% or LOWER(`tables`.`name`) LIKE %8652% or LOWER(`ss`.`first_name`) LIKE %8652%) group by `transactions`.`id`) count_row_table) at D:\\Project\\Techsense\\vendor\\laravel\\framework\\src\\Illuminate\\Database\\Connection.php:760)
[stacktrace]
#0 D:\\Project\\Techsense\\vendor\\laravel\\framework\\src\\Illuminate\\Database\\Connection.php(720): Illuminate\\Database\\Connection->runQueryCallback('select count(*)...', Array, Object(Closure))
#1 D:\\Project\\Techsense\\vendor\\laravel\\framework\\src\\Illuminate\\Database\\Connection.php(405): Illuminate\\Database\\Connection->run('select count(*)...', Array, Object(Closure))
#2 D:\\Project\\Techsense\\vendor\\laravel\\framework\\src\\Illuminate\\Database\\Query\\Builder.php(2705): Illuminate\\Database\\Connection->select('select count(*)...', Array, true)
#3 D:\\Project\\Techsense\\vendor\\laravel\\framework\\src\\Illuminate\\Database\\Query\\Builder.php(2694): Illuminate\\Database\\Query\\Builder->runSelect()
#4 D:\\Project\\Techsense\\vendor\\laravel\\framework\\src\\Illuminate\\Database\\Query\\Builder.php(3230): Illuminate\\Database\\Query\\Builder->Illuminate\\Database\\Query\\{closure}()
#5 D:\\Project\\Techsense\\vendor\\laravel\\framework\\src\\Illuminate\\Database\\Query\\Builder.php(2693): Illuminate\\Database\\Query\\Builder->onceWithColumns(Array, Object(Closure))
#6 D:\\Project\\Techsense\\vendor\\laravel\\framework\\src\\Illuminate\\Database\\Query\\Builder.php(3157): Illuminate\\Database\\Query\\Builder->get(Array)
#7 D:\\Project\\Techsense\\vendor\\laravel\\framework\\src\\Illuminate\\Database\\Query\\Builder.php(3085): Illuminate\\Database\\Query\\Builder->aggregate('count', Array)
#8 D:\\Project\\Techsense\\vendor\\yajra\\laravel-datatables-oracle\\src\\QueryDataTable.php(215): Illuminate\\Database\\Query\\Builder->count()
#9 D:\\Project\\Techsense\\vendor\\yajra\\laravel-datatables-oracle\\src\\QueryDataTable.php(200): Yajra\\DataTables\\QueryDataTable->count()
#10 D:\\Project\\Techsense\\vendor\\yajra\\laravel-datatables-oracle\\src\\DataTableAbstract.php(705): Yajra\\DataTables\\QueryDataTable->filteredCount()
#11 D:\\Project\\Techsense\\vendor\\yajra\\laravel-datatables-oracle\\src\\QueryDataTable.php(142): Yajra\\DataTables\\DataTableAbstract->filterRecords()
#12 D:\\Project\\Techsense\\vendor\\yajra\\laravel-datatables-oracle\\src\\QueryDataTable.php(99): Yajra\\DataTables\\QueryDataTable->prepareQuery()
#13 D:\\Project\\Techsense\\app\\Http\\Controllers\\SellController.php(601): Yajra\\DataTables\\QueryDataTable->make(true)
#14 D:\\Project\\Techsense\\vendor\\laravel\\framework\\src\\Illuminate\\Routing\\Controller.php(54): App\\Http\\Controllers\\SellController->index()
#15 D:\\Project\\Techsense\\vendor\\laravel\\framework\\src\\Illuminate\\Routing\\ControllerDispatcher.php(43): Illuminate\\Routing\\Controller->callAction('index', Array)
#16 D:\\Project\\Techsense\\vendor\\laravel\\framework\\src\\Illuminate\\Routing\\Route.php(259): Illuminate\\Routing\\ControllerDispatcher->dispatch(Object(Illuminate\\Routing\\Route), Object(App\\Http\\Controllers\\SellController), 'index')
#17 D:\\Project\\Techsense\\vendor\\laravel\\framework\\src\\Illuminate\\Routing\\Route.php(205): Illuminate\\Routing\\Route->runController()
#18 D:\\Project\\Techsense\\vendor\\laravel\\framework\\src\\Illuminate\\Routing\\Router.php(798): Illuminate\\Routing\\Route->run()
#19 D:\\Project\\Techsense\\vendor\\laravel\\framework\\src\\Illuminate\\Pipeline\\Pipeline.php(141): Illuminate\\Routing\\Router->Illuminate\\Routing\\{closure}(Object(Illuminate\\Http\\Request))
#20 D:\\Project\\Techsense\\app\\Http\\Middleware\\CheckUserLogin.php(22): Illuminate\\Pipeline\\Pipeline->Illuminate\\Pipeline\\{closure}(Object(Illuminate\\Http\\Request))
#21 D:\\Project\\Techsense\\vendor\\laravel\\framework\\src\\Illuminate\\Pipeline\\Pipeline.php(180): App\\Http\\Middleware\\CheckUserLogin->handle(Object(Illuminate\\Http\\Request), Object(Closure))
#22 D:\\Project\\Techsense\\app\\Http\\Middleware\\AdminSidebarMenu.php(21): Illuminate\\Pipeline\\Pipeline->Illuminate\\Pipeline\\{closure}(Object(Illuminate\\Http\\Request))
#23 D:\\Project\\Techsense\\vendor\\laravel\\framework\\src\\Illuminate\\Pipeline\\Pipeline.php(180): App\\Http\\Middleware\\AdminSidebarMenu->handle(Object(Illuminate\\Http\\Request), Object(Closure))
#24 D:\\Project\\Techsense\\app\\Http\\Middleware\\Timezone.php(30): Illuminate\\Pipeline\\Pipeline->Illuminate\\Pipeline\\{closure}(Object(Illuminate\\Http\\Request))
#25 D:\\Project\\Techsense\\vendor\\laravel\\framework\\src\\Illuminate\\Pipeline\\Pipeline.php(180): App\\Http\\Middleware\\Timezone->handle(Object(Illuminate\\Http\\Request), Object(Closure))
#26 D:\\Project\\Techsense\\app\\Http\\Middleware\\Language.php(25): Illuminate\\Pipeline\\Pipeline->Illuminate\\Pipeline\\{closure}(Object(Illuminate\\Http\\Request))
#27 D:\\Project\\Techsense\\vendor\\laravel\\framework\\src\\Illuminate\\Pipeline\\Pipeline.php(180): App\\Http\\Middleware\\Language->handle(Object(Illuminate\\Http\\Request), Object(Closure))
#28 D:\\Project\\Techsense\\app\\Http\\Middleware\\SetSessionData.php(52): Illuminate\\Pipeline\\Pipeline->Illuminate\\Pipeline\\{closure}(Object(Illuminate\\Http\\Request))
#29 D:\\Project\\Techsense\\vendor\\laravel\\framework\\src\\Illuminate\\Pipeline\\Pipeline.php(180): App\\Http\\Middleware\\SetSessionData->handle(Object(Illuminate\\Http\\Request), Object(Closure))
#30 D:\\Project\\Techsense\\app\\Http\\Middleware\\IsInstalled.php(50): Illuminate\\Pipeline\\Pipeline->Illuminate\\Pipeline\\{closure}(Object(Illuminate\\Http\\Request))
#31 D:\\Project\\Techsense\\vendor\\laravel\\framework\\src\\Illuminate\\Pipeline\\Pipeline.php(180): App\\Http\\Middleware\\IsInstalled->handle(Object(Illuminate\\Http\\Request), Object(Closure))
#32 D:\\Project\\Techsense\\vendor\\laravel\\framework\\src\\Illuminate\\Routing\\Middleware\\SubstituteBindings.php(50): Illuminate\\Pipeline\\Pipeline->Illuminate\\Pipeline\\{closure}(Object(Illuminate\\Http\\Request))
#33 D:\\Project\\Techsense\\vendor\\laravel\\framework\\src\\Illuminate\\Pipeline\\Pipeline.php(180): Illuminate\\Routing\\Middleware\\SubstituteBindings->handle(Object(Illuminate\\Http\\Request), Object(Closure))
#34 D:\\Project\\Techsense\\vendor\\laravel\\framework\\src\\Illuminate\\Auth\\Middleware\\Authenticate.php(44): Illuminate\\Pipeline\\Pipeline->Illuminate\\Pipeline\\{closure}(Object(Illuminate\\Http\\Request))
#35 D:\\Project\\Techsense\\vendor\\laravel\\framework\\src\\Illuminate\\Pipeline\\Pipeline.php(180): Illuminate\\Auth\\Middleware\\Authenticate->handle(Object(Illuminate\\Http\\Request), Object(Closure))
#36 D:\\Project\\Techsense\\vendor\\laravel\\framework\\src\\Illuminate\\Foundation\\Http\\Middleware\\VerifyCsrfToken.php(78): Illuminate\\Pipeline\\Pipeline->Illuminate\\Pipeline\\{closure}(Object(Illuminate\\Http\\Request))
#37 D:\\Project\\Techsense\\vendor\\laravel\\framework\\src\\Illuminate\\Pipeline\\Pipeline.php(180): Illuminate\\Foundation\\Http\\Middleware\\VerifyCsrfToken->handle(Object(Illuminate\\Http\\Request), Object(Closure))
#38 D:\\Project\\Techsense\\vendor\\laravel\\framework\\src\\Illuminate\\View\\Middleware\\ShareErrorsFromSession.php(49): Illuminate\\Pipeline\\Pipeline->Illuminate\\Pipeline\\{closure}(Object(Illuminate\\Http\\Request))
#39 D:\\Project\\Techsense\\vendor\\laravel\\framework\\src\\Illuminate\\Pipeline\\Pipeline.php(180): Illuminate\\View\\Middleware\\ShareErrorsFromSession->handle(Object(Illuminate\\Http\\Request), Object(Closure))
#40 D:\\Project\\Techsense\\vendor\\laravel\\framework\\src\\Illuminate\\Session\\Middleware\\StartSession.php(121): Illuminate\\Pipeline\\Pipeline->Illuminate\\Pipeline\\{closure}(Object(Illuminate\\Http\\Request))
#41 D:\\Project\\Techsense\\vendor\\laravel\\framework\\src\\Illuminate\\Session\\Middleware\\StartSession.php(64): Illuminate\\Session\\Middleware\\StartSession->handleStatefulRequest(Object(Illuminate\\Http\\Request), Object(Illuminate\\Session\\Store), Object(Closure))
#42 D:\\Project\\Techsense\\vendor\\laravel\\framework\\src\\Illuminate\\Pipeline\\Pipeline.php(180): Illuminate\\Session\\Middleware\\StartSession->handle(Object(Illuminate\\Http\\Request), Object(Closure))
#43 D:\\Project\\Techsense\\vendor\\laravel\\framework\\src\\Illuminate\\Cookie\\Middleware\\AddQueuedCookiesToResponse.php(37): Illuminate\\Pipeline\\Pipeline->Illuminate\\Pipeline\\{closure}(Object(Illuminate\\Http\\Request))
#44 D:\\Project\\Techsense\\vendor\\laravel\\framework\\src\\Illuminate\\Pipeline\\Pipeline.php(180): Illuminate\\Cookie\\Middleware\\AddQueuedCookiesToResponse->handle(Object(Illuminate\\Http\\Request), Object(Closure))
#45 D:\\Project\\Techsense\\vendor\\laravel\\framework\\src\\Illuminate\\Cookie\\Middleware\\EncryptCookies.php(67): Illuminate\\Pipeline\\Pipeline->Illuminate\\Pipeline\\{closure}(Object(Illuminate\\Http\\Request))
#46 D:\\Project\\Techsense\\vendor\\laravel\\framework\\src\\Illuminate\\Pipeline\\Pipeline.php(180): Illuminate\\Cookie\\Middleware\\EncryptCookies->handle(Object(Illuminate\\Http\\Request), Object(Closure))
#47 D:\\Project\\Techsense\\vendor\\laravel\\framework\\src\\Illuminate\\Pipeline\\Pipeline.php(116): Illuminate\\Pipeline\\Pipeline->Illuminate\\Pipeline\\{closure}(Object(Illuminate\\Http\\Request))
#48 D:\\Project\\Techsense\\vendor\\laravel\\framework\\src\\Illuminate\\Routing\\Router.php(797): Illuminate\\Pipeline\\Pipeline->then(Object(Closure))
#49 D:\\Project\\Techsense\\vendor\\laravel\\framework\\src\\Illuminate\\Routing\\Router.php(776): Illuminate\\Routing\\Router->runRouteWithinStack(Object(Illuminate\\Routing\\Route), Object(Illuminate\\Http\\Request))
#50 D:\\Project\\Techsense\\vendor\\laravel\\framework\\src\\Illuminate\\Routing\\Router.php(740): Illuminate\\Routing\\Router->runRoute(Object(Illuminate\\Http\\Request), Object(Illuminate\\Routing\\Route))
#51 D:\\Project\\Techsense\\vendor\\laravel\\framework\\src\\Illuminate\\Routing\\Router.php(729): Illuminate\\Routing\\Router->dispatchToRoute(Object(Illuminate\\Http\\Request))
#52 D:\\Project\\Techsense\\vendor\\laravel\\framework\\src\\Illuminate\\Foundation\\Http\\Kernel.php(190): Illuminate\\Routing\\Router->dispatch(Object(Illuminate\\Http\\Request))
#53 D:\\Project\\Techsense\\vendor\\laravel\\framework\\src\\Illuminate\\Pipeline\\Pipeline.php(141): Illuminate\\Foundation\\Http\\Kernel->Illuminate\\Foundation\\Http\\{closure}(Object(Illuminate\\Http\\Request))
#54 D:\\Project\\Techsense\\vendor\\barryvdh\\laravel-debugbar\\src\\Middleware\\InjectDebugbar.php(59): Illuminate\\Pipeline\\Pipeline->Illuminate\\Pipeline\\{closure}(Object(Illuminate\\Http\\Request))
#55 D:\\Project\\Techsense\\vendor\\laravel\\framework\\src\\Illuminate\\Pipeline\\Pipeline.php(180): Barryvdh\\Debugbar\\Middleware\\InjectDebugbar->handle(Object(Illuminate\\Http\\Request), Object(Closure))
#56 D:\\Project\\Techsense\\vendor\\laravel\\framework\\src\\Illuminate\\Foundation\\Http\\Middleware\\TransformsRequest.php(21): Illuminate\\Pipeline\\Pipeline->Illuminate\\Pipeline\\{closure}(Object(Illuminate\\Http\\Request))
#57 D:\\Project\\Techsense\\vendor\\laravel\\framework\\src\\Illuminate\\Foundation\\Http\\Middleware\\ConvertEmptyStringsToNull.php(31): Illuminate\\Foundation\\Http\\Middleware\\TransformsRequest->handle(Object(Illuminate\\Http\\Request), Object(Closure))
#58 D:\\Project\\Techsense\\vendor\\laravel\\framework\\src\\Illuminate\\Pipeline\\Pipeline.php(180): Illuminate\\Foundation\\Http\\Middleware\\ConvertEmptyStringsToNull->handle(Object(Illuminate\\Http\\Request), Object(Closure))
#59 D:\\Project\\Techsense\\vendor\\laravel\\framework\\src\\Illuminate\\Foundation\\Http\\Middleware\\TransformsRequest.php(21): Illuminate\\Pipeline\\Pipeline->Illuminate\\Pipeline\\{closure}(Object(Illuminate\\Http\\Request))
#60 D:\\Project\\Techsense\\vendor\\laravel\\framework\\src\\Illuminate\\Foundation\\Http\\Middleware\\TrimStrings.php(40): Illuminate\\Foundation\\Http\\Middleware\\TransformsRequest->handle(Object(Illuminate\\Http\\Request), Object(Closure))
#61 D:\\Project\\Techsense\\vendor\\laravel\\framework\\src\\Illuminate\\Pipeline\\Pipeline.php(180): Illuminate\\Foundation\\Http\\Middleware\\TrimStrings->handle(Object(Illuminate\\Http\\Request), Object(Closure))
#62 D:\\Project\\Techsense\\vendor\\laravel\\framework\\src\\Illuminate\\Foundation\\Http\\Middleware\\ValidatePostSize.php(27): Illuminate\\Pipeline\\Pipeline->Illuminate\\Pipeline\\{closure}(Object(Illuminate\\Http\\Request))
#63 D:\\Project\\Techsense\\vendor\\laravel\\framework\\src\\Illuminate\\Pipeline\\Pipeline.php(180): Illuminate\\Foundation\\Http\\Middleware\\ValidatePostSize->handle(Object(Illuminate\\Http\\Request), Object(Closure))
#64 D:\\Project\\Techsense\\vendor\\laravel\\framework\\src\\Illuminate\\Foundation\\Http\\Middleware\\PreventRequestsDuringMaintenance.php(86): Illuminate\\Pipeline\\Pipeline->Illuminate\\Pipeline\\{closure}(Object(Illuminate\\Http\\Request))
#65 D:\\Project\\Techsense\\vendor\\laravel\\framework\\src\\Illuminate\\Pipeline\\Pipeline.php(180): Illuminate\\Foundation\\Http\\Middleware\\PreventRequestsDuringMaintenance->handle(Object(Illuminate\\Http\\Request), Object(Closure))
#66 D:\\Project\\Techsense\\vendor\\laravel\\framework\\src\\Illuminate\\Http\\Middleware\\HandleCors.php(49): Illuminate\\Pipeline\\Pipeline->Illuminate\\Pipeline\\{closure}(Object(Illuminate\\Http\\Request))
#67 D:\\Project\\Techsense\\vendor\\laravel\\framework\\src\\Illuminate\\Pipeline\\Pipeline.php(180): Illuminate\\Http\\Middleware\\HandleCors->handle(Object(Illuminate\\Http\\Request), Object(Closure))
#68 D:\\Project\\Techsense\\vendor\\laravel\\framework\\src\\Illuminate\\Http\\Middleware\\TrustProxies.php(39): Illuminate\\Pipeline\\Pipeline->Illuminate\\Pipeline\\{closure}(Object(Illuminate\\Http\\Request))
#69 D:\\Project\\Techsense\\vendor\\laravel\\framework\\src\\Illuminate\\Pipeline\\Pipeline.php(180): Illuminate\\Http\\Middleware\\TrustProxies->handle(Object(Illuminate\\Http\\Request), Object(Closure))
#70 D:\\Project\\Techsense\\vendor\\laravel\\framework\\src\\Illuminate\\Pipeline\\Pipeline.php(116): Illuminate\\Pipeline\\Pipeline->Illuminate\\Pipeline\\{closure}(Object(Illuminate\\Http\\Request))
#71 D:\\Project\\Techsense\\vendor\\laravel\\framework\\src\\Illuminate\\Foundation\\Http\\Kernel.php(165): Illuminate\\Pipeline\\Pipeline->then(Object(Closure))
#72 D:\\Project\\Techsense\\vendor\\laravel\\framework\\src\\Illuminate\\Foundation\\Http\\Kernel.php(134): Illuminate\\Foundation\\Http\\Kernel->sendRequestThroughRouter(Object(Illuminate\\Http\\Request))
#73 D:\\Project\\Techsense\\public\\index.php(51): Illuminate\\Foundation\\Http\\Kernel->handle(Object(Illuminate\\Http\\Request))
#74 D:\\Project\\Techsense\\vendor\\laravel\\framework\\src\\Illuminate\\Foundation\\resources\\server.php(16): require_once('D:\\\\Project\\\\Tech...')
#75 {main}

[previous exception] [object] (PDOException(code: 42S22): SQLSTATE[42S22]: Column not found: 1054 Unknown column 'transactions.due_countdown' in 'where clause' at D:\\Project\\Techsense\\vendor\\laravel\\framework\\src\\Illuminate\\Database\\Connection.php:414)
[stacktrace]
#0 D:\\Project\\Techsense\\vendor\\laravel\\framework\\src\\Illuminate\\Database\\Connection.php(414): PDO->prepare('select count(*)...')
#1 D:\\Project\\Techsense\\vendor\\laravel\\framework\\src\\Illuminate\\Database\\Connection.php(753): Illuminate\\Database\\Connection->Illuminate\\Database\\{closure}('select count(*)...', Array)
#2 D:\\Project\\Techsense\\vendor\\laravel\\framework\\src\\Illuminate\\Database\\Connection.php(720): Illuminate\\Database\\Connection->runQueryCallback('select count(*)...', Array, Object(Closure))
#3 D:\\Project\\Techsense\\vendor\\laravel\\framework\\src\\Illuminate\\Database\\Connection.php(405): Illuminate\\Database\\Connection->run('select count(*)...', Array, Object(Closure))
#4 D:\\Project\\Techsense\\vendor\\laravel\\framework\\src\\Illuminate\\Database\\Query\\Builder.php(2705): Illuminate\\Database\\Connection->select('select count(*)...', Array, true)
#5 D:\\Project\\Techsense\\vendor\\laravel\\framework\\src\\Illuminate\\Database\\Query\\Builder.php(2694): Illuminate\\Database\\Query\\Builder->runSelect()
#6 D:\\Project\\Techsense\\vendor\\laravel\\framework\\src\\Illuminate\\Database\\Query\\Builder.php(3230): Illuminate\\Database\\Query\\Builder->Illuminate\\Database\\Query\\{closure}()
#7 D:\\Project\\Techsense\\vendor\\laravel\\framework\\src\\Illuminate\\Database\\Query\\Builder.php(2693): Illuminate\\Database\\Query\\Builder->onceWithColumns(Array, Object(Closure))
#8 D:\\Project\\Techsense\\vendor\\laravel\\framework\\src\\Illuminate\\Database\\Query\\Builder.php(3157): Illuminate\\Database\\Query\\Builder->get(Array)
#9 D:\\Project\\Techsense\\vendor\\laravel\\framework\\src\\Illuminate\\Database\\Query\\Builder.php(3085): Illuminate\\Database\\Query\\Builder->aggregate('count', Array)
#10 D:\\Project\\Techsense\\vendor\\yajra\\laravel-datatables-oracle\\src\\QueryDataTable.php(215): Illuminate\\Database\\Query\\Builder->count()
#11 D:\\Project\\Techsense\\vendor\\yajra\\laravel-datatables-oracle\\src\\QueryDataTable.php(200): Yajra\\DataTables\\QueryDataTable->count()
#12 D:\\Project\\Techsense\\vendor\\yajra\\laravel-datatables-oracle\\src\\DataTableAbstract.php(705): Yajra\\DataTables\\QueryDataTable->filteredCount()
#13 D:\\Project\\Techsense\\vendor\\yajra\\laravel-datatables-oracle\\src\\QueryDataTable.php(142): Yajra\\DataTables\\DataTableAbstract->filterRecords()
#14 D:\\Project\\Techsense\\vendor\\yajra\\laravel-datatables-oracle\\src\\QueryDataTable.php(99): Yajra\\DataTables\\QueryDataTable->prepareQuery()
#15 D:\\Project\\Techsense\\app\\Http\\Controllers\\SellController.php(601): Yajra\\DataTables\\QueryDataTable->make(true)
#16 D:\\Project\\Techsense\\vendor\\laravel\\framework\\src\\Illuminate\\Routing\\Controller.php(54): App\\Http\\Controllers\\SellController->index()
#17 D:\\Project\\Techsense\\vendor\\laravel\\framework\\src\\Illuminate\\Routing\\ControllerDispatcher.php(43): Illuminate\\Routing\\Controller->callAction('index', Array)
#18 D:\\Project\\Techsense\\vendor\\laravel\\framework\\src\\Illuminate\\Routing\\Route.php(259): Illuminate\\Routing\\ControllerDispatcher->dispatch(Object(Illuminate\\Routing\\Route), Object(App\\Http\\Controllers\\SellController), 'index')
#19 D:\\Project\\Techsense\\vendor\\laravel\\framework\\src\\Illuminate\\Routing\\Route.php(205): Illuminate\\Routing\\Route->runController()
#20 D:\\Project\\Techsense\\vendor\\laravel\\framework\\src\\Illuminate\\Routing\\Router.php(798): Illuminate\\Routing\\Route->run()
#21 D:\\Project\\Techsense\\vendor\\laravel\\framework\\src\\Illuminate\\Pipeline\\Pipeline.php(141): Illuminate\\Routing\\Router->Illuminate\\Routing\\{closure}(Object(Illuminate\\Http\\Request))
#22 D:\\Project\\Techsense\\app\\Http\\Middleware\\CheckUserLogin.php(22): Illuminate\\Pipeline\\Pipeline->Illuminate\\Pipeline\\{closure}(Object(Illuminate\\Http\\Request))
#23 D:\\Project\\Techsense\\vendor\\laravel\\framework\\src\\Illuminate\\Pipeline\\Pipeline.php(180): App\\Http\\Middleware\\CheckUserLogin->handle(Object(Illuminate\\Http\\Request), Object(Closure))
#24 D:\\Project\\Techsense\\app\\Http\\Middleware\\AdminSidebarMenu.php(21): Illuminate\\Pipeline\\Pipeline->Illuminate\\Pipeline\\{closure}(Object(Illuminate\\Http\\Request))
#25 D:\\Project\\Techsense\\vendor\\laravel\\framework\\src\\Illuminate\\Pipeline\\Pipeline.php(180): App\\Http\\Middleware\\AdminSidebarMenu->handle(Object(Illuminate\\Http\\Request), Object(Closure))
#26 D:\\Project\\Techsense\\app\\Http\\Middleware\\Timezone.php(30): Illuminate\\Pipeline\\Pipeline->Illuminate\\Pipeline\\{closure}(Object(Illuminate\\Http\\Request))
#27 D:\\Project\\Techsense\\vendor\\laravel\\framework\\src\\Illuminate\\Pipeline\\Pipeline.php(180): App\\Http\\Middleware\\Timezone->handle(Object(Illuminate\\Http\\Request), Object(Closure))
#28 D:\\Project\\Techsense\\app\\Http\\Middleware\\Language.php(25): Illuminate\\Pipeline\\Pipeline->Illuminate\\Pipeline\\{closure}(Object(Illuminate\\Http\\Request))
#29 D:\\Project\\Techsense\\vendor\\laravel\\framework\\src\\Illuminate\\Pipeline\\Pipeline.php(180): App\\Http\\Middleware\\Language->handle(Object(Illuminate\\Http\\Request), Object(Closure))
#30 D:\\Project\\Techsense\\app\\Http\\Middleware\\SetSessionData.php(52): Illuminate\\Pipeline\\Pipeline->Illuminate\\Pipeline\\{closure}(Object(Illuminate\\Http\\Request))
#31 D:\\Project\\Techsense\\vendor\\laravel\\framework\\src\\Illuminate\\Pipeline\\Pipeline.php(180): App\\Http\\Middleware\\SetSessionData->handle(Object(Illuminate\\Http\\Request), Object(Closure))
#32 D:\\Project\\Techsense\\app\\Http\\Middleware\\IsInstalled.php(50): Illuminate\\Pipeline\\Pipeline->Illuminate\\Pipeline\\{closure}(Object(Illuminate\\Http\\Request))
#33 D:\\Project\\Techsense\\vendor\\laravel\\framework\\src\\Illuminate\\Pipeline\\Pipeline.php(180): App\\Http\\Middleware\\IsInstalled->handle(Object(Illuminate\\Http\\Request), Object(Closure))
#34 D:\\Project\\Techsense\\vendor\\laravel\\framework\\src\\Illuminate\\Routing\\Middleware\\SubstituteBindings.php(50): Illuminate\\Pipeline\\Pipeline->Illuminate\\Pipeline\\{closure}(Object(Illuminate\\Http\\Request))
#35 D:\\Project\\Techsense\\vendor\\laravel\\framework\\src\\Illuminate\\Pipeline\\Pipeline.php(180): Illuminate\\Routing\\Middleware\\SubstituteBindings->handle(Object(Illuminate\\Http\\Request), Object(Closure))
#36 D:\\Project\\Techsense\\vendor\\laravel\\framework\\src\\Illuminate\\Auth\\Middleware\\Authenticate.php(44): Illuminate\\Pipeline\\Pipeline->Illuminate\\Pipeline\\{closure}(Object(Illuminate\\Http\\Request))
#37 D:\\Project\\Techsense\\vendor\\laravel\\framework\\src\\Illuminate\\Pipeline\\Pipeline.php(180): Illuminate\\Auth\\Middleware\\Authenticate->handle(Object(Illuminate\\Http\\Request), Object(Closure))
#38 D:\\Project\\Techsense\\vendor\\laravel\\framework\\src\\Illuminate\\Foundation\\Http\\Middleware\\VerifyCsrfToken.php(78): Illuminate\\Pipeline\\Pipeline->Illuminate\\Pipeline\\{closure}(Object(Illuminate\\Http\\Request))
#39 D:\\Project\\Techsense\\vendor\\laravel\\framework\\src\\Illuminate\\Pipeline\\Pipeline.php(180): Illuminate\\Foundation\\Http\\Middleware\\VerifyCsrfToken->handle(Object(Illuminate\\Http\\Request), Object(Closure))
#40 D:\\Project\\Techsense\\vendor\\laravel\\framework\\src\\Illuminate\\View\\Middleware\\ShareErrorsFromSession.php(49): Illuminate\\Pipeline\\Pipeline->Illuminate\\Pipeline\\{closure}(Object(Illuminate\\Http\\Request))
#41 D:\\Project\\Techsense\\vendor\\laravel\\framework\\src\\Illuminate\\Pipeline\\Pipeline.php(180): Illuminate\\View\\Middleware\\ShareErrorsFromSession->handle(Object(Illuminate\\Http\\Request), Object(Closure))
#42 D:\\Project\\Techsense\\vendor\\laravel\\framework\\src\\Illuminate\\Session\\Middleware\\StartSession.php(121): Illuminate\\Pipeline\\Pipeline->Illuminate\\Pipeline\\{closure}(Object(Illuminate\\Http\\Request))
#43 D:\\Project\\Techsense\\vendor\\laravel\\framework\\src\\Illuminate\\Session\\Middleware\\StartSession.php(64): Illuminate\\Session\\Middleware\\StartSession->handleStatefulRequest(Object(Illuminate\\Http\\Request), Object(Illuminate\\Session\\Store), Object(Closure))
#44 D:\\Project\\Techsense\\vendor\\laravel\\framework\\src\\Illuminate\\Pipeline\\Pipeline.php(180): Illuminate\\Session\\Middleware\\StartSession->handle(Object(Illuminate\\Http\\Request), Object(Closure))
#45 D:\\Project\\Techsense\\vendor\\laravel\\framework\\src\\Illuminate\\Cookie\\Middleware\\AddQueuedCookiesToResponse.php(37): Illuminate\\Pipeline\\Pipeline->Illuminate\\Pipeline\\{closure}(Object(Illuminate\\Http\\Request))
#46 D:\\Project\\Techsense\\vendor\\laravel\\framework\\src\\Illuminate\\Pipeline\\Pipeline.php(180): Illuminate\\Cookie\\Middleware\\AddQueuedCookiesToResponse->handle(Object(Illuminate\\Http\\Request), Object(Closure))
#47 D:\\Project\\Techsense\\vendor\\laravel\\framework\\src\\Illuminate\\Cookie\\Middleware\\EncryptCookies.php(67): Illuminate\\Pipeline\\Pipeline->Illuminate\\Pipeline\\{closure}(Object(Illuminate\\Http\\Request))
#48 D:\\Project\\Techsense\\vendor\\laravel\\framework\\src\\Illuminate\\Pipeline\\Pipeline.php(180): Illuminate\\Cookie\\Middleware\\EncryptCookies->handle(Object(Illuminate\\Http\\Request), Object(Closure))
#49 D:\\Project\\Techsense\\vendor\\laravel\\framework\\src\\Illuminate\\Pipeline\\Pipeline.php(116): Illuminate\\Pipeline\\Pipeline->Illuminate\\Pipeline\\{closure}(Object(Illuminate\\Http\\Request))
#50 D:\\Project\\Techsense\\vendor\\laravel\\framework\\src\\Illuminate\\Routing\\Router.php(797): Illuminate\\Pipeline\\Pipeline->then(Object(Closure))
#51 D:\\Project\\Techsense\\vendor\\laravel\\framework\\src\\Illuminate\\Routing\\Router.php(776): Illuminate\\Routing\\Router->runRouteWithinStack(Object(Illuminate\\Routing\\Route), Object(Illuminate\\Http\\Request))
#52 D:\\Project\\Techsense\\vendor\\laravel\\framework\\src\\Illuminate\\Routing\\Router.php(740): Illuminate\\Routing\\Router->runRoute(Object(Illuminate\\Http\\Request), Object(Illuminate\\Routing\\Route))
#53 D:\\Project\\Techsense\\vendor\\laravel\\framework\\src\\Illuminate\\Routing\\Router.php(729): Illuminate\\Routing\\Router->dispatchToRoute(Object(Illuminate\\Http\\Request))
#54 D:\\Project\\Techsense\\vendor\\laravel\\framework\\src\\Illuminate\\Foundation\\Http\\Kernel.php(190): Illuminate\\Routing\\Router->dispatch(Object(Illuminate\\Http\\Request))
#55 D:\\Project\\Techsense\\vendor\\laravel\\framework\\src\\Illuminate\\Pipeline\\Pipeline.php(141): Illuminate\\Foundation\\Http\\Kernel->Illuminate\\Foundation\\Http\\{closure}(Object(Illuminate\\Http\\Request))
#56 D:\\Project\\Techsense\\vendor\\barryvdh\\laravel-debugbar\\src\\Middleware\\InjectDebugbar.php(59): Illuminate\\Pipeline\\Pipeline->Illuminate\\Pipeline\\{closure}(Object(Illuminate\\Http\\Request))
#57 D:\\Project\\Techsense\\vendor\\laravel\\framework\\src\\Illuminate\\Pipeline\\Pipeline.php(180): Barryvdh\\Debugbar\\Middleware\\InjectDebugbar->handle(Object(Illuminate\\Http\\Request), Object(Closure))
#58 D:\\Project\\Techsense\\vendor\\laravel\\framework\\src\\Illuminate\\Foundation\\Http\\Middleware\\TransformsRequest.php(21): Illuminate\\Pipeline\\Pipeline->Illuminate\\Pipeline\\{closure}(Object(Illuminate\\Http\\Request))
#59 D:\\Project\\Techsense\\vendor\\laravel\\framework\\src\\Illuminate\\Foundation\\Http\\Middleware\\ConvertEmptyStringsToNull.php(31): Illuminate\\Foundation\\Http\\Middleware\\TransformsRequest->handle(Object(Illuminate\\Http\\Request), Object(Closure))
#60 D:\\Project\\Techsense\\vendor\\laravel\\framework\\src\\Illuminate\\Pipeline\\Pipeline.php(180): Illuminate\\Foundation\\Http\\Middleware\\ConvertEmptyStringsToNull->handle(Object(Illuminate\\Http\\Request), Object(Closure))
#61 D:\\Project\\Techsense\\vendor\\laravel\\framework\\src\\Illuminate\\Foundation\\Http\\Middleware\\TransformsRequest.php(21): Illuminate\\Pipeline\\Pipeline->Illuminate\\Pipeline\\{closure}(Object(Illuminate\\Http\\Request))
#62 D:\\Project\\Techsense\\vendor\\laravel\\framework\\src\\Illuminate\\Foundation\\Http\\Middleware\\TrimStrings.php(40): Illuminate\\Foundation\\Http\\Middleware\\TransformsRequest->handle(Object(Illuminate\\Http\\Request), Object(Closure))
#63 D:\\Project\\Techsense\\vendor\\laravel\\framework\\src\\Illuminate\\Pipeline\\Pipeline.php(180): Illuminate\\Foundation\\Http\\Middleware\\TrimStrings->handle(Object(Illuminate\\Http\\Request), Object(Closure))
#64 D:\\Project\\Techsense\\vendor\\laravel\\framework\\src\\Illuminate\\Foundation\\Http\\Middleware\\ValidatePostSize.php(27): Illuminate\\Pipeline\\Pipeline->Illuminate\\Pipeline\\{closure}(Object(Illuminate\\Http\\Request))
#65 D:\\Project\\Techsense\\vendor\\laravel\\framework\\src\\Illuminate\\Pipeline\\Pipeline.php(180): Illuminate\\Foundation\\Http\\Middleware\\ValidatePostSize->handle(Object(Illuminate\\Http\\Request), Object(Closure))
#66 D:\\Project\\Techsense\\vendor\\laravel\\framework\\src\\Illuminate\\Foundation\\Http\\Middleware\\PreventRequestsDuringMaintenance.php(86): Illuminate\\Pipeline\\Pipeline->Illuminate\\Pipeline\\{closure}(Object(Illuminate\\Http\\Request))
#67 D:\\Project\\Techsense\\vendor\\laravel\\framework\\src\\Illuminate\\Pipeline\\Pipeline.php(180): Illuminate\\Foundation\\Http\\Middleware\\PreventRequestsDuringMaintenance->handle(Object(Illuminate\\Http\\Request), Object(Closure))
#68 D:\\Project\\Techsense\\vendor\\laravel\\framework\\src\\Illuminate\\Http\\Middleware\\HandleCors.php(49): Illuminate\\Pipeline\\Pipeline->Illuminate\\Pipeline\\{closure}(Object(Illuminate\\Http\\Request))
#69 D:\\Project\\Techsense\\vendor\\laravel\\framework\\src\\Illuminate\\Pipeline\\Pipeline.php(180): Illuminate\\Http\\Middleware\\HandleCors->handle(Object(Illuminate\\Http\\Request), Object(Closure))
#70 D:\\Project\\Techsense\\vendor\\laravel\\framework\\src\\Illuminate\\Http\\Middleware\\TrustProxies.php(39): Illuminate\\Pipeline\\Pipeline->Illuminate\\Pipeline\\{closure}(Object(Illuminate\\Http\\Request))
#71 D:\\Project\\Techsense\\vendor\\laravel\\framework\\src\\Illuminate\\Pipeline\\Pipeline.php(180): Illuminate\\Http\\Middleware\\TrustProxies->handle(Object(Illuminate\\Http\\Request), Object(Closure))
#72 D:\\Project\\Techsense\\vendor\\laravel\\framework\\src\\Illuminate\\Pipeline\\Pipeline.php(116): Illuminate\\Pipeline\\Pipeline->Illuminate\\Pipeline\\{closure}(Object(Illuminate\\Http\\Request))
#73 D:\\Project\\Techsense\\vendor\\laravel\\framework\\src\\Illuminate\\Foundation\\Http\\Kernel.php(165): Illuminate\\Pipeline\\Pipeline->then(Object(Closure))
#74 D:\\Project\\Techsense\\vendor\\laravel\\framework\\src\\Illuminate\\Foundation\\Http\\Kernel.php(134): Illuminate\\Foundation\\Http\\Kernel->sendRequestThroughRouter(Object(Illuminate\\Http\\Request))
#75 D:\\Project\\Techsense\\public\\index.php(51): Illuminate\\Foundation\\Http\\Kernel->handle(Object(Illuminate\\Http\\Request))
#76 D:\\Project\\Techsense\\vendor\\laravel\\framework\\src\\Illuminate\\Foundation\\resources\\server.php(16): require_once('D:\\\\Project\\\\Tech...')
#77 {main}
"} 
[2025-09-21 12:34:38] live.ERROR: Uncaught Symfony\Component\Finder\Exception\DirectoryNotFoundException: The "D:\Project\Techsense\custom_views" directory does not exist. in D:\Project\Techsense\vendor\symfony\finder\Finder.php:649
Stack trace:
#0 D:\Project\Techsense\vendor\laravel\framework\src\Illuminate\Filesystem\Filesystem.php(569): Symfony\Component\Finder\Finder->in('D:\\Project\\Tech...')
#1 Command line code(1): Illuminate\Filesystem\Filesystem->files('D:\\Project\\Tech...')
#2 Command line code(1): getViews('D:\\Project\\Tech...', Object(Illuminate\Filesystem\Filesystem))
#3 {main}
  thrown {"exception":"[object] (Symfony\\Component\\ErrorHandler\\Error\\FatalError(code: 0): Uncaught Symfony\\Component\\Finder\\Exception\\DirectoryNotFoundException: The \"D:\\Project\\Techsense\\custom_views\" directory does not exist. in D:\\Project\\Techsense\\vendor\\symfony\\finder\\Finder.php:649
Stack trace:
#0 D:\\Project\\Techsense\\vendor\\laravel\\framework\\src\\Illuminate\\Filesystem\\Filesystem.php(569): Symfony\\Component\\Finder\\Finder->in('D:\\\\Project\\\\Tech...')
#1 Command line code(1): Illuminate\\Filesystem\\Filesystem->files('D:\\\\Project\\\\Tech...')
#2 Command line code(1): getViews('D:\\\\Project\\\\Tech...', Object(Illuminate\\Filesystem\\Filesystem))
#3 {main}
  thrown at D:\\Project\\Techsense\\vendor\\symfony\\finder\\Finder.php:649)
[stacktrace]
#0 D:\\Project\\Techsense\\vendor\\laravel\\framework\\src\\Illuminate\\Foundation\\Bootstrap\\HandleExceptions.php(259): Symfony\\Component\\ErrorHandler\\Error\\FatalError->__construct(message: ''Uncaught Symfo...', code: '0', error: '['type' => 1, '...', traceOffset: '0', traceArgs: '???', trace: '???')
#1 D:\\Project\\Techsense\\vendor\\laravel\\framework\\src\\Illuminate\\Foundation\\Bootstrap\\HandleExceptions.php(246): Illuminate\\Foundation\\Bootstrap\\HandleExceptions->fatalErrorFromPhpError(error: '['type' => 1, '...', traceOffset: '0')
#2 D:\\Project\\Techsense\\vendor\\laravel\\framework\\src\\Illuminate\\Foundation\\Bootstrap\\HandleExceptions.php(270): Illuminate\\Foundation\\Bootstrap\\HandleExceptions->handleShutdown()
#3 D:\\Project\\Techsense\\vendor\\laravel\\framework\\src\\Illuminate\\Foundation\\Bootstrap\\HandleExceptions.php(0): Illuminate\\Foundation\\Bootstrap\\HandleExceptions->Illuminate\\Foundation\\Bootstrap\\{closure:D:\\Project\\Techsense\\vendor\\laravel\\framework\\src\\Illuminate\\Foundation\\Bootstrap\\HandleExceptions.php:269-271}()
#4 {main}
"} 
[2025-09-21 12:34:39] live.ERROR: Uncaught Symfony\Component\Finder\Exception\DirectoryNotFoundException: The "D:\Project\Techsense\custom_views" directory does not exist. in D:\Project\Techsense\vendor\symfony\finder\Finder.php:649
Stack trace:
#0 D:\Project\Techsense\vendor\laravel\framework\src\Illuminate\Filesystem\Filesystem.php(569): Symfony\Component\Finder\Finder->in('D:\\Project\\Tech...')
#1 Command line code(1): Illuminate\Filesystem\Filesystem->files('D:\\Project\\Tech...')
#2 Command line code(1): getViews('D:\\Project\\Tech...', Object(Illuminate\Filesystem\Filesystem))
#3 {main}
  thrown {"exception":"[object] (Symfony\\Component\\ErrorHandler\\Error\\FatalError(code: 0): Uncaught Symfony\\Component\\Finder\\Exception\\DirectoryNotFoundException: The \"D:\\Project\\Techsense\\custom_views\" directory does not exist. in D:\\Project\\Techsense\\vendor\\symfony\\finder\\Finder.php:649
Stack trace:
#0 D:\\Project\\Techsense\\vendor\\laravel\\framework\\src\\Illuminate\\Filesystem\\Filesystem.php(569): Symfony\\Component\\Finder\\Finder->in('D:\\\\Project\\\\Tech...')
#1 Command line code(1): Illuminate\\Filesystem\\Filesystem->files('D:\\\\Project\\\\Tech...')
#2 Command line code(1): getViews('D:\\\\Project\\\\Tech...', Object(Illuminate\\Filesystem\\Filesystem))
#3 {main}
  thrown at D:\\Project\\Techsense\\vendor\\symfony\\finder\\Finder.php:649)
[stacktrace]
#0 D:\\Project\\Techsense\\vendor\\laravel\\framework\\src\\Illuminate\\Foundation\\Bootstrap\\HandleExceptions.php(259): Symfony\\Component\\ErrorHandler\\Error\\FatalError->__construct(message: ''Uncaught Symfo...', code: '0', error: '['type' => 1, '...', traceOffset: '0', traceArgs: '???', trace: '???')
#1 D:\\Project\\Techsense\\vendor\\laravel\\framework\\src\\Illuminate\\Foundation\\Bootstrap\\HandleExceptions.php(246): Illuminate\\Foundation\\Bootstrap\\HandleExceptions->fatalErrorFromPhpError(error: '['type' => 1, '...', traceOffset: '0')
#2 D:\\Project\\Techsense\\vendor\\laravel\\framework\\src\\Illuminate\\Foundation\\Bootstrap\\HandleExceptions.php(270): Illuminate\\Foundation\\Bootstrap\\HandleExceptions->handleShutdown()
#3 D:\\Project\\Techsense\\vendor\\laravel\\framework\\src\\Illuminate\\Foundation\\Bootstrap\\HandleExceptions.php(0): Illuminate\\Foundation\\Bootstrap\\HandleExceptions->Illuminate\\Foundation\\Bootstrap\\{closure:D:\\Project\\Techsense\\vendor\\laravel\\framework\\src\\Illuminate\\Foundation\\Bootstrap\\HandleExceptions.php:269-271}()
#4 {main}
"} 
[2025-09-21 12:34:42] live.ERROR: Uncaught Symfony\Component\Finder\Exception\DirectoryNotFoundException: The "D:\Project\Techsense\custom_views" directory does not exist. in D:\Project\Techsense\vendor\symfony\finder\Finder.php:649
Stack trace:
#0 D:\Project\Techsense\vendor\laravel\framework\src\Illuminate\Filesystem\Filesystem.php(569): Symfony\Component\Finder\Finder->in('D:\\Project\\Tech...')
#1 Command line code(1): Illuminate\Filesystem\Filesystem->files('D:\\Project\\Tech...')
#2 Command line code(1): getViews('D:\\Project\\Tech...', Object(Illuminate\Filesystem\Filesystem))
#3 {main}
  thrown {"exception":"[object] (Symfony\\Component\\ErrorHandler\\Error\\FatalError(code: 0): Uncaught Symfony\\Component\\Finder\\Exception\\DirectoryNotFoundException: The \"D:\\Project\\Techsense\\custom_views\" directory does not exist. in D:\\Project\\Techsense\\vendor\\symfony\\finder\\Finder.php:649
Stack trace:
#0 D:\\Project\\Techsense\\vendor\\laravel\\framework\\src\\Illuminate\\Filesystem\\Filesystem.php(569): Symfony\\Component\\Finder\\Finder->in('D:\\\\Project\\\\Tech...')
#1 Command line code(1): Illuminate\\Filesystem\\Filesystem->files('D:\\\\Project\\\\Tech...')
#2 Command line code(1): getViews('D:\\\\Project\\\\Tech...', Object(Illuminate\\Filesystem\\Filesystem))
#3 {main}
  thrown at D:\\Project\\Techsense\\vendor\\symfony\\finder\\Finder.php:649)
[stacktrace]
#0 D:\\Project\\Techsense\\vendor\\laravel\\framework\\src\\Illuminate\\Foundation\\Bootstrap\\HandleExceptions.php(259): Symfony\\Component\\ErrorHandler\\Error\\FatalError->__construct(message: ''Uncaught Symfo...', code: '0', error: '['type' => 1, '...', traceOffset: '0', traceArgs: '???', trace: '???')
#1 D:\\Project\\Techsense\\vendor\\laravel\\framework\\src\\Illuminate\\Foundation\\Bootstrap\\HandleExceptions.php(246): Illuminate\\Foundation\\Bootstrap\\HandleExceptions->fatalErrorFromPhpError(error: '['type' => 1, '...', traceOffset: '0')
#2 D:\\Project\\Techsense\\vendor\\laravel\\framework\\src\\Illuminate\\Foundation\\Bootstrap\\HandleExceptions.php(270): Illuminate\\Foundation\\Bootstrap\\HandleExceptions->handleShutdown()
#3 D:\\Project\\Techsense\\vendor\\laravel\\framework\\src\\Illuminate\\Foundation\\Bootstrap\\HandleExceptions.php(0): Illuminate\\Foundation\\Bootstrap\\HandleExceptions->Illuminate\\Foundation\\Bootstrap\\{closure:D:\\Project\\Techsense\\vendor\\laravel\\framework\\src\\Illuminate\\Foundation\\Bootstrap\\HandleExceptions.php:269-271}()
#4 {main}
"} 
[2025-09-21 12:34:43] live.ERROR: Uncaught Symfony\Component\Finder\Exception\DirectoryNotFoundException: The "D:\Project\Techsense\custom_views" directory does not exist. in D:\Project\Techsense\vendor\symfony\finder\Finder.php:649
Stack trace:
#0 D:\Project\Techsense\vendor\laravel\framework\src\Illuminate\Filesystem\Filesystem.php(569): Symfony\Component\Finder\Finder->in('D:\\Project\\Tech...')
#1 Command line code(1): Illuminate\Filesystem\Filesystem->files('D:\\Project\\Tech...')
#2 Command line code(1): getViews('D:\\Project\\Tech...', Object(Illuminate\Filesystem\Filesystem))
#3 {main}
  thrown {"exception":"[object] (Symfony\\Component\\ErrorHandler\\Error\\FatalError(code: 0): Uncaught Symfony\\Component\\Finder\\Exception\\DirectoryNotFoundException: The \"D:\\Project\\Techsense\\custom_views\" directory does not exist. in D:\\Project\\Techsense\\vendor\\symfony\\finder\\Finder.php:649
Stack trace:
#0 D:\\Project\\Techsense\\vendor\\laravel\\framework\\src\\Illuminate\\Filesystem\\Filesystem.php(569): Symfony\\Component\\Finder\\Finder->in('D:\\\\Project\\\\Tech...')
#1 Command line code(1): Illuminate\\Filesystem\\Filesystem->files('D:\\\\Project\\\\Tech...')
#2 Command line code(1): getViews('D:\\\\Project\\\\Tech...', Object(Illuminate\\Filesystem\\Filesystem))
#3 {main}
  thrown at D:\\Project\\Techsense\\vendor\\symfony\\finder\\Finder.php:649)
[stacktrace]
#0 D:\\Project\\Techsense\\vendor\\laravel\\framework\\src\\Illuminate\\Foundation\\Bootstrap\\HandleExceptions.php(259): Symfony\\Component\\ErrorHandler\\Error\\FatalError->__construct(message: ''Uncaught Symfo...', code: '0', error: '['type' => 1, '...', traceOffset: '0', traceArgs: '???', trace: '???')
#1 D:\\Project\\Techsense\\vendor\\laravel\\framework\\src\\Illuminate\\Foundation\\Bootstrap\\HandleExceptions.php(246): Illuminate\\Foundation\\Bootstrap\\HandleExceptions->fatalErrorFromPhpError(error: '['type' => 1, '...', traceOffset: '0')
#2 D:\\Project\\Techsense\\vendor\\laravel\\framework\\src\\Illuminate\\Foundation\\Bootstrap\\HandleExceptions.php(270): Illuminate\\Foundation\\Bootstrap\\HandleExceptions->handleShutdown()
#3 D:\\Project\\Techsense\\vendor\\laravel\\framework\\src\\Illuminate\\Foundation\\Bootstrap\\HandleExceptions.php(0): Illuminate\\Foundation\\Bootstrap\\HandleExceptions->Illuminate\\Foundation\\Bootstrap\\{closure:D:\\Project\\Techsense\\vendor\\laravel\\framework\\src\\Illuminate\\Foundation\\Bootstrap\\HandleExceptions.php:269-271}()
#4 {main}
"} 
[2025-09-21 12:34:44] live.ERROR: Uncaught Symfony\Component\Finder\Exception\DirectoryNotFoundException: The "D:\Project\Techsense\custom_views" directory does not exist. in D:\Project\Techsense\vendor\symfony\finder\Finder.php:649
Stack trace:
#0 D:\Project\Techsense\vendor\laravel\framework\src\Illuminate\Filesystem\Filesystem.php(569): Symfony\Component\Finder\Finder->in('D:\\Project\\Tech...')
#1 Command line code(1): Illuminate\Filesystem\Filesystem->files('D:\\Project\\Tech...')
#2 Command line code(1): getViews('D:\\Project\\Tech...', Object(Illuminate\Filesystem\Filesystem))
#3 {main}
  thrown {"exception":"[object] (Symfony\\Component\\ErrorHandler\\Error\\FatalError(code: 0): Uncaught Symfony\\Component\\Finder\\Exception\\DirectoryNotFoundException: The \"D:\\Project\\Techsense\\custom_views\" directory does not exist. in D:\\Project\\Techsense\\vendor\\symfony\\finder\\Finder.php:649
Stack trace:
#0 D:\\Project\\Techsense\\vendor\\laravel\\framework\\src\\Illuminate\\Filesystem\\Filesystem.php(569): Symfony\\Component\\Finder\\Finder->in('D:\\\\Project\\\\Tech...')
#1 Command line code(1): Illuminate\\Filesystem\\Filesystem->files('D:\\\\Project\\\\Tech...')
#2 Command line code(1): getViews('D:\\\\Project\\\\Tech...', Object(Illuminate\\Filesystem\\Filesystem))
#3 {main}
  thrown at D:\\Project\\Techsense\\vendor\\symfony\\finder\\Finder.php:649)
[stacktrace]
#0 D:\\Project\\Techsense\\vendor\\laravel\\framework\\src\\Illuminate\\Foundation\\Bootstrap\\HandleExceptions.php(259): Symfony\\Component\\ErrorHandler\\Error\\FatalError->__construct(message: ''Uncaught Symfo...', code: '0', error: '['type' => 1, '...', traceOffset: '0', traceArgs: '???', trace: '???')
#1 D:\\Project\\Techsense\\vendor\\laravel\\framework\\src\\Illuminate\\Foundation\\Bootstrap\\HandleExceptions.php(246): Illuminate\\Foundation\\Bootstrap\\HandleExceptions->fatalErrorFromPhpError(error: '['type' => 1, '...', traceOffset: '0')
#2 D:\\Project\\Techsense\\vendor\\laravel\\framework\\src\\Illuminate\\Foundation\\Bootstrap\\HandleExceptions.php(270): Illuminate\\Foundation\\Bootstrap\\HandleExceptions->handleShutdown()
#3 D:\\Project\\Techsense\\vendor\\laravel\\framework\\src\\Illuminate\\Foundation\\Bootstrap\\HandleExceptions.php(0): Illuminate\\Foundation\\Bootstrap\\HandleExceptions->Illuminate\\Foundation\\Bootstrap\\{closure:D:\\Project\\Techsense\\vendor\\laravel\\framework\\src\\Illuminate\\Foundation\\Bootstrap\\HandleExceptions.php:269-271}()
#4 {main}
"} 
[2025-09-21 12:34:47] live.ERROR: Uncaught Symfony\Component\Finder\Exception\DirectoryNotFoundException: The "D:\Project\Techsense\custom_views" directory does not exist. in D:\Project\Techsense\vendor\symfony\finder\Finder.php:649
Stack trace:
#0 D:\Project\Techsense\vendor\laravel\framework\src\Illuminate\Filesystem\Filesystem.php(569): Symfony\Component\Finder\Finder->in('D:\\Project\\Tech...')
#1 Command line code(1): Illuminate\Filesystem\Filesystem->files('D:\\Project\\Tech...')
#2 Command line code(1): getViews('D:\\Project\\Tech...', Object(Illuminate\Filesystem\Filesystem))
#3 {main}
  thrown {"exception":"[object] (Symfony\\Component\\ErrorHandler\\Error\\FatalError(code: 0): Uncaught Symfony\\Component\\Finder\\Exception\\DirectoryNotFoundException: The \"D:\\Project\\Techsense\\custom_views\" directory does not exist. in D:\\Project\\Techsense\\vendor\\symfony\\finder\\Finder.php:649
Stack trace:
#0 D:\\Project\\Techsense\\vendor\\laravel\\framework\\src\\Illuminate\\Filesystem\\Filesystem.php(569): Symfony\\Component\\Finder\\Finder->in('D:\\\\Project\\\\Tech...')
#1 Command line code(1): Illuminate\\Filesystem\\Filesystem->files('D:\\\\Project\\\\Tech...')
#2 Command line code(1): getViews('D:\\\\Project\\\\Tech...', Object(Illuminate\\Filesystem\\Filesystem))
#3 {main}
  thrown at D:\\Project\\Techsense\\vendor\\symfony\\finder\\Finder.php:649)
[stacktrace]
#0 D:\\Project\\Techsense\\vendor\\laravel\\framework\\src\\Illuminate\\Foundation\\Bootstrap\\HandleExceptions.php(259): Symfony\\Component\\ErrorHandler\\Error\\FatalError->__construct(message: ''Uncaught Symfo...', code: '0', error: '['type' => 1, '...', traceOffset: '0', traceArgs: '???', trace: '???')
#1 D:\\Project\\Techsense\\vendor\\laravel\\framework\\src\\Illuminate\\Foundation\\Bootstrap\\HandleExceptions.php(246): Illuminate\\Foundation\\Bootstrap\\HandleExceptions->fatalErrorFromPhpError(error: '['type' => 1, '...', traceOffset: '0')
#2 D:\\Project\\Techsense\\vendor\\laravel\\framework\\src\\Illuminate\\Foundation\\Bootstrap\\HandleExceptions.php(270): Illuminate\\Foundation\\Bootstrap\\HandleExceptions->handleShutdown()
#3 D:\\Project\\Techsense\\vendor\\laravel\\framework\\src\\Illuminate\\Foundation\\Bootstrap\\HandleExceptions.php(0): Illuminate\\Foundation\\Bootstrap\\HandleExceptions->Illuminate\\Foundation\\Bootstrap\\{closure:D:\\Project\\Techsense\\vendor\\laravel\\framework\\src\\Illuminate\\Foundation\\Bootstrap\\HandleExceptions.php:269-271}()
#4 {main}
"} 
[2025-09-21 12:34:48] live.ERROR: Uncaught Symfony\Component\Finder\Exception\DirectoryNotFoundException: The "D:\Project\Techsense\custom_views" directory does not exist. in D:\Project\Techsense\vendor\symfony\finder\Finder.php:649
Stack trace:
#0 D:\Project\Techsense\vendor\laravel\framework\src\Illuminate\Filesystem\Filesystem.php(569): Symfony\Component\Finder\Finder->in('D:\\Project\\Tech...')
#1 Command line code(1): Illuminate\Filesystem\Filesystem->files('D:\\Project\\Tech...')
#2 Command line code(1): getViews('D:\\Project\\Tech...', Object(Illuminate\Filesystem\Filesystem))
#3 {main}
  thrown {"exception":"[object] (Symfony\\Component\\ErrorHandler\\Error\\FatalError(code: 0): Uncaught Symfony\\Component\\Finder\\Exception\\DirectoryNotFoundException: The \"D:\\Project\\Techsense\\custom_views\" directory does not exist. in D:\\Project\\Techsense\\vendor\\symfony\\finder\\Finder.php:649
Stack trace:
#0 D:\\Project\\Techsense\\vendor\\laravel\\framework\\src\\Illuminate\\Filesystem\\Filesystem.php(569): Symfony\\Component\\Finder\\Finder->in('D:\\\\Project\\\\Tech...')
#1 Command line code(1): Illuminate\\Filesystem\\Filesystem->files('D:\\\\Project\\\\Tech...')
#2 Command line code(1): getViews('D:\\\\Project\\\\Tech...', Object(Illuminate\\Filesystem\\Filesystem))
#3 {main}
  thrown at D:\\Project\\Techsense\\vendor\\symfony\\finder\\Finder.php:649)
[stacktrace]
#0 D:\\Project\\Techsense\\vendor\\laravel\\framework\\src\\Illuminate\\Foundation\\Bootstrap\\HandleExceptions.php(259): Symfony\\Component\\ErrorHandler\\Error\\FatalError->__construct(message: ''Uncaught Symfo...', code: '0', error: '['type' => 1, '...', traceOffset: '0', traceArgs: '???', trace: '???')
#1 D:\\Project\\Techsense\\vendor\\laravel\\framework\\src\\Illuminate\\Foundation\\Bootstrap\\HandleExceptions.php(246): Illuminate\\Foundation\\Bootstrap\\HandleExceptions->fatalErrorFromPhpError(error: '['type' => 1, '...', traceOffset: '0')
#2 D:\\Project\\Techsense\\vendor\\laravel\\framework\\src\\Illuminate\\Foundation\\Bootstrap\\HandleExceptions.php(270): Illuminate\\Foundation\\Bootstrap\\HandleExceptions->handleShutdown()
#3 D:\\Project\\Techsense\\vendor\\laravel\\framework\\src\\Illuminate\\Foundation\\Bootstrap\\HandleExceptions.php(0): Illuminate\\Foundation\\Bootstrap\\HandleExceptions->Illuminate\\Foundation\\Bootstrap\\{closure:D:\\Project\\Techsense\\vendor\\laravel\\framework\\src\\Illuminate\\Foundation\\Bootstrap\\HandleExceptions.php:269-271}()
#4 {main}
"} 
[2025-09-21 12:34:50] live.ERROR: Uncaught Symfony\Component\Finder\Exception\DirectoryNotFoundException: The "D:\Project\Techsense\custom_views" directory does not exist. in D:\Project\Techsense\vendor\symfony\finder\Finder.php:649
Stack trace:
#0 D:\Project\Techsense\vendor\laravel\framework\src\Illuminate\Filesystem\Filesystem.php(569): Symfony\Component\Finder\Finder->in('D:\\Project\\Tech...')
#1 Command line code(1): Illuminate\Filesystem\Filesystem->files('D:\\Project\\Tech...')
#2 Command line code(1): getViews('D:\\Project\\Tech...', Object(Illuminate\Filesystem\Filesystem))
#3 {main}
  thrown {"exception":"[object] (Symfony\\Component\\ErrorHandler\\Error\\FatalError(code: 0): Uncaught Symfony\\Component\\Finder\\Exception\\DirectoryNotFoundException: The \"D:\\Project\\Techsense\\custom_views\" directory does not exist. in D:\\Project\\Techsense\\vendor\\symfony\\finder\\Finder.php:649
Stack trace:
#0 D:\\Project\\Techsense\\vendor\\laravel\\framework\\src\\Illuminate\\Filesystem\\Filesystem.php(569): Symfony\\Component\\Finder\\Finder->in('D:\\\\Project\\\\Tech...')
#1 Command line code(1): Illuminate\\Filesystem\\Filesystem->files('D:\\\\Project\\\\Tech...')
#2 Command line code(1): getViews('D:\\\\Project\\\\Tech...', Object(Illuminate\\Filesystem\\Filesystem))
#3 {main}
  thrown at D:\\Project\\Techsense\\vendor\\symfony\\finder\\Finder.php:649)
[stacktrace]
#0 D:\\Project\\Techsense\\vendor\\laravel\\framework\\src\\Illuminate\\Foundation\\Bootstrap\\HandleExceptions.php(259): Symfony\\Component\\ErrorHandler\\Error\\FatalError->__construct(message: ''Uncaught Symfo...', code: '0', error: '['type' => 1, '...', traceOffset: '0', traceArgs: '???', trace: '???')
#1 D:\\Project\\Techsense\\vendor\\laravel\\framework\\src\\Illuminate\\Foundation\\Bootstrap\\HandleExceptions.php(246): Illuminate\\Foundation\\Bootstrap\\HandleExceptions->fatalErrorFromPhpError(error: '['type' => 1, '...', traceOffset: '0')
#2 D:\\Project\\Techsense\\vendor\\laravel\\framework\\src\\Illuminate\\Foundation\\Bootstrap\\HandleExceptions.php(270): Illuminate\\Foundation\\Bootstrap\\HandleExceptions->handleShutdown()
#3 D:\\Project\\Techsense\\vendor\\laravel\\framework\\src\\Illuminate\\Foundation\\Bootstrap\\HandleExceptions.php(0): Illuminate\\Foundation\\Bootstrap\\HandleExceptions->Illuminate\\Foundation\\Bootstrap\\{closure:D:\\Project\\Techsense\\vendor\\laravel\\framework\\src\\Illuminate\\Foundation\\Bootstrap\\HandleExceptions.php:269-271}()
#4 {main}
"} 
[2025-09-21 12:34:50] live.ERROR: Uncaught ReflectionException: Class "App\Policies\ModelPolicy" does not exist in Command line code:1
Stack trace:
#0 Command line code(1): ReflectionClass->__construct('App\\Policies\\Mo...')
#1 [internal function]: {closure}('App\\Policies\\Mo...', 'App\\Model')
#2 Command line code(1): array_map(Object(Closure), Array, Array)
#3 {main}
  thrown {"exception":"[object] (Symfony\\Component\\ErrorHandler\\Error\\FatalError(code: 0): Uncaught ReflectionException: Class \"App\\Policies\\ModelPolicy\" does not exist in Command line code:1
Stack trace:
#0 Command line code(1): ReflectionClass->__construct('App\\\\Policies\\\\Mo...')
#1 [internal function]: {closure}('App\\\\Policies\\\\Mo...', 'App\\\\Model')
#2 Command line code(1): array_map(Object(Closure), Array, Array)
#3 {main}
  thrown at Command line code:1)
[stacktrace]
#0 D:\\Project\\Techsense\\vendor\\laravel\\framework\\src\\Illuminate\\Foundation\\Bootstrap\\HandleExceptions.php(259): Symfony\\Component\\ErrorHandler\\Error\\FatalError->__construct(message: ''Uncaught Refle...', code: '0', error: '['type' => 1, '...', traceOffset: '0', traceArgs: '???', trace: '???')
#1 D:\\Project\\Techsense\\vendor\\laravel\\framework\\src\\Illuminate\\Foundation\\Bootstrap\\HandleExceptions.php(246): Illuminate\\Foundation\\Bootstrap\\HandleExceptions->fatalErrorFromPhpError(error: '['type' => 1, '...', traceOffset: '0')
#2 D:\\Project\\Techsense\\vendor\\laravel\\framework\\src\\Illuminate\\Foundation\\Bootstrap\\HandleExceptions.php(270): Illuminate\\Foundation\\Bootstrap\\HandleExceptions->handleShutdown()
#3 D:\\Project\\Techsense\\vendor\\laravel\\framework\\src\\Illuminate\\Foundation\\Bootstrap\\HandleExceptions.php(0): Illuminate\\Foundation\\Bootstrap\\HandleExceptions->Illuminate\\Foundation\\Bootstrap\\{closure:D:\\Project\\Techsense\\vendor\\laravel\\framework\\src\\Illuminate\\Foundation\\Bootstrap\\HandleExceptions.php:269-271}()
#4 {main}
"} 
[2025-09-21 12:34:51] live.ERROR: Uncaught Symfony\Component\Finder\Exception\DirectoryNotFoundException: The "D:\Project\Techsense\custom_views" directory does not exist. in D:\Project\Techsense\vendor\symfony\finder\Finder.php:649
Stack trace:
#0 D:\Project\Techsense\vendor\laravel\framework\src\Illuminate\Filesystem\Filesystem.php(569): Symfony\Component\Finder\Finder->in('D:\\Project\\Tech...')
#1 Command line code(1): Illuminate\Filesystem\Filesystem->files('D:\\Project\\Tech...')
#2 Command line code(1): getViews('D:\\Project\\Tech...', Object(Illuminate\Filesystem\Filesystem))
#3 {main}
  thrown {"exception":"[object] (Symfony\\Component\\ErrorHandler\\Error\\FatalError(code: 0): Uncaught Symfony\\Component\\Finder\\Exception\\DirectoryNotFoundException: The \"D:\\Project\\Techsense\\custom_views\" directory does not exist. in D:\\Project\\Techsense\\vendor\\symfony\\finder\\Finder.php:649
Stack trace:
#0 D:\\Project\\Techsense\\vendor\\laravel\\framework\\src\\Illuminate\\Filesystem\\Filesystem.php(569): Symfony\\Component\\Finder\\Finder->in('D:\\\\Project\\\\Tech...')
#1 Command line code(1): Illuminate\\Filesystem\\Filesystem->files('D:\\\\Project\\\\Tech...')
#2 Command line code(1): getViews('D:\\\\Project\\\\Tech...', Object(Illuminate\\Filesystem\\Filesystem))
#3 {main}
  thrown at D:\\Project\\Techsense\\vendor\\symfony\\finder\\Finder.php:649)
[stacktrace]
#0 D:\\Project\\Techsense\\vendor\\laravel\\framework\\src\\Illuminate\\Foundation\\Bootstrap\\HandleExceptions.php(259): Symfony\\Component\\ErrorHandler\\Error\\FatalError->__construct(message: ''Uncaught Symfo...', code: '0', error: '['type' => 1, '...', traceOffset: '0', traceArgs: '???', trace: '???')
#1 D:\\Project\\Techsense\\vendor\\laravel\\framework\\src\\Illuminate\\Foundation\\Bootstrap\\HandleExceptions.php(246): Illuminate\\Foundation\\Bootstrap\\HandleExceptions->fatalErrorFromPhpError(error: '['type' => 1, '...', traceOffset: '0')
#2 D:\\Project\\Techsense\\vendor\\laravel\\framework\\src\\Illuminate\\Foundation\\Bootstrap\\HandleExceptions.php(270): Illuminate\\Foundation\\Bootstrap\\HandleExceptions->handleShutdown()
#3 D:\\Project\\Techsense\\vendor\\laravel\\framework\\src\\Illuminate\\Foundation\\Bootstrap\\HandleExceptions.php(0): Illuminate\\Foundation\\Bootstrap\\HandleExceptions->Illuminate\\Foundation\\Bootstrap\\{closure:D:\\Project\\Techsense\\vendor\\laravel\\framework\\src\\Illuminate\\Foundation\\Bootstrap\\HandleExceptions.php:269-271}()
#4 {main}
"} 
[2025-09-21 12:34:53] live.ERROR: Uncaught Symfony\Component\Finder\Exception\DirectoryNotFoundException: The "D:\Project\Techsense\custom_views" directory does not exist. in D:\Project\Techsense\vendor\symfony\finder\Finder.php:649
Stack trace:
#0 D:\Project\Techsense\vendor\laravel\framework\src\Illuminate\Filesystem\Filesystem.php(569): Symfony\Component\Finder\Finder->in('D:\\Project\\Tech...')
#1 Command line code(1): Illuminate\Filesystem\Filesystem->files('D:\\Project\\Tech...')
#2 Command line code(1): getViews('D:\\Project\\Tech...', Object(Illuminate\Filesystem\Filesystem))
#3 {main}
  thrown {"exception":"[object] (Symfony\\Component\\ErrorHandler\\Error\\FatalError(code: 0): Uncaught Symfony\\Component\\Finder\\Exception\\DirectoryNotFoundException: The \"D:\\Project\\Techsense\\custom_views\" directory does not exist. in D:\\Project\\Techsense\\vendor\\symfony\\finder\\Finder.php:649
Stack trace:
#0 D:\\Project\\Techsense\\vendor\\laravel\\framework\\src\\Illuminate\\Filesystem\\Filesystem.php(569): Symfony\\Component\\Finder\\Finder->in('D:\\\\Project\\\\Tech...')
#1 Command line code(1): Illuminate\\Filesystem\\Filesystem->files('D:\\\\Project\\\\Tech...')
#2 Command line code(1): getViews('D:\\\\Project\\\\Tech...', Object(Illuminate\\Filesystem\\Filesystem))
#3 {main}
  thrown at D:\\Project\\Techsense\\vendor\\symfony\\finder\\Finder.php:649)
[stacktrace]
#0 D:\\Project\\Techsense\\vendor\\laravel\\framework\\src\\Illuminate\\Foundation\\Bootstrap\\HandleExceptions.php(259): Symfony\\Component\\ErrorHandler\\Error\\FatalError->__construct(message: ''Uncaught Symfo...', code: '0', error: '['type' => 1, '...', traceOffset: '0', traceArgs: '???', trace: '???')
#1 D:\\Project\\Techsense\\vendor\\laravel\\framework\\src\\Illuminate\\Foundation\\Bootstrap\\HandleExceptions.php(246): Illuminate\\Foundation\\Bootstrap\\HandleExceptions->fatalErrorFromPhpError(error: '['type' => 1, '...', traceOffset: '0')
#2 D:\\Project\\Techsense\\vendor\\laravel\\framework\\src\\Illuminate\\Foundation\\Bootstrap\\HandleExceptions.php(270): Illuminate\\Foundation\\Bootstrap\\HandleExceptions->handleShutdown()
#3 D:\\Project\\Techsense\\vendor\\laravel\\framework\\src\\Illuminate\\Foundation\\Bootstrap\\HandleExceptions.php(0): Illuminate\\Foundation\\Bootstrap\\HandleExceptions->Illuminate\\Foundation\\Bootstrap\\{closure:D:\\Project\\Techsense\\vendor\\laravel\\framework\\src\\Illuminate\\Foundation\\Bootstrap\\HandleExceptions.php:269-271}()
#4 {main}
"} 
[2025-09-21 12:34:54] live.ERROR: Uncaught Symfony\Component\Finder\Exception\DirectoryNotFoundException: The "D:\Project\Techsense\custom_views" directory does not exist. in D:\Project\Techsense\vendor\symfony\finder\Finder.php:649
Stack trace:
#0 D:\Project\Techsense\vendor\laravel\framework\src\Illuminate\Filesystem\Filesystem.php(569): Symfony\Component\Finder\Finder->in('D:\\Project\\Tech...')
#1 Command line code(1): Illuminate\Filesystem\Filesystem->files('D:\\Project\\Tech...')
#2 Command line code(1): getViews('D:\\Project\\Tech...', Object(Illuminate\Filesystem\Filesystem))
#3 {main}
  thrown {"exception":"[object] (Symfony\\Component\\ErrorHandler\\Error\\FatalError(code: 0): Uncaught Symfony\\Component\\Finder\\Exception\\DirectoryNotFoundException: The \"D:\\Project\\Techsense\\custom_views\" directory does not exist. in D:\\Project\\Techsense\\vendor\\symfony\\finder\\Finder.php:649
Stack trace:
#0 D:\\Project\\Techsense\\vendor\\laravel\\framework\\src\\Illuminate\\Filesystem\\Filesystem.php(569): Symfony\\Component\\Finder\\Finder->in('D:\\\\Project\\\\Tech...')
#1 Command line code(1): Illuminate\\Filesystem\\Filesystem->files('D:\\\\Project\\\\Tech...')
#2 Command line code(1): getViews('D:\\\\Project\\\\Tech...', Object(Illuminate\\Filesystem\\Filesystem))
#3 {main}
  thrown at D:\\Project\\Techsense\\vendor\\symfony\\finder\\Finder.php:649)
[stacktrace]
#0 D:\\Project\\Techsense\\vendor\\laravel\\framework\\src\\Illuminate\\Foundation\\Bootstrap\\HandleExceptions.php(259): Symfony\\Component\\ErrorHandler\\Error\\FatalError->__construct(message: ''Uncaught Symfo...', code: '0', error: '['type' => 1, '...', traceOffset: '0', traceArgs: '???', trace: '???')
#1 D:\\Project\\Techsense\\vendor\\laravel\\framework\\src\\Illuminate\\Foundation\\Bootstrap\\HandleExceptions.php(246): Illuminate\\Foundation\\Bootstrap\\HandleExceptions->fatalErrorFromPhpError(error: '['type' => 1, '...', traceOffset: '0')
#2 D:\\Project\\Techsense\\vendor\\laravel\\framework\\src\\Illuminate\\Foundation\\Bootstrap\\HandleExceptions.php(270): Illuminate\\Foundation\\Bootstrap\\HandleExceptions->handleShutdown()
#3 D:\\Project\\Techsense\\vendor\\laravel\\framework\\src\\Illuminate\\Foundation\\Bootstrap\\HandleExceptions.php(0): Illuminate\\Foundation\\Bootstrap\\HandleExceptions->Illuminate\\Foundation\\Bootstrap\\{closure:D:\\Project\\Techsense\\vendor\\laravel\\framework\\src\\Illuminate\\Foundation\\Bootstrap\\HandleExceptions.php:269-271}()
#4 {main}
"} 
[2025-09-21 12:34:57] live.ERROR: Uncaught Symfony\Component\Finder\Exception\DirectoryNotFoundException: The "D:\Project\Techsense\custom_views" directory does not exist. in D:\Project\Techsense\vendor\symfony\finder\Finder.php:649
Stack trace:
#0 D:\Project\Techsense\vendor\laravel\framework\src\Illuminate\Filesystem\Filesystem.php(569): Symfony\Component\Finder\Finder->in('D:\\Project\\Tech...')
#1 Command line code(1): Illuminate\Filesystem\Filesystem->files('D:\\Project\\Tech...')
#2 Command line code(1): getViews('D:\\Project\\Tech...', Object(Illuminate\Filesystem\Filesystem))
#3 {main}
  thrown {"exception":"[object] (Symfony\\Component\\ErrorHandler\\Error\\FatalError(code: 0): Uncaught Symfony\\Component\\Finder\\Exception\\DirectoryNotFoundException: The \"D:\\Project\\Techsense\\custom_views\" directory does not exist. in D:\\Project\\Techsense\\vendor\\symfony\\finder\\Finder.php:649
Stack trace:
#0 D:\\Project\\Techsense\\vendor\\laravel\\framework\\src\\Illuminate\\Filesystem\\Filesystem.php(569): Symfony\\Component\\Finder\\Finder->in('D:\\\\Project\\\\Tech...')
#1 Command line code(1): Illuminate\\Filesystem\\Filesystem->files('D:\\\\Project\\\\Tech...')
#2 Command line code(1): getViews('D:\\\\Project\\\\Tech...', Object(Illuminate\\Filesystem\\Filesystem))
#3 {main}
  thrown at D:\\Project\\Techsense\\vendor\\symfony\\finder\\Finder.php:649)
[stacktrace]
#0 D:\\Project\\Techsense\\vendor\\laravel\\framework\\src\\Illuminate\\Foundation\\Bootstrap\\HandleExceptions.php(259): Symfony\\Component\\ErrorHandler\\Error\\FatalError->__construct(message: ''Uncaught Symfo...', code: '0', error: '['type' => 1, '...', traceOffset: '0', traceArgs: '???', trace: '???')
#1 D:\\Project\\Techsense\\vendor\\laravel\\framework\\src\\Illuminate\\Foundation\\Bootstrap\\HandleExceptions.php(246): Illuminate\\Foundation\\Bootstrap\\HandleExceptions->fatalErrorFromPhpError(error: '['type' => 1, '...', traceOffset: '0')
#2 D:\\Project\\Techsense\\vendor\\laravel\\framework\\src\\Illuminate\\Foundation\\Bootstrap\\HandleExceptions.php(270): Illuminate\\Foundation\\Bootstrap\\HandleExceptions->handleShutdown()
#3 D:\\Project\\Techsense\\vendor\\laravel\\framework\\src\\Illuminate\\Foundation\\Bootstrap\\HandleExceptions.php(0): Illuminate\\Foundation\\Bootstrap\\HandleExceptions->Illuminate\\Foundation\\Bootstrap\\{closure:D:\\Project\\Techsense\\vendor\\laravel\\framework\\src\\Illuminate\\Foundation\\Bootstrap\\HandleExceptions.php:269-271}()
#4 {main}
"} 
[2025-09-21 12:34:58] live.ERROR: Uncaught Symfony\Component\Finder\Exception\DirectoryNotFoundException: The "D:\Project\Techsense\custom_views" directory does not exist. in D:\Project\Techsense\vendor\symfony\finder\Finder.php:649
Stack trace:
#0 D:\Project\Techsense\vendor\laravel\framework\src\Illuminate\Filesystem\Filesystem.php(569): Symfony\Component\Finder\Finder->in('D:\\Project\\Tech...')
#1 Command line code(1): Illuminate\Filesystem\Filesystem->files('D:\\Project\\Tech...')
#2 Command line code(1): getViews('D:\\Project\\Tech...', Object(Illuminate\Filesystem\Filesystem))
#3 {main}
  thrown {"exception":"[object] (Symfony\\Component\\ErrorHandler\\Error\\FatalError(code: 0): Uncaught Symfony\\Component\\Finder\\Exception\\DirectoryNotFoundException: The \"D:\\Project\\Techsense\\custom_views\" directory does not exist. in D:\\Project\\Techsense\\vendor\\symfony\\finder\\Finder.php:649
Stack trace:
#0 D:\\Project\\Techsense\\vendor\\laravel\\framework\\src\\Illuminate\\Filesystem\\Filesystem.php(569): Symfony\\Component\\Finder\\Finder->in('D:\\\\Project\\\\Tech...')
#1 Command line code(1): Illuminate\\Filesystem\\Filesystem->files('D:\\\\Project\\\\Tech...')
#2 Command line code(1): getViews('D:\\\\Project\\\\Tech...', Object(Illuminate\\Filesystem\\Filesystem))
#3 {main}
  thrown at D:\\Project\\Techsense\\vendor\\symfony\\finder\\Finder.php:649)
[stacktrace]
#0 D:\\Project\\Techsense\\vendor\\laravel\\framework\\src\\Illuminate\\Foundation\\Bootstrap\\HandleExceptions.php(259): Symfony\\Component\\ErrorHandler\\Error\\FatalError->__construct(message: ''Uncaught Symfo...', code: '0', error: '['type' => 1, '...', traceOffset: '0', traceArgs: '???', trace: '???')
#1 D:\\Project\\Techsense\\vendor\\laravel\\framework\\src\\Illuminate\\Foundation\\Bootstrap\\HandleExceptions.php(246): Illuminate\\Foundation\\Bootstrap\\HandleExceptions->fatalErrorFromPhpError(error: '['type' => 1, '...', traceOffset: '0')
#2 D:\\Project\\Techsense\\vendor\\laravel\\framework\\src\\Illuminate\\Foundation\\Bootstrap\\HandleExceptions.php(270): Illuminate\\Foundation\\Bootstrap\\HandleExceptions->handleShutdown()
#3 D:\\Project\\Techsense\\vendor\\laravel\\framework\\src\\Illuminate\\Foundation\\Bootstrap\\HandleExceptions.php(0): Illuminate\\Foundation\\Bootstrap\\HandleExceptions->Illuminate\\Foundation\\Bootstrap\\{closure:D:\\Project\\Techsense\\vendor\\laravel\\framework\\src\\Illuminate\\Foundation\\Bootstrap\\HandleExceptions.php:269-271}()
#4 {main}
"} 
[2025-09-21 12:35:00] live.ERROR: Uncaught Symfony\Component\Finder\Exception\DirectoryNotFoundException: The "D:\Project\Techsense\custom_views" directory does not exist. in D:\Project\Techsense\vendor\symfony\finder\Finder.php:649
Stack trace:
#0 D:\Project\Techsense\vendor\laravel\framework\src\Illuminate\Filesystem\Filesystem.php(569): Symfony\Component\Finder\Finder->in('D:\\Project\\Tech...')
#1 Command line code(1): Illuminate\Filesystem\Filesystem->files('D:\\Project\\Tech...')
#2 Command line code(1): getViews('D:\\Project\\Tech...', Object(Illuminate\Filesystem\Filesystem))
#3 {main}
  thrown {"exception":"[object] (Symfony\\Component\\ErrorHandler\\Error\\FatalError(code: 0): Uncaught Symfony\\Component\\Finder\\Exception\\DirectoryNotFoundException: The \"D:\\Project\\Techsense\\custom_views\" directory does not exist. in D:\\Project\\Techsense\\vendor\\symfony\\finder\\Finder.php:649
Stack trace:
#0 D:\\Project\\Techsense\\vendor\\laravel\\framework\\src\\Illuminate\\Filesystem\\Filesystem.php(569): Symfony\\Component\\Finder\\Finder->in('D:\\\\Project\\\\Tech...')
#1 Command line code(1): Illuminate\\Filesystem\\Filesystem->files('D:\\\\Project\\\\Tech...')
#2 Command line code(1): getViews('D:\\\\Project\\\\Tech...', Object(Illuminate\\Filesystem\\Filesystem))
#3 {main}
  thrown at D:\\Project\\Techsense\\vendor\\symfony\\finder\\Finder.php:649)
[stacktrace]
#0 D:\\Project\\Techsense\\vendor\\laravel\\framework\\src\\Illuminate\\Foundation\\Bootstrap\\HandleExceptions.php(259): Symfony\\Component\\ErrorHandler\\Error\\FatalError->__construct(message: ''Uncaught Symfo...', code: '0', error: '['type' => 1, '...', traceOffset: '0', traceArgs: '???', trace: '???')
#1 D:\\Project\\Techsense\\vendor\\laravel\\framework\\src\\Illuminate\\Foundation\\Bootstrap\\HandleExceptions.php(246): Illuminate\\Foundation\\Bootstrap\\HandleExceptions->fatalErrorFromPhpError(error: '['type' => 1, '...', traceOffset: '0')
#2 D:\\Project\\Techsense\\vendor\\laravel\\framework\\src\\Illuminate\\Foundation\\Bootstrap\\HandleExceptions.php(270): Illuminate\\Foundation\\Bootstrap\\HandleExceptions->handleShutdown()
#3 D:\\Project\\Techsense\\vendor\\laravel\\framework\\src\\Illuminate\\Foundation\\Bootstrap\\HandleExceptions.php(0): Illuminate\\Foundation\\Bootstrap\\HandleExceptions->Illuminate\\Foundation\\Bootstrap\\{closure:D:\\Project\\Techsense\\vendor\\laravel\\framework\\src\\Illuminate\\Foundation\\Bootstrap\\HandleExceptions.php:269-271}()
#4 {main}
"} 
[2025-09-21 12:35:02] live.ERROR: Uncaught Symfony\Component\Finder\Exception\DirectoryNotFoundException: The "D:\Project\Techsense\custom_views" directory does not exist. in D:\Project\Techsense\vendor\symfony\finder\Finder.php:649
Stack trace:
#0 D:\Project\Techsense\vendor\laravel\framework\src\Illuminate\Filesystem\Filesystem.php(569): Symfony\Component\Finder\Finder->in('D:\\Project\\Tech...')
#1 Command line code(1): Illuminate\Filesystem\Filesystem->files('D:\\Project\\Tech...')
#2 Command line code(1): getViews('D:\\Project\\Tech...', Object(Illuminate\Filesystem\Filesystem))
#3 {main}
  thrown {"exception":"[object] (Symfony\\Component\\ErrorHandler\\Error\\FatalError(code: 0): Uncaught Symfony\\Component\\Finder\\Exception\\DirectoryNotFoundException: The \"D:\\Project\\Techsense\\custom_views\" directory does not exist. in D:\\Project\\Techsense\\vendor\\symfony\\finder\\Finder.php:649
Stack trace:
#0 D:\\Project\\Techsense\\vendor\\laravel\\framework\\src\\Illuminate\\Filesystem\\Filesystem.php(569): Symfony\\Component\\Finder\\Finder->in('D:\\\\Project\\\\Tech...')
#1 Command line code(1): Illuminate\\Filesystem\\Filesystem->files('D:\\\\Project\\\\Tech...')
#2 Command line code(1): getViews('D:\\\\Project\\\\Tech...', Object(Illuminate\\Filesystem\\Filesystem))
#3 {main}
  thrown at D:\\Project\\Techsense\\vendor\\symfony\\finder\\Finder.php:649)
[stacktrace]
#0 D:\\Project\\Techsense\\vendor\\laravel\\framework\\src\\Illuminate\\Foundation\\Bootstrap\\HandleExceptions.php(259): Symfony\\Component\\ErrorHandler\\Error\\FatalError->__construct(message: ''Uncaught Symfo...', code: '0', error: '['type' => 1, '...', traceOffset: '0', traceArgs: '???', trace: '???')
#1 D:\\Project\\Techsense\\vendor\\laravel\\framework\\src\\Illuminate\\Foundation\\Bootstrap\\HandleExceptions.php(246): Illuminate\\Foundation\\Bootstrap\\HandleExceptions->fatalErrorFromPhpError(error: '['type' => 1, '...', traceOffset: '0')
#2 D:\\Project\\Techsense\\vendor\\laravel\\framework\\src\\Illuminate\\Foundation\\Bootstrap\\HandleExceptions.php(270): Illuminate\\Foundation\\Bootstrap\\HandleExceptions->handleShutdown()
#3 D:\\Project\\Techsense\\vendor\\laravel\\framework\\src\\Illuminate\\Foundation\\Bootstrap\\HandleExceptions.php(0): Illuminate\\Foundation\\Bootstrap\\HandleExceptions->Illuminate\\Foundation\\Bootstrap\\{closure:D:\\Project\\Techsense\\vendor\\laravel\\framework\\src\\Illuminate\\Foundation\\Bootstrap\\HandleExceptions.php:269-271}()
#4 {main}
"} 
[2025-09-21 12:35:04] live.ERROR: Uncaught Symfony\Component\Finder\Exception\DirectoryNotFoundException: The "D:\Project\Techsense\custom_views" directory does not exist. in D:\Project\Techsense\vendor\symfony\finder\Finder.php:649
Stack trace:
#0 D:\Project\Techsense\vendor\laravel\framework\src\Illuminate\Filesystem\Filesystem.php(569): Symfony\Component\Finder\Finder->in('D:\\Project\\Tech...')
#1 Command line code(1): Illuminate\Filesystem\Filesystem->files('D:\\Project\\Tech...')
#2 Command line code(1): getViews('D:\\Project\\Tech...', Object(Illuminate\Filesystem\Filesystem))
#3 {main}
  thrown {"exception":"[object] (Symfony\\Component\\ErrorHandler\\Error\\FatalError(code: 0): Uncaught Symfony\\Component\\Finder\\Exception\\DirectoryNotFoundException: The \"D:\\Project\\Techsense\\custom_views\" directory does not exist. in D:\\Project\\Techsense\\vendor\\symfony\\finder\\Finder.php:649
Stack trace:
#0 D:\\Project\\Techsense\\vendor\\laravel\\framework\\src\\Illuminate\\Filesystem\\Filesystem.php(569): Symfony\\Component\\Finder\\Finder->in('D:\\\\Project\\\\Tech...')
#1 Command line code(1): Illuminate\\Filesystem\\Filesystem->files('D:\\\\Project\\\\Tech...')
#2 Command line code(1): getViews('D:\\\\Project\\\\Tech...', Object(Illuminate\\Filesystem\\Filesystem))
#3 {main}
  thrown at D:\\Project\\Techsense\\vendor\\symfony\\finder\\Finder.php:649)
[stacktrace]
#0 D:\\Project\\Techsense\\vendor\\laravel\\framework\\src\\Illuminate\\Foundation\\Bootstrap\\HandleExceptions.php(259): Symfony\\Component\\ErrorHandler\\Error\\FatalError->__construct(message: ''Uncaught Symfo...', code: '0', error: '['type' => 1, '...', traceOffset: '0', traceArgs: '???', trace: '???')
#1 D:\\Project\\Techsense\\vendor\\laravel\\framework\\src\\Illuminate\\Foundation\\Bootstrap\\HandleExceptions.php(246): Illuminate\\Foundation\\Bootstrap\\HandleExceptions->fatalErrorFromPhpError(error: '['type' => 1, '...', traceOffset: '0')
#2 D:\\Project\\Techsense\\vendor\\laravel\\framework\\src\\Illuminate\\Foundation\\Bootstrap\\HandleExceptions.php(270): Illuminate\\Foundation\\Bootstrap\\HandleExceptions->handleShutdown()
#3 D:\\Project\\Techsense\\vendor\\laravel\\framework\\src\\Illuminate\\Foundation\\Bootstrap\\HandleExceptions.php(0): Illuminate\\Foundation\\Bootstrap\\HandleExceptions->Illuminate\\Foundation\\Bootstrap\\{closure:D:\\Project\\Techsense\\vendor\\laravel\\framework\\src\\Illuminate\\Foundation\\Bootstrap\\HandleExceptions.php:269-271}()
#4 {main}
"} 
[2025-09-21 12:35:06] live.ERROR: Uncaught Symfony\Component\Finder\Exception\DirectoryNotFoundException: The "D:\Project\Techsense\custom_views" directory does not exist. in D:\Project\Techsense\vendor\symfony\finder\Finder.php:649
Stack trace:
#0 D:\Project\Techsense\vendor\laravel\framework\src\Illuminate\Filesystem\Filesystem.php(569): Symfony\Component\Finder\Finder->in('D:\\Project\\Tech...')
#1 Command line code(1): Illuminate\Filesystem\Filesystem->files('D:\\Project\\Tech...')
#2 Command line code(1): getViews('D:\\Project\\Tech...', Object(Illuminate\Filesystem\Filesystem))
#3 {main}
  thrown {"exception":"[object] (Symfony\\Component\\ErrorHandler\\Error\\FatalError(code: 0): Uncaught Symfony\\Component\\Finder\\Exception\\DirectoryNotFoundException: The \"D:\\Project\\Techsense\\custom_views\" directory does not exist. in D:\\Project\\Techsense\\vendor\\symfony\\finder\\Finder.php:649
Stack trace:
#0 D:\\Project\\Techsense\\vendor\\laravel\\framework\\src\\Illuminate\\Filesystem\\Filesystem.php(569): Symfony\\Component\\Finder\\Finder->in('D:\\\\Project\\\\Tech...')
#1 Command line code(1): Illuminate\\Filesystem\\Filesystem->files('D:\\\\Project\\\\Tech...')
#2 Command line code(1): getViews('D:\\\\Project\\\\Tech...', Object(Illuminate\\Filesystem\\Filesystem))
#3 {main}
  thrown at D:\\Project\\Techsense\\vendor\\symfony\\finder\\Finder.php:649)
[stacktrace]
#0 D:\\Project\\Techsense\\vendor\\laravel\\framework\\src\\Illuminate\\Foundation\\Bootstrap\\HandleExceptions.php(259): Symfony\\Component\\ErrorHandler\\Error\\FatalError->__construct(message: ''Uncaught Symfo...', code: '0', error: '['type' => 1, '...', traceOffset: '0', traceArgs: '???', trace: '???')
#1 D:\\Project\\Techsense\\vendor\\laravel\\framework\\src\\Illuminate\\Foundation\\Bootstrap\\HandleExceptions.php(246): Illuminate\\Foundation\\Bootstrap\\HandleExceptions->fatalErrorFromPhpError(error: '['type' => 1, '...', traceOffset: '0')
#2 D:\\Project\\Techsense\\vendor\\laravel\\framework\\src\\Illuminate\\Foundation\\Bootstrap\\HandleExceptions.php(270): Illuminate\\Foundation\\Bootstrap\\HandleExceptions->handleShutdown()
#3 D:\\Project\\Techsense\\vendor\\laravel\\framework\\src\\Illuminate\\Foundation\\Bootstrap\\HandleExceptions.php(0): Illuminate\\Foundation\\Bootstrap\\HandleExceptions->Illuminate\\Foundation\\Bootstrap\\{closure:D:\\Project\\Techsense\\vendor\\laravel\\framework\\src\\Illuminate\\Foundation\\Bootstrap\\HandleExceptions.php:269-271}()
#4 {main}
"} 
[2025-09-21 12:35:08] live.ERROR: Uncaught Symfony\Component\Finder\Exception\DirectoryNotFoundException: The "D:\Project\Techsense\custom_views" directory does not exist. in D:\Project\Techsense\vendor\symfony\finder\Finder.php:649
Stack trace:
#0 D:\Project\Techsense\vendor\laravel\framework\src\Illuminate\Filesystem\Filesystem.php(569): Symfony\Component\Finder\Finder->in('D:\\Project\\Tech...')
#1 Command line code(1): Illuminate\Filesystem\Filesystem->files('D:\\Project\\Tech...')
#2 Command line code(1): getViews('D:\\Project\\Tech...', Object(Illuminate\Filesystem\Filesystem))
#3 {main}
  thrown {"exception":"[object] (Symfony\\Component\\ErrorHandler\\Error\\FatalError(code: 0): Uncaught Symfony\\Component\\Finder\\Exception\\DirectoryNotFoundException: The \"D:\\Project\\Techsense\\custom_views\" directory does not exist. in D:\\Project\\Techsense\\vendor\\symfony\\finder\\Finder.php:649
Stack trace:
#0 D:\\Project\\Techsense\\vendor\\laravel\\framework\\src\\Illuminate\\Filesystem\\Filesystem.php(569): Symfony\\Component\\Finder\\Finder->in('D:\\\\Project\\\\Tech...')
#1 Command line code(1): Illuminate\\Filesystem\\Filesystem->files('D:\\\\Project\\\\Tech...')
#2 Command line code(1): getViews('D:\\\\Project\\\\Tech...', Object(Illuminate\\Filesystem\\Filesystem))
#3 {main}
  thrown at D:\\Project\\Techsense\\vendor\\symfony\\finder\\Finder.php:649)
[stacktrace]
#0 D:\\Project\\Techsense\\vendor\\laravel\\framework\\src\\Illuminate\\Foundation\\Bootstrap\\HandleExceptions.php(259): Symfony\\Component\\ErrorHandler\\Error\\FatalError->__construct(message: ''Uncaught Symfo...', code: '0', error: '['type' => 1, '...', traceOffset: '0', traceArgs: '???', trace: '???')
#1 D:\\Project\\Techsense\\vendor\\laravel\\framework\\src\\Illuminate\\Foundation\\Bootstrap\\HandleExceptions.php(246): Illuminate\\Foundation\\Bootstrap\\HandleExceptions->fatalErrorFromPhpError(error: '['type' => 1, '...', traceOffset: '0')
#2 D:\\Project\\Techsense\\vendor\\laravel\\framework\\src\\Illuminate\\Foundation\\Bootstrap\\HandleExceptions.php(270): Illuminate\\Foundation\\Bootstrap\\HandleExceptions->handleShutdown()
#3 D:\\Project\\Techsense\\vendor\\laravel\\framework\\src\\Illuminate\\Foundation\\Bootstrap\\HandleExceptions.php(0): Illuminate\\Foundation\\Bootstrap\\HandleExceptions->Illuminate\\Foundation\\Bootstrap\\{closure:D:\\Project\\Techsense\\vendor\\laravel\\framework\\src\\Illuminate\\Foundation\\Bootstrap\\HandleExceptions.php:269-271}()
#4 {main}
"} 
[2025-09-21 12:35:10] live.ERROR: Uncaught Symfony\Component\Finder\Exception\DirectoryNotFoundException: The "D:\Project\Techsense\custom_views" directory does not exist. in D:\Project\Techsense\vendor\symfony\finder\Finder.php:649
Stack trace:
#0 D:\Project\Techsense\vendor\laravel\framework\src\Illuminate\Filesystem\Filesystem.php(569): Symfony\Component\Finder\Finder->in('D:\\Project\\Tech...')
#1 Command line code(1): Illuminate\Filesystem\Filesystem->files('D:\\Project\\Tech...')
#2 Command line code(1): getViews('D:\\Project\\Tech...', Object(Illuminate\Filesystem\Filesystem))
#3 {main}
  thrown {"exception":"[object] (Symfony\\Component\\ErrorHandler\\Error\\FatalError(code: 0): Uncaught Symfony\\Component\\Finder\\Exception\\DirectoryNotFoundException: The \"D:\\Project\\Techsense\\custom_views\" directory does not exist. in D:\\Project\\Techsense\\vendor\\symfony\\finder\\Finder.php:649
Stack trace:
#0 D:\\Project\\Techsense\\vendor\\laravel\\framework\\src\\Illuminate\\Filesystem\\Filesystem.php(569): Symfony\\Component\\Finder\\Finder->in('D:\\\\Project\\\\Tech...')
#1 Command line code(1): Illuminate\\Filesystem\\Filesystem->files('D:\\\\Project\\\\Tech...')
#2 Command line code(1): getViews('D:\\\\Project\\\\Tech...', Object(Illuminate\\Filesystem\\Filesystem))
#3 {main}
  thrown at D:\\Project\\Techsense\\vendor\\symfony\\finder\\Finder.php:649)
[stacktrace]
#0 D:\\Project\\Techsense\\vendor\\laravel\\framework\\src\\Illuminate\\Foundation\\Bootstrap\\HandleExceptions.php(259): Symfony\\Component\\ErrorHandler\\Error\\FatalError->__construct(message: ''Uncaught Symfo...', code: '0', error: '['type' => 1, '...', traceOffset: '0', traceArgs: '???', trace: '???')
#1 D:\\Project\\Techsense\\vendor\\laravel\\framework\\src\\Illuminate\\Foundation\\Bootstrap\\HandleExceptions.php(246): Illuminate\\Foundation\\Bootstrap\\HandleExceptions->fatalErrorFromPhpError(error: '['type' => 1, '...', traceOffset: '0')
#2 D:\\Project\\Techsense\\vendor\\laravel\\framework\\src\\Illuminate\\Foundation\\Bootstrap\\HandleExceptions.php(270): Illuminate\\Foundation\\Bootstrap\\HandleExceptions->handleShutdown()
#3 D:\\Project\\Techsense\\vendor\\laravel\\framework\\src\\Illuminate\\Foundation\\Bootstrap\\HandleExceptions.php(0): Illuminate\\Foundation\\Bootstrap\\HandleExceptions->Illuminate\\Foundation\\Bootstrap\\{closure:D:\\Project\\Techsense\\vendor\\laravel\\framework\\src\\Illuminate\\Foundation\\Bootstrap\\HandleExceptions.php:269-271}()
#4 {main}
"} 
[2025-09-21 12:35:13] live.ERROR: Uncaught Symfony\Component\Finder\Exception\DirectoryNotFoundException: The "D:\Project\Techsense\custom_views" directory does not exist. in D:\Project\Techsense\vendor\symfony\finder\Finder.php:649
Stack trace:
#0 D:\Project\Techsense\vendor\laravel\framework\src\Illuminate\Filesystem\Filesystem.php(569): Symfony\Component\Finder\Finder->in('D:\\Project\\Tech...')
#1 Command line code(1): Illuminate\Filesystem\Filesystem->files('D:\\Project\\Tech...')
#2 Command line code(1): getViews('D:\\Project\\Tech...', Object(Illuminate\Filesystem\Filesystem))
#3 {main}
  thrown {"exception":"[object] (Symfony\\Component\\ErrorHandler\\Error\\FatalError(code: 0): Uncaught Symfony\\Component\\Finder\\Exception\\DirectoryNotFoundException: The \"D:\\Project\\Techsense\\custom_views\" directory does not exist. in D:\\Project\\Techsense\\vendor\\symfony\\finder\\Finder.php:649
Stack trace:
#0 D:\\Project\\Techsense\\vendor\\laravel\\framework\\src\\Illuminate\\Filesystem\\Filesystem.php(569): Symfony\\Component\\Finder\\Finder->in('D:\\\\Project\\\\Tech...')
#1 Command line code(1): Illuminate\\Filesystem\\Filesystem->files('D:\\\\Project\\\\Tech...')
#2 Command line code(1): getViews('D:\\\\Project\\\\Tech...', Object(Illuminate\\Filesystem\\Filesystem))
#3 {main}
  thrown at D:\\Project\\Techsense\\vendor\\symfony\\finder\\Finder.php:649)
[stacktrace]
#0 D:\\Project\\Techsense\\vendor\\laravel\\framework\\src\\Illuminate\\Foundation\\Bootstrap\\HandleExceptions.php(259): Symfony\\Component\\ErrorHandler\\Error\\FatalError->__construct(message: ''Uncaught Symfo...', code: '0', error: '['type' => 1, '...', traceOffset: '0', traceArgs: '???', trace: '???')
#1 D:\\Project\\Techsense\\vendor\\laravel\\framework\\src\\Illuminate\\Foundation\\Bootstrap\\HandleExceptions.php(246): Illuminate\\Foundation\\Bootstrap\\HandleExceptions->fatalErrorFromPhpError(error: '['type' => 1, '...', traceOffset: '0')
#2 D:\\Project\\Techsense\\vendor\\laravel\\framework\\src\\Illuminate\\Foundation\\Bootstrap\\HandleExceptions.php(270): Illuminate\\Foundation\\Bootstrap\\HandleExceptions->handleShutdown()
#3 D:\\Project\\Techsense\\vendor\\laravel\\framework\\src\\Illuminate\\Foundation\\Bootstrap\\HandleExceptions.php(0): Illuminate\\Foundation\\Bootstrap\\HandleExceptions->Illuminate\\Foundation\\Bootstrap\\{closure:D:\\Project\\Techsense\\vendor\\laravel\\framework\\src\\Illuminate\\Foundation\\Bootstrap\\HandleExceptions.php:269-271}()
#4 {main}
"} 
[2025-09-21 12:35:15] live.ERROR: Uncaught Symfony\Component\Finder\Exception\DirectoryNotFoundException: The "D:\Project\Techsense\custom_views" directory does not exist. in D:\Project\Techsense\vendor\symfony\finder\Finder.php:649
Stack trace:
#0 D:\Project\Techsense\vendor\laravel\framework\src\Illuminate\Filesystem\Filesystem.php(569): Symfony\Component\Finder\Finder->in('D:\\Project\\Tech...')
#1 Command line code(1): Illuminate\Filesystem\Filesystem->files('D:\\Project\\Tech...')
#2 Command line code(1): getViews('D:\\Project\\Tech...', Object(Illuminate\Filesystem\Filesystem))
#3 {main}
  thrown {"exception":"[object] (Symfony\\Component\\ErrorHandler\\Error\\FatalError(code: 0): Uncaught Symfony\\Component\\Finder\\Exception\\DirectoryNotFoundException: The \"D:\\Project\\Techsense\\custom_views\" directory does not exist. in D:\\Project\\Techsense\\vendor\\symfony\\finder\\Finder.php:649
Stack trace:
#0 D:\\Project\\Techsense\\vendor\\laravel\\framework\\src\\Illuminate\\Filesystem\\Filesystem.php(569): Symfony\\Component\\Finder\\Finder->in('D:\\\\Project\\\\Tech...')
#1 Command line code(1): Illuminate\\Filesystem\\Filesystem->files('D:\\\\Project\\\\Tech...')
#2 Command line code(1): getViews('D:\\\\Project\\\\Tech...', Object(Illuminate\\Filesystem\\Filesystem))
#3 {main}
  thrown at D:\\Project\\Techsense\\vendor\\symfony\\finder\\Finder.php:649)
[stacktrace]
#0 D:\\Project\\Techsense\\vendor\\laravel\\framework\\src\\Illuminate\\Foundation\\Bootstrap\\HandleExceptions.php(259): Symfony\\Component\\ErrorHandler\\Error\\FatalError->__construct(message: ''Uncaught Symfo...', code: '0', error: '['type' => 1, '...', traceOffset: '0', traceArgs: '???', trace: '???')
#1 D:\\Project\\Techsense\\vendor\\laravel\\framework\\src\\Illuminate\\Foundation\\Bootstrap\\HandleExceptions.php(246): Illuminate\\Foundation\\Bootstrap\\HandleExceptions->fatalErrorFromPhpError(error: '['type' => 1, '...', traceOffset: '0')
#2 D:\\Project\\Techsense\\vendor\\laravel\\framework\\src\\Illuminate\\Foundation\\Bootstrap\\HandleExceptions.php(270): Illuminate\\Foundation\\Bootstrap\\HandleExceptions->handleShutdown()
#3 D:\\Project\\Techsense\\vendor\\laravel\\framework\\src\\Illuminate\\Foundation\\Bootstrap\\HandleExceptions.php(0): Illuminate\\Foundation\\Bootstrap\\HandleExceptions->Illuminate\\Foundation\\Bootstrap\\{closure:D:\\Project\\Techsense\\vendor\\laravel\\framework\\src\\Illuminate\\Foundation\\Bootstrap\\HandleExceptions.php:269-271}()
#4 {main}
"} 
[2025-09-21 12:35:16] live.ERROR: Uncaught Symfony\Component\Finder\Exception\DirectoryNotFoundException: The "D:\Project\Techsense\custom_views" directory does not exist. in D:\Project\Techsense\vendor\symfony\finder\Finder.php:649
Stack trace:
#0 D:\Project\Techsense\vendor\laravel\framework\src\Illuminate\Filesystem\Filesystem.php(569): Symfony\Component\Finder\Finder->in('D:\\Project\\Tech...')
#1 Command line code(1): Illuminate\Filesystem\Filesystem->files('D:\\Project\\Tech...')
#2 Command line code(1): getViews('D:\\Project\\Tech...', Object(Illuminate\Filesystem\Filesystem))
#3 {main}
  thrown {"exception":"[object] (Symfony\\Component\\ErrorHandler\\Error\\FatalError(code: 0): Uncaught Symfony\\Component\\Finder\\Exception\\DirectoryNotFoundException: The \"D:\\Project\\Techsense\\custom_views\" directory does not exist. in D:\\Project\\Techsense\\vendor\\symfony\\finder\\Finder.php:649
Stack trace:
#0 D:\\Project\\Techsense\\vendor\\laravel\\framework\\src\\Illuminate\\Filesystem\\Filesystem.php(569): Symfony\\Component\\Finder\\Finder->in('D:\\\\Project\\\\Tech...')
#1 Command line code(1): Illuminate\\Filesystem\\Filesystem->files('D:\\\\Project\\\\Tech...')
#2 Command line code(1): getViews('D:\\\\Project\\\\Tech...', Object(Illuminate\\Filesystem\\Filesystem))
#3 {main}
  thrown at D:\\Project\\Techsense\\vendor\\symfony\\finder\\Finder.php:649)
[stacktrace]
#0 D:\\Project\\Techsense\\vendor\\laravel\\framework\\src\\Illuminate\\Foundation\\Bootstrap\\HandleExceptions.php(259): Symfony\\Component\\ErrorHandler\\Error\\FatalError->__construct(message: ''Uncaught Symfo...', code: '0', error: '['type' => 1, '...', traceOffset: '0', traceArgs: '???', trace: '???')
#1 D:\\Project\\Techsense\\vendor\\laravel\\framework\\src\\Illuminate\\Foundation\\Bootstrap\\HandleExceptions.php(246): Illuminate\\Foundation\\Bootstrap\\HandleExceptions->fatalErrorFromPhpError(error: '['type' => 1, '...', traceOffset: '0')
#2 D:\\Project\\Techsense\\vendor\\laravel\\framework\\src\\Illuminate\\Foundation\\Bootstrap\\HandleExceptions.php(270): Illuminate\\Foundation\\Bootstrap\\HandleExceptions->handleShutdown()
#3 D:\\Project\\Techsense\\vendor\\laravel\\framework\\src\\Illuminate\\Foundation\\Bootstrap\\HandleExceptions.php(0): Illuminate\\Foundation\\Bootstrap\\HandleExceptions->Illuminate\\Foundation\\Bootstrap\\{closure:D:\\Project\\Techsense\\vendor\\laravel\\framework\\src\\Illuminate\\Foundation\\Bootstrap\\HandleExceptions.php:269-271}()
#4 {main}
"} 
[2025-09-21 12:35:18] live.ERROR: Uncaught Symfony\Component\Finder\Exception\DirectoryNotFoundException: The "D:\Project\Techsense\custom_views" directory does not exist. in D:\Project\Techsense\vendor\symfony\finder\Finder.php:649
Stack trace:
#0 D:\Project\Techsense\vendor\laravel\framework\src\Illuminate\Filesystem\Filesystem.php(569): Symfony\Component\Finder\Finder->in('D:\\Project\\Tech...')
#1 Command line code(1): Illuminate\Filesystem\Filesystem->files('D:\\Project\\Tech...')
#2 Command line code(1): getViews('D:\\Project\\Tech...', Object(Illuminate\Filesystem\Filesystem))
#3 {main}
  thrown {"exception":"[object] (Symfony\\Component\\ErrorHandler\\Error\\FatalError(code: 0): Uncaught Symfony\\Component\\Finder\\Exception\\DirectoryNotFoundException: The \"D:\\Project\\Techsense\\custom_views\" directory does not exist. in D:\\Project\\Techsense\\vendor\\symfony\\finder\\Finder.php:649
Stack trace:
#0 D:\\Project\\Techsense\\vendor\\laravel\\framework\\src\\Illuminate\\Filesystem\\Filesystem.php(569): Symfony\\Component\\Finder\\Finder->in('D:\\\\Project\\\\Tech...')
#1 Command line code(1): Illuminate\\Filesystem\\Filesystem->files('D:\\\\Project\\\\Tech...')
#2 Command line code(1): getViews('D:\\\\Project\\\\Tech...', Object(Illuminate\\Filesystem\\Filesystem))
#3 {main}
  thrown at D:\\Project\\Techsense\\vendor\\symfony\\finder\\Finder.php:649)
[stacktrace]
#0 D:\\Project\\Techsense\\vendor\\laravel\\framework\\src\\Illuminate\\Foundation\\Bootstrap\\HandleExceptions.php(259): Symfony\\Component\\ErrorHandler\\Error\\FatalError->__construct(message: ''Uncaught Symfo...', code: '0', error: '['type' => 1, '...', traceOffset: '0', traceArgs: '???', trace: '???')
#1 D:\\Project\\Techsense\\vendor\\laravel\\framework\\src\\Illuminate\\Foundation\\Bootstrap\\HandleExceptions.php(246): Illuminate\\Foundation\\Bootstrap\\HandleExceptions->fatalErrorFromPhpError(error: '['type' => 1, '...', traceOffset: '0')
#2 D:\\Project\\Techsense\\vendor\\laravel\\framework\\src\\Illuminate\\Foundation\\Bootstrap\\HandleExceptions.php(270): Illuminate\\Foundation\\Bootstrap\\HandleExceptions->handleShutdown()
#3 D:\\Project\\Techsense\\vendor\\laravel\\framework\\src\\Illuminate\\Foundation\\Bootstrap\\HandleExceptions.php(0): Illuminate\\Foundation\\Bootstrap\\HandleExceptions->Illuminate\\Foundation\\Bootstrap\\{closure:D:\\Project\\Techsense\\vendor\\laravel\\framework\\src\\Illuminate\\Foundation\\Bootstrap\\HandleExceptions.php:269-271}()
#4 {main}
"} 
[2025-09-21 12:35:19] live.ERROR: Uncaught Symfony\Component\Finder\Exception\DirectoryNotFoundException: The "D:\Project\Techsense\custom_views" directory does not exist. in D:\Project\Techsense\vendor\symfony\finder\Finder.php:649
Stack trace:
#0 D:\Project\Techsense\vendor\laravel\framework\src\Illuminate\Filesystem\Filesystem.php(569): Symfony\Component\Finder\Finder->in('D:\\Project\\Tech...')
#1 Command line code(1): Illuminate\Filesystem\Filesystem->files('D:\\Project\\Tech...')
#2 Command line code(1): getViews('D:\\Project\\Tech...', Object(Illuminate\Filesystem\Filesystem))
#3 {main}
  thrown {"exception":"[object] (Symfony\\Component\\ErrorHandler\\Error\\FatalError(code: 0): Uncaught Symfony\\Component\\Finder\\Exception\\DirectoryNotFoundException: The \"D:\\Project\\Techsense\\custom_views\" directory does not exist. in D:\\Project\\Techsense\\vendor\\symfony\\finder\\Finder.php:649
Stack trace:
#0 D:\\Project\\Techsense\\vendor\\laravel\\framework\\src\\Illuminate\\Filesystem\\Filesystem.php(569): Symfony\\Component\\Finder\\Finder->in('D:\\\\Project\\\\Tech...')
#1 Command line code(1): Illuminate\\Filesystem\\Filesystem->files('D:\\\\Project\\\\Tech...')
#2 Command line code(1): getViews('D:\\\\Project\\\\Tech...', Object(Illuminate\\Filesystem\\Filesystem))
#3 {main}
  thrown at D:\\Project\\Techsense\\vendor\\symfony\\finder\\Finder.php:649)
[stacktrace]
#0 D:\\Project\\Techsense\\vendor\\laravel\\framework\\src\\Illuminate\\Foundation\\Bootstrap\\HandleExceptions.php(259): Symfony\\Component\\ErrorHandler\\Error\\FatalError->__construct(message: ''Uncaught Symfo...', code: '0', error: '['type' => 1, '...', traceOffset: '0', traceArgs: '???', trace: '???')
#1 D:\\Project\\Techsense\\vendor\\laravel\\framework\\src\\Illuminate\\Foundation\\Bootstrap\\HandleExceptions.php(246): Illuminate\\Foundation\\Bootstrap\\HandleExceptions->fatalErrorFromPhpError(error: '['type' => 1, '...', traceOffset: '0')
#2 D:\\Project\\Techsense\\vendor\\laravel\\framework\\src\\Illuminate\\Foundation\\Bootstrap\\HandleExceptions.php(270): Illuminate\\Foundation\\Bootstrap\\HandleExceptions->handleShutdown()
#3 D:\\Project\\Techsense\\vendor\\laravel\\framework\\src\\Illuminate\\Foundation\\Bootstrap\\HandleExceptions.php(0): Illuminate\\Foundation\\Bootstrap\\HandleExceptions->Illuminate\\Foundation\\Bootstrap\\{closure:D:\\Project\\Techsense\\vendor\\laravel\\framework\\src\\Illuminate\\Foundation\\Bootstrap\\HandleExceptions.php:269-271}()
#4 {main}
"} 
[2025-09-21 12:35:21] live.ERROR: Uncaught Symfony\Component\Finder\Exception\DirectoryNotFoundException: The "D:\Project\Techsense\custom_views" directory does not exist. in D:\Project\Techsense\vendor\symfony\finder\Finder.php:649
Stack trace:
#0 D:\Project\Techsense\vendor\laravel\framework\src\Illuminate\Filesystem\Filesystem.php(569): Symfony\Component\Finder\Finder->in('D:\\Project\\Tech...')
#1 Command line code(1): Illuminate\Filesystem\Filesystem->files('D:\\Project\\Tech...')
#2 Command line code(1): getViews('D:\\Project\\Tech...', Object(Illuminate\Filesystem\Filesystem))
#3 {main}
  thrown {"exception":"[object] (Symfony\\Component\\ErrorHandler\\Error\\FatalError(code: 0): Uncaught Symfony\\Component\\Finder\\Exception\\DirectoryNotFoundException: The \"D:\\Project\\Techsense\\custom_views\" directory does not exist. in D:\\Project\\Techsense\\vendor\\symfony\\finder\\Finder.php:649
Stack trace:
#0 D:\\Project\\Techsense\\vendor\\laravel\\framework\\src\\Illuminate\\Filesystem\\Filesystem.php(569): Symfony\\Component\\Finder\\Finder->in('D:\\\\Project\\\\Tech...')
#1 Command line code(1): Illuminate\\Filesystem\\Filesystem->files('D:\\\\Project\\\\Tech...')
#2 Command line code(1): getViews('D:\\\\Project\\\\Tech...', Object(Illuminate\\Filesystem\\Filesystem))
#3 {main}
  thrown at D:\\Project\\Techsense\\vendor\\symfony\\finder\\Finder.php:649)
[stacktrace]
#0 D:\\Project\\Techsense\\vendor\\laravel\\framework\\src\\Illuminate\\Foundation\\Bootstrap\\HandleExceptions.php(259): Symfony\\Component\\ErrorHandler\\Error\\FatalError->__construct(message: ''Uncaught Symfo...', code: '0', error: '['type' => 1, '...', traceOffset: '0', traceArgs: '???', trace: '???')
#1 D:\\Project\\Techsense\\vendor\\laravel\\framework\\src\\Illuminate\\Foundation\\Bootstrap\\HandleExceptions.php(246): Illuminate\\Foundation\\Bootstrap\\HandleExceptions->fatalErrorFromPhpError(error: '['type' => 1, '...', traceOffset: '0')
#2 D:\\Project\\Techsense\\vendor\\laravel\\framework\\src\\Illuminate\\Foundation\\Bootstrap\\HandleExceptions.php(270): Illuminate\\Foundation\\Bootstrap\\HandleExceptions->handleShutdown()
#3 D:\\Project\\Techsense\\vendor\\laravel\\framework\\src\\Illuminate\\Foundation\\Bootstrap\\HandleExceptions.php(0): Illuminate\\Foundation\\Bootstrap\\HandleExceptions->Illuminate\\Foundation\\Bootstrap\\{closure:D:\\Project\\Techsense\\vendor\\laravel\\framework\\src\\Illuminate\\Foundation\\Bootstrap\\HandleExceptions.php:269-271}()
#4 {main}
"} 
[2025-09-21 12:36:34] live.ERROR: Uncaught ReflectionException: Class "App\Policies\ModelPolicy" does not exist in Command line code:1
Stack trace:
#0 Command line code(1): ReflectionClass->__construct('App\\Policies\\Mo...')
#1 [internal function]: {closure}('App\\Policies\\Mo...', 'App\\Model')
#2 Command line code(1): array_map(Object(Closure), Array, Array)
#3 {main}
  thrown {"exception":"[object] (Symfony\\Component\\ErrorHandler\\Error\\FatalError(code: 0): Uncaught ReflectionException: Class \"App\\Policies\\ModelPolicy\" does not exist in Command line code:1
Stack trace:
#0 Command line code(1): ReflectionClass->__construct('App\\\\Policies\\\\Mo...')
#1 [internal function]: {closure}('App\\\\Policies\\\\Mo...', 'App\\\\Model')
#2 Command line code(1): array_map(Object(Closure), Array, Array)
#3 {main}
  thrown at Command line code:1)
[stacktrace]
#0 D:\\Project\\Techsense\\vendor\\laravel\\framework\\src\\Illuminate\\Foundation\\Bootstrap\\HandleExceptions.php(259): Symfony\\Component\\ErrorHandler\\Error\\FatalError->__construct(message: ''Uncaught Refle...', code: '0', error: '['type' => 1, '...', traceOffset: '0', traceArgs: '???', trace: '???')
#1 D:\\Project\\Techsense\\vendor\\laravel\\framework\\src\\Illuminate\\Foundation\\Bootstrap\\HandleExceptions.php(246): Illuminate\\Foundation\\Bootstrap\\HandleExceptions->fatalErrorFromPhpError(error: '['type' => 1, '...', traceOffset: '0')
#2 D:\\Project\\Techsense\\vendor\\laravel\\framework\\src\\Illuminate\\Foundation\\Bootstrap\\HandleExceptions.php(270): Illuminate\\Foundation\\Bootstrap\\HandleExceptions->handleShutdown()
#3 D:\\Project\\Techsense\\vendor\\laravel\\framework\\src\\Illuminate\\Foundation\\Bootstrap\\HandleExceptions.php(0): Illuminate\\Foundation\\Bootstrap\\HandleExceptions->Illuminate\\Foundation\\Bootstrap\\{closure:D:\\Project\\Techsense\\vendor\\laravel\\framework\\src\\Illuminate\\Foundation\\Bootstrap\\HandleExceptions.php:269-271}()
#4 {main}
"} 
sense\\vendor\\laravel\\framework\\src\\Illuminate\\Foundation\\Bootstrap\\HandleExceptions.php(270): Illuminate\\Foundation\\Bootstrap\\HandleExceptions->handleShutdown()
#3 D:\\Project\\Techsense\\vendor\\laravel\\framework\\src\\Illuminate\\Foundation\\Bootstrap\\HandleExceptions.php(0): Illuminate\\Foundation\\Bootstrap\\HandleExceptions->Illuminate\\Foundation\\Bootstrap\\{closure:D:\\Project\\Techsense\\vendor\\laravel\\framework\\src\\Illuminate\\Foundation\\Bootstrap\\HandleExceptions.php:269-271}()
#4 {main}
"} 
[2025-09-21 12:36:38] live.ERROR: Uncaught Symfony\Component\Finder\Exception\DirectoryNotFoundException: The "D:\Project\Techsense\custom_views" directory does not exist. in D:\Project\Techsense\vendor\symfony\finder\Finder.php:649
Stack trace:
#0 D:\Project\Techsense\vendor\laravel\framework\src\Illuminate\Filesystem\Filesystem.php(569): Symfony\Component\Finder\Finder->in('D:\\Project\\Tech...')
#1 Command line code(1): Illuminate\Filesystem\Filesystem->files('D:\\Project\\Tech...')
#2 Command line code(1): getViews('D:\\Project\\Tech...', Object(Illuminate\Filesystem\Filesystem))
#3 {main}
  thrown {"exception":"[object] (Symfony\\Component\\ErrorHandler\\Error\\FatalError(code: 0): Uncaught Symfony\\Component\\Finder\\Exception\\DirectoryNotFoundException: The \"D:\\Project\\Techsense\\custom_views\" directory does not exist. in D:\\Project\\Techsense\\vendor\\symfony\\finder\\Finder.php:649
Stack trace:
#0 D:\\Project\\Techsense\\vendor\\laravel\\framework\\src\\Illuminate\\Filesystem\\Filesystem.php(569): Symfony\\Component\\Finder\\Finder->in('D:\\\\Project\\\\Tech...')
#1 Command line code(1): Illuminate\\Filesystem\\Filesystem->files('D:\\\\Project\\\\Tech...')
#2 Command line code(1): getViews('D:\\\\Project\\\\Tech...', Object(Illuminate\\Filesystem\\Filesystem))
#3 {main}
  thrown at D:\\Project\\Techsense\\vendor\\symfony\\finder\\Finder.php:649)
[stacktrace]
#0 D:\\Project\\Techsense\\vendor\\laravel\\framework\\src\\Illuminate\\Foundation\\Bootstrap\\HandleExceptions.php(259): Symfony\\Component\\ErrorHandler\\Error\\FatalError->__construct(message: ''Uncaught Symfo...', code: '0', error: '['type' => 1, '...', traceOffset: '0', traceArgs: '???', trace: '???')
#1 D:\\Project\\Techsense\\vendor\\laravel\\framework\\src\\Illuminate\\Foundation\\Bootstrap\\HandleExceptions.php(246): Illuminate\\Foundation\\Bootstrap\\HandleExceptions->fatalErrorFromPhpError(error: '['type' => 1, '...', traceOffset: '0')
#2 D:\\Project\\Techsense\\vendor\\laravel\\framework\\src\\Illuminate\\Foundation\\Bootstrap\\HandleExceptions.php(270): Illuminate\\Foundation\\Bootstrap\\HandleExceptions->handleShutdown()
#3 D:\\Project\\Techsense\\vendor\\laravel\\framework\\src\\Illuminate\\Foundation\\Bootstrap\\HandleExceptions.php(0): Illuminate\\Foundation\\Bootstrap\\HandleExceptions->Illuminate\\Foundation\\Bootstrap\\{closure:D:\\Project\\Techsense\\vendor\\laravel\\framework\\src\\Illuminate\\Foundation\\Bootstrap\\HandleExceptions.php:269-271}()
#4 {main}
"} 
[2025-09-21 12:36:40] live.ERROR: Uncaught Symfony\Component\Finder\Exception\DirectoryNotFoundException: The "D:\Project\Techsense\custom_views" directory does not exist. in D:\Project\Techsense\vendor\symfony\finder\Finder.php:649
Stack trace:
#0 D:\Project\Techsense\vendor\laravel\framework\src\Illuminate\Filesystem\Filesystem.php(569): Symfony\Component\Finder\Finder->in('D:\\Project\\Tech...')
#1 Command line code(1): Illuminate\Filesystem\Filesystem->files('D:\\Project\\Tech...')
#2 Command line code(1): getViews('D:\\Project\\Tech...', Object(Illuminate\Filesystem\Filesystem))
#3 {main}
  thrown {"exception":"[object] (Symfony\\Component\\ErrorHandler\\Error\\FatalError(code: 0): Uncaught Symfony\\Component\\Finder\\Exception\\DirectoryNotFoundException: The \"D:\\Project\\Techsense\\custom_views\" directory does not exist. in D:\\Project\\Techsense\\vendor\\symfony\\finder\\Finder.php:649
Stack trace:
#0 D:\\Project\\Techsense\\vendor\\laravel\\framework\\src\\Illuminate\\Filesystem\\Filesystem.php(569): Symfony\\Component\\Finder\\Finder->in('D:\\\\Project\\\\Tech...')
#1 Command line code(1): Illuminate\\Filesystem\\Filesystem->files('D:\\\\Project\\\\Tech...')
#2 Command line code(1): getViews('D:\\\\Project\\\\Tech...', Object(Illuminate\\Filesystem\\Filesystem))
#3 {main}
  thrown at D:\\Project\\Techsense\\vendor\\symfony\\finder\\Finder.php:649)
[stacktrace]
#0 D:\\Project\\Techsense\\vendor\\laravel\\framework\\src\\Illuminate\\Foundation\\Bootstrap\\HandleExceptions.php(259): Symfony\\Component\\ErrorHandler\\Error\\FatalError->__construct(message: ''Uncaught Symfo...', code: '0', error: '['type' => 1, '...', traceOffset: '0', traceArgs: '???', trace: '???')
#1 D:\\Project\\Techsense\\vendor\\laravel\\framework\\src\\Illuminate\\Foundation\\Bootstrap\\HandleExceptions.php(246): Illuminate\\Foundation\\Bootstrap\\HandleExceptions->fatalErrorFromPhpError(error: '['type' => 1, '...', traceOffset: '0')
#2 D:\\Project\\Techsense\\vendor\\laravel\\framework\\src\\Illuminate\\Foundation\\Bootstrap\\HandleExceptions.php(270): Illuminate\\Foundation\\Bootstrap\\HandleExceptions->handleShutdown()
#3 D:\\Project\\Techsense\\vendor\\laravel\\framework\\src\\Illuminate\\Foundation\\Bootstrap\\HandleExceptions.php(0): Illuminate\\Foundation\\Bootstrap\\HandleExceptions->Illuminate\\Foundation\\Bootstrap\\{closure:D:\\Project\\Techsense\\vendor\\laravel\\framework\\src\\Illuminate\\Foundation\\Bootstrap\\HandleExceptions.php:269-271}()
#4 {main}
"} 
[2025-09-21 12:36:41] live.ERROR: Uncaught Symfony\Component\Finder\Exception\DirectoryNotFoundException: The "D:\Project\Techsense\custom_views" directory does not exist. in D:\Project\Techsense\vendor\symfony\finder\Finder.php:649
Stack trace:
#0 D:\Project\Techsense\vendor\laravel\framework\src\Illuminate\Filesystem\Filesystem.php(569): Symfony\Component\Finder\Finder->in('D:\\Project\\Tech...')
#1 Command line code(1): Illuminate\Filesystem\Filesystem->files('D:\\Project\\Tech...')
#2 Command line code(1): getViews('D:\\Project\\Tech...', Object(Illuminate\Filesystem\Filesystem))
#3 {main}
  thrown {"exception":"[object] (Symfony\\Component\\ErrorHandler\\Error\\FatalError(code: 0): Uncaught Symfony\\Component\\Finder\\Exception\\DirectoryNotFoundException: The \"D:\\Project\\Techsense\\custom_views\" directory does not exist. in D:\\Project\\Techsense\\vendor\\symfony\\finder\\Finder.php:649
Stack trace:
#0 D:\\Project\\Techsense\\vendor\\laravel\\framework\\src\\Illuminate\\Filesystem\\Filesystem.php(569): Symfony\\Component\\Finder\\Finder->in('D:\\\\Project\\\\Tech...')
#1 Command line code(1): Illuminate\\Filesystem\\Filesystem->files('D:\\\\Project\\\\Tech...')
#2 Command line code(1): getViews('D:\\\\Project\\\\Tech...', Object(Illuminate\\Filesystem\\Filesystem))
#3 {main}
  thrown at D:\\Project\\Techsense\\vendor\\symfony\\finder\\Finder.php:649)
[stacktrace]
#0 D:\\Project\\Techsense\\vendor\\laravel\\framework\\src\\Illuminate\\Foundation\\Bootstrap\\HandleExceptions.php(259): Symfony\\Component\\ErrorHandler\\Error\\FatalError->__construct(message: ''Uncaught Symfo...', code: '0', error: '['type' => 1, '...', traceOffset: '0', traceArgs: '???', trace: '???')
#1 D:\\Project\\Techsense\\vendor\\laravel\\framework\\src\\Illuminate\\Foundation\\Bootstrap\\HandleExceptions.php(246): Illuminate\\Foundation\\Bootstrap\\HandleExceptions->fatalErrorFromPhpError(error: '['type' => 1, '...', traceOffset: '0')
#2 D:\\Project\\Techsense\\vendor\\laravel\\framework\\src\\Illuminate\\Foundation\\Bootstrap\\HandleExceptions.php(270): Illuminate\\Foundation\\Bootstrap\\HandleExceptions->handleShutdown()
#3 D:\\Project\\Techsense\\vendor\\laravel\\framework\\src\\Illuminate\\Foundation\\Bootstrap\\HandleExceptions.php(0): Illuminate\\Foundation\\Bootstrap\\HandleExceptions->Illuminate\\Foundation\\Bootstrap\\{closure:D:\\Project\\Techsense\\vendor\\laravel\\framework\\src\\Illuminate\\Foundation\\Bootstrap\\HandleExceptions.php:269-271}()
#4 {main}
"} 
[2025-09-21 12:36:43] live.ERROR: Uncaught Symfony\Component\Finder\Exception\DirectoryNotFoundException: The "D:\Project\Techsense\custom_views" directory does not exist. in D:\Project\Techsense\vendor\symfony\finder\Finder.php:649
Stack trace:
#0 D:\Project\Techsense\vendor\laravel\framework\src\Illuminate\Filesystem\Filesystem.php(569): Symfony\Component\Finder\Finder->in('D:\\Project\\Tech...')
#1 Command line code(1): Illuminate\Filesystem\Filesystem->files('D:\\Project\\Tech...')
#2 Command line code(1): getViews('D:\\Project\\Tech...', Object(Illuminate\Filesystem\Filesystem))
#3 {main}
  thrown {"exception":"[object] (Symfony\\Component\\ErrorHandler\\Error\\FatalError(code: 0): Uncaught Symfony\\Component\\Finder\\Exception\\DirectoryNotFoundException: The \"D:\\Project\\Techsense\\custom_views\" directory does not exist. in D:\\Project\\Techsense\\vendor\\symfony\\finder\\Finder.php:649
Stack trace:
#0 D:\\Project\\Techsense\\vendor\\laravel\\framework\\src\\Illuminate\\Filesystem\\Filesystem.php(569): Symfony\\Component\\Finder\\Finder->in('D:\\\\Project\\\\Tech...')
#1 Command line code(1): Illuminate\\Filesystem\\Filesystem->files('D:\\\\Project\\\\Tech...')
#2 Command line code(1): getViews('D:\\\\Project\\\\Tech...', Object(Illuminate\\Filesystem\\Filesystem))
#3 {main}
  thrown at D:\\Project\\Techsense\\vendor\\symfony\\finder\\Finder.php:649)
[stacktrace]
#0 D:\\Project\\Techsense\\vendor\\laravel\\framework\\src\\Illuminate\\Foundation\\Bootstrap\\HandleExceptions.php(259): Symfony\\Component\\ErrorHandler\\Error\\FatalError->__construct(message: ''Uncaught Symfo...', code: '0', error: '['type' => 1, '...', traceOffset: '0', traceArgs: '???', trace: '???')
#1 D:\\Project\\Techsense\\vendor\\laravel\\framework\\src\\Illuminate\\Foundation\\Bootstrap\\HandleExceptions.php(246): Illuminate\\Foundation\\Bootstrap\\HandleExceptions->fatalErrorFromPhpError(error: '['type' => 1, '...', traceOffset: '0')
#2 D:\\Project\\Techsense\\vendor\\laravel\\framework\\src\\Illuminate\\Foundation\\Bootstrap\\HandleExceptions.php(270): Illuminate\\Foundation\\Bootstrap\\HandleExceptions->handleShutdown()
#3 D:\\Project\\Techsense\\vendor\\laravel\\framework\\src\\Illuminate\\Foundation\\Bootstrap\\HandleExceptions.php(0): Illuminate\\Foundation\\Bootstrap\\HandleExceptions->Illuminate\\Foundation\\Bootstrap\\{closure:D:\\Project\\Techsense\\vendor\\laravel\\framework\\src\\Illuminate\\Foundation\\Bootstrap\\HandleExceptions.php:269-271}()
#4 {main}
"} 
[2025-09-21 12:36:45] live.ERROR: Uncaught Symfony\Component\Finder\Exception\DirectoryNotFoundException: The "D:\Project\Techsense\custom_views" directory does not exist. in D:\Project\Techsense\vendor\symfony\finder\Finder.php:649
Stack trace:
#0 D:\Project\Techsense\vendor\laravel\framework\src\Illuminate\Filesystem\Filesystem.php(569): Symfony\Component\Finder\Finder->in('D:\\Project\\Tech...')
#1 Command line code(1): Illuminate\Filesystem\Filesystem->files('D:\\Project\\Tech...')
#2 Command line code(1): getViews('D:\\Project\\Tech...', Object(Illuminate\Filesystem\Filesystem))
#3 {main}
  thrown {"exception":"[object] (Symfony\\Component\\ErrorHandler\\Error\\FatalError(code: 0): Uncaught Symfony\\Component\\Finder\\Exception\\DirectoryNotFoundException: The \"D:\\Project\\Techsense\\custom_views\" directory does not exist. in D:\\Project\\Techsense\\vendor\\symfony\\finder\\Finder.php:649
Stack trace:
#0 D:\\Project\\Techsense\\vendor\\laravel\\framework\\src\\Illuminate\\Filesystem\\Filesystem.php(569): Symfony\\Component\\Finder\\Finder->in('D:\\\\Project\\\\Tech...')
#1 Command line code(1): Illuminate\\Filesystem\\Filesystem->files('D:\\\\Project\\\\Tech...')
#2 Command line code(1): getViews('D:\\\\Project\\\\Tech...', Object(Illuminate\\Filesystem\\Filesystem))
#3 {main}
  thrown at D:\\Project\\Techsense\\vendor\\symfony\\finder\\Finder.php:649)
[stacktrace]
#0 D:\\Project\\Techsense\\vendor\\laravel\\framework\\src\\Illuminate\\Foundation\\Bootstrap\\HandleExceptions.php(259): Symfony\\Component\\ErrorHandler\\Error\\FatalError->__construct(message: ''Uncaught Symfo...', code: '0', error: '['type' => 1, '...', traceOffset: '0', traceArgs: '???', trace: '???')
#1 D:\\Project\\Techsense\\vendor\\laravel\\framework\\src\\Illuminate\\Foundation\\Bootstrap\\HandleExceptions.php(246): Illuminate\\Foundation\\Bootstrap\\HandleExceptions->fatalErrorFromPhpError(error: '['type' => 1, '...', traceOffset: '0')
#2 D:\\Project\\Techsense\\vendor\\laravel\\framework\\src\\Illuminate\\Foundation\\Bootstrap\\HandleExceptions.php(270): Illuminate\\Foundation\\Bootstrap\\HandleExceptions->handleShutdown()
#3 D:\\Project\\Techsense\\vendor\\laravel\\framework\\src\\Illuminate\\Foundation\\Bootstrap\\HandleExceptions.php(0): Illuminate\\Foundation\\Bootstrap\\HandleExceptions->Illuminate\\Foundation\\Bootstrap\\{closure:D:\\Project\\Techsense\\vendor\\laravel\\framework\\src\\Illuminate\\Foundation\\Bootstrap\\HandleExceptions.php:269-271}()
#4 {main}
"} 
[2025-09-21 12:36:46] live.ERROR: Uncaught Symfony\Component\Finder\Exception\DirectoryNotFoundException: The "D:\Project\Techsense\custom_views" directory does not exist. in D:\Project\Techsense\vendor\symfony\finder\Finder.php:649
Stack trace:
#0 D:\Project\Techsense\vendor\laravel\framework\src\Illuminate\Filesystem\Filesystem.php(569): Symfony\Component\Finder\Finder->in('D:\\Project\\Tech...')
#1 Command line code(1): Illuminate\Filesystem\Filesystem->files('D:\\Project\\Tech...')
#2 Command line code(1): getViews('D:\\Project\\Tech...', Object(Illuminate\Filesystem\Filesystem))
#3 {main}
  thrown {"exception":"[object] (Symfony\\Component\\ErrorHandler\\Error\\FatalError(code: 0): Uncaught Symfony\\Component\\Finder\\Exception\\DirectoryNotFoundException: The \"D:\\Project\\Techsense\\custom_views\" directory does not exist. in D:\\Project\\Techsense\\vendor\\symfony\\finder\\Finder.php:649
Stack trace:
#0 D:\\Project\\Techsense\\vendor\\laravel\\framework\\src\\Illuminate\\Filesystem\\Filesystem.php(569): Symfony\\Component\\Finder\\Finder->in('D:\\\\Project\\\\Tech...')
#1 Command line code(1): Illuminate\\Filesystem\\Filesystem->files('D:\\\\Project\\\\Tech...')
#2 Command line code(1): getViews('D:\\\\Project\\\\Tech...', Object(Illuminate\\Filesystem\\Filesystem))
#3 {main}
  thrown at D:\\Project\\Techsense\\vendor\\symfony\\finder\\Finder.php:649)
[stacktrace]
#0 D:\\Project\\Techsense\\vendor\\laravel\\framework\\src\\Illuminate\\Foundation\\Bootstrap\\HandleExceptions.php(259): Symfony\\Component\\ErrorHandler\\Error\\FatalError->__construct(message: ''Uncaught Symfo...', code: '0', error: '['type' => 1, '...', traceOffset: '0', traceArgs: '???', trace: '???')
#1 D:\\Project\\Techsense\\vendor\\laravel\\framework\\src\\Illuminate\\Foundation\\Bootstrap\\HandleExceptions.php(246): Illuminate\\Foundation\\Bootstrap\\HandleExceptions->fatalErrorFromPhpError(error: '['type' => 1, '...', traceOffset: '0')
#2 D:\\Project\\Techsense\\vendor\\laravel\\framework\\src\\Illuminate\\Foundation\\Bootstrap\\HandleExceptions.php(270): Illuminate\\Foundation\\Bootstrap\\HandleExceptions->handleShutdown()
#3 D:\\Project\\Techsense\\vendor\\laravel\\framework\\src\\Illuminate\\Foundation\\Bootstrap\\HandleExceptions.php(0): Illuminate\\Foundation\\Bootstrap\\HandleExceptions->Illuminate\\Foundation\\Bootstrap\\{closure:D:\\Project\\Techsense\\vendor\\laravel\\framework\\src\\Illuminate\\Foundation\\Bootstrap\\HandleExceptions.php:269-271}()
#4 {main}
"} 
[2025-09-21 12:36:48] live.ERROR: Uncaught Symfony\Component\Finder\Exception\DirectoryNotFoundException: The "D:\Project\Techsense\custom_views" directory does not exist. in D:\Project\Techsense\vendor\symfony\finder\Finder.php:649
Stack trace:
#0 D:\Project\Techsense\vendor\laravel\framework\src\Illuminate\Filesystem\Filesystem.php(569): Symfony\Component\Finder\Finder->in('D:\\Project\\Tech...')
#1 Command line code(1): Illuminate\Filesystem\Filesystem->files('D:\\Project\\Tech...')
#2 Command line code(1): getViews('D:\\Project\\Tech...', Object(Illuminate\Filesystem\Filesystem))
#3 {main}
  thrown {"exception":"[object] (Symfony\\Component\\ErrorHandler\\Error\\FatalError(code: 0): Uncaught Symfony\\Component\\Finder\\Exception\\DirectoryNotFoundException: The \"D:\\Project\\Techsense\\custom_views\" directory does not exist. in D:\\Project\\Techsense\\vendor\\symfony\\finder\\Finder.php:649
Stack trace:
#0 D:\\Project\\Techsense\\vendor\\laravel\\framework\\src\\Illuminate\\Filesystem\\Filesystem.php(569): Symfony\\Component\\Finder\\Finder->in('D:\\\\Project\\\\Tech...')
#1 Command line code(1): Illuminate\\Filesystem\\Filesystem->files('D:\\\\Project\\\\Tech...')
#2 Command line code(1): getViews('D:\\\\Project\\\\Tech...', Object(Illuminate\\Filesystem\\Filesystem))
#3 {main}
  thrown at D:\\Project\\Techsense\\vendor\\symfony\\finder\\Finder.php:649)
[stacktrace]
#0 D:\\Project\\Techsense\\vendor\\laravel\\framework\\src\\Illuminate\\Foundation\\Bootstrap\\HandleExceptions.php(259): Symfony\\Component\\ErrorHandler\\Error\\FatalError->__construct(message: ''Uncaught Symfo...', code: '0', error: '['type' => 1, '...', traceOffset: '0', traceArgs: '???', trace: '???')
#1 D:\\Project\\Techsense\\vendor\\laravel\\framework\\src\\Illuminate\\Foundation\\Bootstrap\\HandleExceptions.php(246): Illuminate\\Foundation\\Bootstrap\\HandleExceptions->fatalErrorFromPhpError(error: '['type' => 1, '...', traceOffset: '0')
#2 D:\\Project\\Techsense\\vendor\\laravel\\framework\\src\\Illuminate\\Foundation\\Bootstrap\\HandleExceptions.php(270): Illuminate\\Foundation\\Bootstrap\\HandleExceptions->handleShutdown()
#3 D:\\Project\\Techsense\\vendor\\laravel\\framework\\src\\Illuminate\\Foundation\\Bootstrap\\HandleExceptions.php(0): Illuminate\\Foundation\\Bootstrap\\HandleExceptions->Illuminate\\Foundation\\Bootstrap\\{closure:D:\\Project\\Techsense\\vendor\\laravel\\framework\\src\\Illuminate\\Foundation\\Bootstrap\\HandleExceptions.php:269-271}()
#4 {main}
"} 
[2025-09-21 12:36:50] live.ERROR: Uncaught Symfony\Component\Finder\Exception\DirectoryNotFoundException: The "D:\Project\Techsense\custom_views" directory does not exist. in D:\Project\Techsense\vendor\symfony\finder\Finder.php:649
Stack trace:
#0 D:\Project\Techsense\vendor\laravel\framework\src\Illuminate\Filesystem\Filesystem.php(569): Symfony\Component\Finder\Finder->in('D:\\Project\\Tech...')
#1 Command line code(1): Illuminate\Filesystem\Filesystem->files('D:\\Project\\Tech...')
#2 Command line code(1): getViews('D:\\Project\\Tech...', Object(Illuminate\Filesystem\Filesystem))
#3 {main}
  thrown {"exception":"[object] (Symfony\\Component\\ErrorHandler\\Error\\FatalError(code: 0): Uncaught Symfony\\Component\\Finder\\Exception\\DirectoryNotFoundException: The \"D:\\Project\\Techsense\\custom_views\" directory does not exist. in D:\\Project\\Techsense\\vendor\\symfony\\finder\\Finder.php:649
Stack trace:
#0 D:\\Project\\Techsense\\vendor\\laravel\\framework\\src\\Illuminate\\Filesystem\\Filesystem.php(569): Symfony\\Component\\Finder\\Finder->in('D:\\\\Project\\\\Tech...')
#1 Command line code(1): Illuminate\\Filesystem\\Filesystem->files('D:\\\\Project\\\\Tech...')
#2 Command line code(1): getViews('D:\\\\Project\\\\Tech...', Object(Illuminate\\Filesystem\\Filesystem))
#3 {main}
  thrown at D:\\Project\\Techsense\\vendor\\symfony\\finder\\Finder.php:649)
[stacktrace]
#0 D:\\Project\\Techsense\\vendor\\laravel\\framework\\src\\Illuminate\\Foundation\\Bootstrap\\HandleExceptions.php(259): Symfony\\Component\\ErrorHandler\\Error\\FatalError->__construct(message: ''Uncaught Symfo...', code: '0', error: '['type' => 1, '...', traceOffset: '0', traceArgs: '???', trace: '???')
#1 D:\\Project\\Techsense\\vendor\\laravel\\framework\\src\\Illuminate\\Foundation\\Bootstrap\\HandleExceptions.php(246): Illuminate\\Foundation\\Bootstrap\\HandleExceptions->fatalErrorFromPhpError(error: '['type' => 1, '...', traceOffset: '0')
#2 D:\\Project\\Techsense\\vendor\\laravel\\framework\\src\\Illuminate\\Foundation\\Bootstrap\\HandleExceptions.php(270): Illuminate\\Foundation\\Bootstrap\\HandleExceptions->handleShutdown()
#3 D:\\Project\\Techsense\\vendor\\laravel\\framework\\src\\Illuminate\\Foundation\\Bootstrap\\HandleExceptions.php(0): Illuminate\\Foundation\\Bootstrap\\HandleExceptions->Illuminate\\Foundation\\Bootstrap\\{closure:D:\\Project\\Techsense\\vendor\\laravel\\framework\\src\\Illuminate\\Foundation\\Bootstrap\\HandleExceptions.php:269-271}()
#4 {main}
"} 
[2025-09-21 12:36:50] live.ERROR: Uncaught ReflectionException: Class "App\Policies\ModelPolicy" does not exist in Command line code:1
Stack trace:
#0 Command line code(1): ReflectionClass->__construct('App\\Policies\\Mo...')
#1 [internal function]: {closure}('App\\Policies\\Mo...', 'App\\Model')
#2 Command line code(1): array_map(Object(Closure), Array, Array)
#3 {main}
  thrown {"exception":"[object] (Symfony\\Component\\ErrorHandler\\Error\\FatalError(code: 0): Uncaught ReflectionException: Class \"App\\Policies\\ModelPolicy\" does not exist in Command line code:1
Stack trace:
#0 Command line code(1): ReflectionClass->__construct('App\\\\Policies\\\\Mo...')
#1 [internal function]: {closure}('App\\\\Policies\\\\Mo...', 'App\\\\Model')
#2 Command line code(1): array_map(Object(Closure), Array, Array)
#3 {main}
  thrown at Command line code:1)
[stacktrace]
#0 D:\\Project\\Techsense\\vendor\\laravel\\framework\\src\\Illuminate\\Foundation\\Bootstrap\\HandleExceptions.php(259): Symfony\\Component\\ErrorHandler\\Error\\FatalError->__construct(message: ''Uncaught Refle...', code: '0', error: '['type' => 1, '...', traceOffset: '0', traceArgs: '???', trace: '???')
#1 D:\\Project\\Techsense\\vendor\\laravel\\framework\\src\\Illuminate\\Foundation\\Bootstrap\\HandleExceptions.php(246): Illuminate\\Foundation\\Bootstrap\\HandleExceptions->fatalErrorFromPhpError(error: '['type' => 1, '...', traceOffset: '0')
#2 D:\\Project\\Techsense\\vendor\\laravel\\framework\\src\\Illuminate\\Foundation\\Bootstrap\\HandleExceptions.php(270): Illuminate\\Foundation\\Bootstrap\\HandleExceptions->handleShutdown()
#3 D:\\Project\\Techsense\\vendor\\laravel\\framework\\src\\Illuminate\\Foundation\\Bootstrap\\HandleExceptions.php(0): Illuminate\\Foundation\\Bootstrap\\HandleExceptions->Illuminate\\Foundation\\Bootstrap\\{closure:D:\\Project\\Techsense\\vendor\\laravel\\framework\\src\\Illuminate\\Foundation\\Bootstrap\\HandleExceptions.php:269-271}()
#4 {main}
"} 
[2025-09-21 12:36:52] live.ERROR: Uncaught Symfony\Component\Finder\Exception\DirectoryNotFoundException: The "D:\Project\Techsense\custom_views" directory does not exist. in D:\Project\Techsense\vendor\symfony\finder\Finder.php:649
Stack trace:
#0 D:\Project\Techsense\vendor\laravel\framework\src\Illuminate\Filesystem\Filesystem.php(569): Symfony\Component\Finder\Finder->in('D:\\Project\\Tech...')
#1 Command line code(1): Illuminate\Filesystem\Filesystem->files('D:\\Project\\Tech...')
#2 Command line code(1): getViews('D:\\Project\\Tech...', Object(Illuminate\Filesystem\Filesystem))
#3 {main}
  thrown {"exception":"[object] (Symfony\\Component\\ErrorHandler\\Error\\FatalError(code: 0): Uncaught Symfony\\Component\\Finder\\Exception\\DirectoryNotFoundException: The \"D:\\Project\\Techsense\\custom_views\" directory does not exist. in D:\\Project\\Techsense\\vendor\\symfony\\finder\\Finder.php:649
Stack trace:
#0 D:\\Project\\Techsense\\vendor\\laravel\\framework\\src\\Illuminate\\Filesystem\\Filesystem.php(569): Symfony\\Component\\Finder\\Finder->in('D:\\\\Project\\\\Tech...')
#1 Command line code(1): Illuminate\\Filesystem\\Filesystem->files('D:\\\\Project\\\\Tech...')
#2 Command line code(1): getViews('D:\\\\Project\\\\Tech...', Object(Illuminate\\Filesystem\\Filesystem))
#3 {main}
  thrown at D:\\Project\\Techsense\\vendor\\symfony\\finder\\Finder.php:649)
[stacktrace]
#0 D:\\Project\\Techsense\\vendor\\laravel\\framework\\src\\Illuminate\\Foundation\\Bootstrap\\HandleExceptions.php(259): Symfony\\Component\\ErrorHandler\\Error\\FatalError->__construct(message: ''Uncaught Symfo...', code: '0', error: '['type' => 1, '...', traceOffset: '0', traceArgs: '???', trace: '???')
#1 D:\\Project\\Techsense\\vendor\\laravel\\framework\\src\\Illuminate\\Foundation\\Bootstrap\\HandleExceptions.php(246): Illuminate\\Foundation\\Bootstrap\\HandleExceptions->fatalErrorFromPhpError(error: '['type' => 1, '...', traceOffset: '0')
#2 D:\\Project\\Techsense\\vendor\\laravel\\framework\\src\\Illuminate\\Foundation\\Bootstrap\\HandleExceptions.php(270): Illuminate\\Foundation\\Bootstrap\\HandleExceptions->handleShutdown()
#3 D:\\Project\\Techsense\\vendor\\laravel\\framework\\src\\Illuminate\\Foundation\\Bootstrap\\HandleExceptions.php(0): Illuminate\\Foundation\\Bootstrap\\HandleExceptions->Illuminate\\Foundation\\Bootstrap\\{closure:D:\\Project\\Techsense\\vendor\\laravel\\framework\\src\\Illuminate\\Foundation\\Bootstrap\\HandleExceptions.php:269-271}()
#4 {main}
"} 
[2025-09-21 12:36:53] live.ERROR: Uncaught Symfony\Component\Finder\Exception\DirectoryNotFoundException: The "D:\Project\Techsense\custom_views" directory does not exist. in D:\Project\Techsense\vendor\symfony\finder\Finder.php:649
Stack trace:
#0 D:\Project\Techsense\vendor\laravel\framework\src\Illuminate\Filesystem\Filesystem.php(569): Symfony\Component\Finder\Finder->in('D:\\Project\\Tech...')
#1 Command line code(1): Illuminate\Filesystem\Filesystem->files('D:\\Project\\Tech...')
#2 Command line code(1): getViews('D:\\Project\\Tech...', Object(Illuminate\Filesystem\Filesystem))
#3 {main}
  thrown {"exception":"[object] (Symfony\\Component\\ErrorHandler\\Error\\FatalError(code: 0): Uncaught Symfony\\Component\\Finder\\Exception\\DirectoryNotFoundException: The \"D:\\Project\\Techsense\\custom_views\" directory does not exist. in D:\\Project\\Techsense\\vendor\\symfony\\finder\\Finder.php:649
Stack trace:
#0 D:\\Project\\Techsense\\vendor\\laravel\\framework\\src\\Illuminate\\Filesystem\\Filesystem.php(569): Symfony\\Component\\Finder\\Finder->in('D:\\\\Project\\\\Tech...')
#1 Command line code(1): Illuminate\\Filesystem\\Filesystem->files('D:\\\\Project\\\\Tech...')
#2 Command line code(1): getViews('D:\\\\Project\\\\Tech...', Object(Illuminate\\Filesystem\\Filesystem))
#3 {main}
  thrown at D:\\Project\\Techsense\\vendor\\symfony\\finder\\Finder.php:649)
[stacktrace]
#0 D:\\Project\\Techsense\\vendor\\laravel\\framework\\src\\Illuminate\\Foundation\\Bootstrap\\HandleExceptions.php(259): Symfony\\Component\\ErrorHandler\\Error\\FatalError->__construct(message: ''Uncaught Symfo...', code: '0', error: '['type' => 1, '...', traceOffset: '0', traceArgs: '???', trace: '???')
#1 D:\\Project\\Techsense\\vendor\\laravel\\framework\\src\\Illuminate\\Foundation\\Bootstrap\\HandleExceptions.php(246): Illuminate\\Foundation\\Bootstrap\\HandleExceptions->fatalErrorFromPhpError(error: '['type' => 1, '...', traceOffset: '0')
#2 D:\\Project\\Techsense\\vendor\\laravel\\framework\\src\\Illuminate\\Foundation\\Bootstrap\\HandleExceptions.php(270): Illuminate\\Foundation\\Bootstrap\\HandleExceptions->handleShutdown()
#3 D:\\Project\\Techsense\\vendor\\laravel\\framework\\src\\Illuminate\\Foundation\\Bootstrap\\HandleExceptions.php(0): Illuminate\\Foundation\\Bootstrap\\HandleExceptions->Illuminate\\Foundation\\Bootstrap\\{closure:D:\\Project\\Techsense\\vendor\\laravel\\framework\\src\\Illuminate\\Foundation\\Bootstrap\\HandleExceptions.php:269-271}()
#4 {main}
"} 
[2025-09-21 12:36:55] live.ERROR: Uncaught Symfony\Component\Finder\Exception\DirectoryNotFoundException: The "D:\Project\Techsense\custom_views" directory does not exist. in D:\Project\Techsense\vendor\symfony\finder\Finder.php:649
Stack trace:
#0 D:\Project\Techsense\vendor\laravel\framework\src\Illuminate\Filesystem\Filesystem.php(569): Symfony\Component\Finder\Finder->in('D:\\Project\\Tech...')
#1 Command line code(1): Illuminate\Filesystem\Filesystem->files('D:\\Project\\Tech...')
#2 Command line code(1): getViews('D:\\Project\\Tech...', Object(Illuminate\Filesystem\Filesystem))
#3 {main}
  thrown {"exception":"[object] (Symfony\\Component\\ErrorHandler\\Error\\FatalError(code: 0): Uncaught Symfony\\Component\\Finder\\Exception\\DirectoryNotFoundException: The \"D:\\Project\\Techsense\\custom_views\" directory does not exist. in D:\\Project\\Techsense\\vendor\\symfony\\finder\\Finder.php:649
Stack trace:
#0 D:\\Project\\Techsense\\vendor\\laravel\\framework\\src\\Illuminate\\Filesystem\\Filesystem.php(569): Symfony\\Component\\Finder\\Finder->in('D:\\\\Project\\\\Tech...')
#1 Command line code(1): Illuminate\\Filesystem\\Filesystem->files('D:\\\\Project\\\\Tech...')
#2 Command line code(1): getViews('D:\\\\Project\\\\Tech...', Object(Illuminate\\Filesystem\\Filesystem))
#3 {main}
  thrown at D:\\Project\\Techsense\\vendor\\symfony\\finder\\Finder.php:649)
[stacktrace]
#0 D:\\Project\\Techsense\\vendor\\laravel\\framework\\src\\Illuminate\\Foundation\\Bootstrap\\HandleExceptions.php(259): Symfony\\Component\\ErrorHandler\\Error\\FatalError->__construct(message: ''Uncaught Symfo...', code: '0', error: '['type' => 1, '...', traceOffset: '0', traceArgs: '???', trace: '???')
#1 D:\\Project\\Techsense\\vendor\\laravel\\framework\\src\\Illuminate\\Foundation\\Bootstrap\\HandleExceptions.php(246): Illuminate\\Foundation\\Bootstrap\\HandleExceptions->fatalErrorFromPhpError(error: '['type' => 1, '...', traceOffset: '0')
#2 D:\\Project\\Techsense\\vendor\\laravel\\framework\\src\\Illuminate\\Foundation\\Bootstrap\\HandleExceptions.php(270): Illuminate\\Foundation\\Bootstrap\\HandleExceptions->handleShutdown()
#3 D:\\Project\\Techsense\\vendor\\laravel\\framework\\src\\Illuminate\\Foundation\\Bootstrap\\HandleExceptions.php(0): Illuminate\\Foundation\\Bootstrap\\HandleExceptions->Illuminate\\Foundation\\Bootstrap\\{closure:D:\\Project\\Techsense\\vendor\\laravel\\framework\\src\\Illuminate\\Foundation\\Bootstrap\\HandleExceptions.php:269-271}()
#4 {main}
"} 
[2025-09-21 12:36:56] live.ERROR: Uncaught Symfony\Component\Finder\Exception\DirectoryNotFoundException: The "D:\Project\Techsense\custom_views" directory does not exist. in D:\Project\Techsense\vendor\symfony\finder\Finder.php:649
Stack trace:
#0 D:\Project\Techsense\vendor\laravel\framework\src\Illuminate\Filesystem\Filesystem.php(569): Symfony\Component\Finder\Finder->in('D:\\Project\\Tech...')
#1 Command line code(1): Illuminate\Filesystem\Filesystem->files('D:\\Project\\Tech...')
#2 Command line code(1): getViews('D:\\Project\\Tech...', Object(Illuminate\Filesystem\Filesystem))
#3 {main}
  thrown {"exception":"[object] (Symfony\\Component\\ErrorHandler\\Error\\FatalError(code: 0): Uncaught Symfony\\Component\\Finder\\Exception\\DirectoryNotFoundException: The \"D:\\Project\\Techsense\\custom_views\" directory does not exist. in D:\\Project\\Techsense\\vendor\\symfony\\finder\\Finder.php:649
Stack trace:
#0 D:\\Project\\Techsense\\vendor\\laravel\\framework\\src\\Illuminate\\Filesystem\\Filesystem.php(569): Symfony\\Component\\Finder\\Finder->in('D:\\\\Project\\\\Tech...')
#1 Command line code(1): Illuminate\\Filesystem\\Filesystem->files('D:\\\\Project\\\\Tech...')
#2 Command line code(1): getViews('D:\\\\Project\\\\Tech...', Object(Illuminate\\Filesystem\\Filesystem))
#3 {main}
  thrown at D:\\Project\\Techsense\\vendor\\symfony\\finder\\Finder.php:649)
[stacktrace]
#0 D:\\Project\\Techsense\\vendor\\laravel\\framework\\src\\Illuminate\\Foundation\\Bootstrap\\HandleExceptions.php(259): Symfony\\Component\\ErrorHandler\\Error\\FatalError->__construct(message: ''Uncaught Symfo...', code: '0', error: '['type' => 1, '...', traceOffset: '0', traceArgs: '???', trace: '???')
#1 D:\\Project\\Techsense\\vendor\\laravel\\framework\\src\\Illuminate\\Foundation\\Bootstrap\\HandleExceptions.php(246): Illuminate\\Foundation\\Bootstrap\\HandleExceptions->fatalErrorFromPhpError(error: '['type' => 1, '...', traceOffset: '0')
#2 D:\\Project\\Techsense\\vendor\\laravel\\framework\\src\\Illuminate\\Foundation\\Bootstrap\\HandleExceptions.php(270): Illuminate\\Foundation\\Bootstrap\\HandleExceptions->handleShutdown()
#3 D:\\Project\\Techsense\\vendor\\laravel\\framework\\src\\Illuminate\\Foundation\\Bootstrap\\HandleExceptions.php(0): Illuminate\\Foundation\\Bootstrap\\HandleExceptions->Illuminate\\Foundation\\Bootstrap\\{closure:D:\\Project\\Techsense\\vendor\\laravel\\framework\\src\\Illuminate\\Foundation\\Bootstrap\\HandleExceptions.php:269-271}()
#4 {main}
"} 
[2025-09-21 12:36:58] live.ERROR: Uncaught Symfony\Component\Finder\Exception\DirectoryNotFoundException: The "D:\Project\Techsense\custom_views" directory does not exist. in D:\Project\Techsense\vendor\symfony\finder\Finder.php:649
Stack trace:
#0 D:\Project\Techsense\vendor\laravel\framework\src\Illuminate\Filesystem\Filesystem.php(569): Symfony\Component\Finder\Finder->in('D:\\Project\\Tech...')
#1 Command line code(1): Illuminate\Filesystem\Filesystem->files('D:\\Project\\Tech...')
#2 Command line code(1): getViews('D:\\Project\\Tech...', Object(Illuminate\Filesystem\Filesystem))
#3 {main}
  thrown {"exception":"[object] (Symfony\\Component\\ErrorHandler\\Error\\FatalError(code: 0): Uncaught Symfony\\Component\\Finder\\Exception\\DirectoryNotFoundException: The \"D:\\Project\\Techsense\\custom_views\" directory does not exist. in D:\\Project\\Techsense\\vendor\\symfony\\finder\\Finder.php:649
Stack trace:
#0 D:\\Project\\Techsense\\vendor\\laravel\\framework\\src\\Illuminate\\Filesystem\\Filesystem.php(569): Symfony\\Component\\Finder\\Finder->in('D:\\\\Project\\\\Tech...')
#1 Command line code(1): Illuminate\\Filesystem\\Filesystem->files('D:\\\\Project\\\\Tech...')
#2 Command line code(1): getViews('D:\\\\Project\\\\Tech...', Object(Illuminate\\Filesystem\\Filesystem))
#3 {main}
  thrown at D:\\Project\\Techsense\\vendor\\symfony\\finder\\Finder.php:649)
[stacktrace]
#0 D:\\Project\\Techsense\\vendor\\laravel\\framework\\src\\Illuminate\\Foundation\\Bootstrap\\HandleExceptions.php(259): Symfony\\Component\\ErrorHandler\\Error\\FatalError->__construct(message: ''Uncaught Symfo...', code: '0', error: '['type' => 1, '...', traceOffset: '0', traceArgs: '???', trace: '???')
#1 D:\\Project\\Techsense\\vendor\\laravel\\framework\\src\\Illuminate\\Foundation\\Bootstrap\\HandleExceptions.php(246): Illuminate\\Foundation\\Bootstrap\\HandleExceptions->fatalErrorFromPhpError(error: '['type' => 1, '...', traceOffset: '0')
#2 D:\\Project\\Techsense\\vendor\\laravel\\framework\\src\\Illuminate\\Foundation\\Bootstrap\\HandleExceptions.php(270): Illuminate\\Foundation\\Bootstrap\\HandleExceptions->handleShutdown()
#3 D:\\Project\\Techsense\\vendor\\laravel\\framework\\src\\Illuminate\\Foundation\\Bootstrap\\HandleExceptions.php(0): Illuminate\\Foundation\\Bootstrap\\HandleExceptions->Illuminate\\Foundation\\Bootstrap\\{closure:D:\\Project\\Techsense\\vendor\\laravel\\framework\\src\\Illuminate\\Foundation\\Bootstrap\\HandleExceptions.php:269-271}()
#4 {main}
"} 
[2025-09-21 12:37:00] live.ERROR: Uncaught Symfony\Component\Finder\Exception\DirectoryNotFoundException: The "D:\Project\Techsense\custom_views" directory does not exist. in D:\Project\Techsense\vendor\symfony\finder\Finder.php:649
Stack trace:
#0 D:\Project\Techsense\vendor\laravel\framework\src\Illuminate\Filesystem\Filesystem.php(569): Symfony\Component\Finder\Finder->in('D:\\Project\\Tech...')
#1 Command line code(1): Illuminate\Filesystem\Filesystem->files('D:\\Project\\Tech...')
#2 Command line code(1): getViews('D:\\Project\\Tech...', Object(Illuminate\Filesystem\Filesystem))
#3 {main}
  thrown {"exception":"[object] (Symfony\\Component\\ErrorHandler\\Error\\FatalError(code: 0): Uncaught Symfony\\Component\\Finder\\Exception\\DirectoryNotFoundException: The \"D:\\Project\\Techsense\\custom_views\" directory does not exist. in D:\\Project\\Techsense\\vendor\\symfony\\finder\\Finder.php:649
Stack trace:
#0 D:\\Project\\Techsense\\vendor\\laravel\\framework\\src\\Illuminate\\Filesystem\\Filesystem.php(569): Symfony\\Component\\Finder\\Finder->in('D:\\\\Project\\\\Tech...')
#1 Command line code(1): Illuminate\\Filesystem\\Filesystem->files('D:\\\\Project\\\\Tech...')
#2 Command line code(1): getViews('D:\\\\Project\\\\Tech...', Object(Illuminate\\Filesystem\\Filesystem))
#3 {main}
  thrown at D:\\Project\\Techsense\\vendor\\symfony\\finder\\Finder.php:649)
[stacktrace]
#0 D:\\Project\\Techsense\\vendor\\laravel\\framework\\src\\Illuminate\\Foundation\\Bootstrap\\HandleExceptions.php(259): Symfony\\Component\\ErrorHandler\\Error\\FatalError->__construct(message: ''Uncaught Symfo...', code: '0', error: '['type' => 1, '...', traceOffset: '0', traceArgs: '???', trace: '???')
#1 D:\\Project\\Techsense\\vendor\\laravel\\framework\\src\\Illuminate\\Foundation\\Bootstrap\\HandleExceptions.php(246): Illuminate\\Foundation\\Bootstrap\\HandleExceptions->fatalErrorFromPhpError(error: '['type' => 1, '...', traceOffset: '0')
#2 D:\\Project\\Techsense\\vendor\\laravel\\framework\\src\\Illuminate\\Foundation\\Bootstrap\\HandleExceptions.php(270): Illuminate\\Foundation\\Bootstrap\\HandleExceptions->handleShutdown()
#3 D:\\Project\\Techsense\\vendor\\laravel\\framework\\src\\Illuminate\\Foundation\\Bootstrap\\HandleExceptions.php(0): Illuminate\\Foundation\\Bootstrap\\HandleExceptions->Illuminate\\Foundation\\Bootstrap\\{closure:D:\\Project\\Techsense\\vendor\\laravel\\framework\\src\\Illuminate\\Foundation\\Bootstrap\\HandleExceptions.php:269-271}()
#4 {main}
"} 
[2025-09-21 12:37:01] live.ERROR: Uncaught Symfony\Component\Finder\Exception\DirectoryNotFoundException: The "D:\Project\Techsense\custom_views" directory does not exist. in D:\Project\Techsense\vendor\symfony\finder\Finder.php:649
Stack trace:
#0 D:\Project\Techsense\vendor\laravel\framework\src\Illuminate\Filesystem\Filesystem.php(569): Symfony\Component\Finder\Finder->in('D:\\Project\\Tech...')
#1 Command line code(1): Illuminate\Filesystem\Filesystem->files('D:\\Project\\Tech...')
#2 Command line code(1): getViews('D:\\Project\\Tech...', Object(Illuminate\Filesystem\Filesystem))
#3 {main}
  thrown {"exception":"[object] (Symfony\\Component\\ErrorHandler\\Error\\FatalError(code: 0): Uncaught Symfony\\Component\\Finder\\Exception\\DirectoryNotFoundException: The \"D:\\Project\\Techsense\\custom_views\" directory does not exist. in D:\\Project\\Techsense\\vendor\\symfony\\finder\\Finder.php:649
Stack trace:
#0 D:\\Project\\Techsense\\vendor\\laravel\\framework\\src\\Illuminate\\Filesystem\\Filesystem.php(569): Symfony\\Component\\Finder\\Finder->in('D:\\\\Project\\\\Tech...')
#1 Command line code(1): Illuminate\\Filesystem\\Filesystem->files('D:\\\\Project\\\\Tech...')
#2 Command line code(1): getViews('D:\\\\Project\\\\Tech...', Object(Illuminate\\Filesystem\\Filesystem))
#3 {main}
  thrown at D:\\Project\\Techsense\\vendor\\symfony\\finder\\Finder.php:649)
[stacktrace]
#0 D:\\Project\\Techsense\\vendor\\laravel\\framework\\src\\Illuminate\\Foundation\\Bootstrap\\HandleExceptions.php(259): Symfony\\Component\\ErrorHandler\\Error\\FatalError->__construct(message: ''Uncaught Symfo...', code: '0', error: '['type' => 1, '...', traceOffset: '0', traceArgs: '???', trace: '???')
#1 D:\\Project\\Techsense\\vendor\\laravel\\framework\\src\\Illuminate\\Foundation\\Bootstrap\\HandleExceptions.php(246): Illuminate\\Foundation\\Bootstrap\\HandleExceptions->fatalErrorFromPhpError(error: '['type' => 1, '...', traceOffset: '0')
#2 D:\\Project\\Techsense\\vendor\\laravel\\framework\\src\\Illuminate\\Foundation\\Bootstrap\\HandleExceptions.php(270): Illuminate\\Foundation\\Bootstrap\\HandleExceptions->handleShutdown()
#3 D:\\Project\\Techsense\\vendor\\laravel\\framework\\src\\Illuminate\\Foundation\\Bootstrap\\HandleExceptions.php(0): Illuminate\\Foundation\\Bootstrap\\HandleExceptions->Illuminate\\Foundation\\Bootstrap\\{closure:D:\\Project\\Techsense\\vendor\\laravel\\framework\\src\\Illuminate\\Foundation\\Bootstrap\\HandleExceptions.php:269-271}()
#4 {main}
"} 
[2025-09-21 12:37:03] live.ERROR: Uncaught Symfony\Component\Finder\Exception\DirectoryNotFoundException: The "D:\Project\Techsense\custom_views" directory does not exist. in D:\Project\Techsense\vendor\symfony\finder\Finder.php:649
Stack trace:
#0 D:\Project\Techsense\vendor\laravel\framework\src\Illuminate\Filesystem\Filesystem.php(569): Symfony\Component\Finder\Finder->in('D:\\Project\\Tech...')
#1 Command line code(1): Illuminate\Filesystem\Filesystem->files('D:\\Project\\Tech...')
#2 Command line code(1): getViews('D:\\Project\\Tech...', Object(Illuminate\Filesystem\Filesystem))
#3 {main}
  thrown {"exception":"[object] (Symfony\\Component\\ErrorHandler\\Error\\FatalError(code: 0): Uncaught Symfony\\Component\\Finder\\Exception\\DirectoryNotFoundException: The \"D:\\Project\\Techsense\\custom_views\" directory does not exist. in D:\\Project\\Techsense\\vendor\\symfony\\finder\\Finder.php:649
Stack trace:
#0 D:\\Project\\Techsense\\vendor\\laravel\\framework\\src\\Illuminate\\Filesystem\\Filesystem.php(569): Symfony\\Component\\Finder\\Finder->in('D:\\\\Project\\\\Tech...')
#1 Command line code(1): Illuminate\\Filesystem\\Filesystem->files('D:\\\\Project\\\\Tech...')
#2 Command line code(1): getViews('D:\\\\Project\\\\Tech...', Object(Illuminate\\Filesystem\\Filesystem))
#3 {main}
  thrown at D:\\Project\\Techsense\\vendor\\symfony\\finder\\Finder.php:649)
[stacktrace]
#0 D:\\Project\\Techsense\\vendor\\laravel\\framework\\src\\Illuminate\\Foundation\\Bootstrap\\HandleExceptions.php(259): Symfony\\Component\\ErrorHandler\\Error\\FatalError->__construct(message: ''Uncaught Symfo...', code: '0', error: '['type' => 1, '...', traceOffset: '0', traceArgs: '???', trace: '???')
#1 D:\\Project\\Techsense\\vendor\\laravel\\framework\\src\\Illuminate\\Foundation\\Bootstrap\\HandleExceptions.php(246): Illuminate\\Foundation\\Bootstrap\\HandleExceptions->fatalErrorFromPhpError(error: '['type' => 1, '...', traceOffset: '0')
#2 D:\\Project\\Techsense\\vendor\\laravel\\framework\\src\\Illuminate\\Foundation\\Bootstrap\\HandleExceptions.php(270): Illuminate\\Foundation\\Bootstrap\\HandleExceptions->handleShutdown()
#3 D:\\Project\\Techsense\\vendor\\laravel\\framework\\src\\Illuminate\\Foundation\\Bootstrap\\HandleExceptions.php(0): Illuminate\\Foundation\\Bootstrap\\HandleExceptions->Illuminate\\Foundation\\Bootstrap\\{closure:D:\\Project\\Techsense\\vendor\\laravel\\framework\\src\\Illuminate\\Foundation\\Bootstrap\\HandleExceptions.php:269-271}()
#4 {main}
"} 
[2025-09-21 12:37:05] live.ERROR: Uncaught Symfony\Component\Finder\Exception\DirectoryNotFoundException: The "D:\Project\Techsense\custom_views" directory does not exist. in D:\Project\Techsense\vendor\symfony\finder\Finder.php:649
Stack trace:
#0 D:\Project\Techsense\vendor\laravel\framework\src\Illuminate\Filesystem\Filesystem.php(569): Symfony\Component\Finder\Finder->in('D:\\Project\\Tech...')
#1 Command line code(1): Illuminate\Filesystem\Filesystem->files('D:\\Project\\Tech...')
#2 Command line code(1): getViews('D:\\Project\\Tech...', Object(Illuminate\Filesystem\Filesystem))
#3 {main}
  thrown {"exception":"[object] (Symfony\\Component\\ErrorHandler\\Error\\FatalError(code: 0): Uncaught Symfony\\Component\\Finder\\Exception\\DirectoryNotFoundException: The \"D:\\Project\\Techsense\\custom_views\" directory does not exist. in D:\\Project\\Techsense\\vendor\\symfony\\finder\\Finder.php:649
Stack trace:
#0 D:\\Project\\Techsense\\vendor\\laravel\\framework\\src\\Illuminate\\Filesystem\\Filesystem.php(569): Symfony\\Component\\Finder\\Finder->in('D:\\\\Project\\\\Tech...')
#1 Command line code(1): Illuminate\\Filesystem\\Filesystem->files('D:\\\\Project\\\\Tech...')
#2 Command line code(1): getViews('D:\\\\Project\\\\Tech...', Object(Illuminate\\Filesystem\\Filesystem))
#3 {main}
  thrown at D:\\Project\\Techsense\\vendor\\symfony\\finder\\Finder.php:649)
[stacktrace]
#0 D:\\Project\\Techsense\\vendor\\laravel\\framework\\src\\Illuminate\\Foundation\\Bootstrap\\HandleExceptions.php(259): Symfony\\Component\\ErrorHandler\\Error\\FatalError->__construct(message: ''Uncaught Symfo...', code: '0', error: '['type' => 1, '...', traceOffset: '0', traceArgs: '???', trace: '???')
#1 D:\\Project\\Techsense\\vendor\\laravel\\framework\\src\\Illuminate\\Foundation\\Bootstrap\\HandleExceptions.php(246): Illuminate\\Foundation\\Bootstrap\\HandleExceptions->fatalErrorFromPhpError(error: '['type' => 1, '...', traceOffset: '0')
#2 D:\\Project\\Techsense\\vendor\\laravel\\framework\\src\\Illuminate\\Foundation\\Bootstrap\\HandleExceptions.php(270): Illuminate\\Foundation\\Bootstrap\\HandleExceptions->handleShutdown()
#3 D:\\Project\\Techsense\\vendor\\laravel\\framework\\src\\Illuminate\\Foundation\\Bootstrap\\HandleExceptions.php(0): Illuminate\\Foundation\\Bootstrap\\HandleExceptions->Illuminate\\Foundation\\Bootstrap\\{closure:D:\\Project\\Techsense\\vendor\\laravel\\framework\\src\\Illuminate\\Foundation\\Bootstrap\\HandleExceptions.php:269-271}()
#4 {main}
"} 
[2025-09-21 12:37:06] live.ERROR: Uncaught Symfony\Component\Finder\Exception\DirectoryNotFoundException: The "D:\Project\Techsense\custom_views" directory does not exist. in D:\Project\Techsense\vendor\symfony\finder\Finder.php:649
Stack trace:
#0 D:\Project\Techsense\vendor\laravel\framework\src\Illuminate\Filesystem\Filesystem.php(569): Symfony\Component\Finder\Finder->in('D:\\Project\\Tech...')
#1 Command line code(1): Illuminate\Filesystem\Filesystem->files('D:\\Project\\Tech...')
#2 Command line code(1): getViews('D:\\Project\\Tech...', Object(Illuminate\Filesystem\Filesystem))
#3 {main}
  thrown {"exception":"[object] (Symfony\\Component\\ErrorHandler\\Error\\FatalError(code: 0): Uncaught Symfony\\Component\\Finder\\Exception\\DirectoryNotFoundException: The \"D:\\Project\\Techsense\\custom_views\" directory does not exist. in D:\\Project\\Techsense\\vendor\\symfony\\finder\\Finder.php:649
Stack trace:
#0 D:\\Project\\Techsense\\vendor\\laravel\\framework\\src\\Illuminate\\Filesystem\\Filesystem.php(569): Symfony\\Component\\Finder\\Finder->in('D:\\\\Project\\\\Tech...')
#1 Command line code(1): Illuminate\\Filesystem\\Filesystem->files('D:\\\\Project\\\\Tech...')
#2 Command line code(1): getViews('D:\\\\Project\\\\Tech...', Object(Illuminate\\Filesystem\\Filesystem))
#3 {main}
  thrown at D:\\Project\\Techsense\\vendor\\symfony\\finder\\Finder.php:649)
[stacktrace]
#0 D:\\Project\\Techsense\\vendor\\laravel\\framework\\src\\Illuminate\\Foundation\\Bootstrap\\HandleExceptions.php(259): Symfony\\Component\\ErrorHandler\\Error\\FatalError->__construct(message: ''Uncaught Symfo...', code: '0', error: '['type' => 1, '...', traceOffset: '0', traceArgs: '???', trace: '???')
#1 D:\\Project\\Techsense\\vendor\\laravel\\framework\\src\\Illuminate\\Foundation\\Bootstrap\\HandleExceptions.php(246): Illuminate\\Foundation\\Bootstrap\\HandleExceptions->fatalErrorFromPhpError(error: '['type' => 1, '...', traceOffset: '0')
#2 D:\\Project\\Techsense\\vendor\\laravel\\framework\\src\\Illuminate\\Foundation\\Bootstrap\\HandleExceptions.php(270): Illuminate\\Foundation\\Bootstrap\\HandleExceptions->handleShutdown()
#3 D:\\Project\\Techsense\\vendor\\laravel\\framework\\src\\Illuminate\\Foundation\\Bootstrap\\HandleExceptions.php(0): Illuminate\\Foundation\\Bootstrap\\HandleExceptions->Illuminate\\Foundation\\Bootstrap\\{closure:D:\\Project\\Techsense\\vendor\\laravel\\framework\\src\\Illuminate\\Foundation\\Bootstrap\\HandleExceptions.php:269-271}()
#4 {main}
"} 
[2025-09-21 12:37:08] live.ERROR: Uncaught Symfony\Component\Finder\Exception\DirectoryNotFoundException: The "D:\Project\Techsense\custom_views" directory does not exist. in D:\Project\Techsense\vendor\symfony\finder\Finder.php:649
Stack trace:
#0 D:\Project\Techsense\vendor\laravel\framework\src\Illuminate\Filesystem\Filesystem.php(569): Symfony\Component\Finder\Finder->in('D:\\Project\\Tech...')
#1 Command line code(1): Illuminate\Filesystem\Filesystem->files('D:\\Project\\Tech...')
#2 Command line code(1): getViews('D:\\Project\\Tech...', Object(Illuminate\Filesystem\Filesystem))
#3 {main}
  thrown {"exception":"[object] (Symfony\\Component\\ErrorHandler\\Error\\FatalError(code: 0): Uncaught Symfony\\Component\\Finder\\Exception\\DirectoryNotFoundException: The \"D:\\Project\\Techsense\\custom_views\" directory does not exist. in D:\\Project\\Techsense\\vendor\\symfony\\finder\\Finder.php:649
Stack trace:
#0 D:\\Project\\Techsense\\vendor\\laravel\\framework\\src\\Illuminate\\Filesystem\\Filesystem.php(569): Symfony\\Component\\Finder\\Finder->in('D:\\\\Project\\\\Tech...')
#1 Command line code(1): Illuminate\\Filesystem\\Filesystem->files('D:\\\\Project\\\\Tech...')
#2 Command line code(1): getViews('D:\\\\Project\\\\Tech...', Object(Illuminate\\Filesystem\\Filesystem))
#3 {main}
  thrown at D:\\Project\\Techsense\\vendor\\symfony\\finder\\Finder.php:649)
[stacktrace]
#0 D:\\Project\\Techsense\\vendor\\laravel\\framework\\src\\Illuminate\\Foundation\\Bootstrap\\HandleExceptions.php(259): Symfony\\Component\\ErrorHandler\\Error\\FatalError->__construct(message: ''Uncaught Symfo...', code: '0', error: '['type' => 1, '...', traceOffset: '0', traceArgs: '???', trace: '???')
#1 D:\\Project\\Techsense\\vendor\\laravel\\framework\\src\\Illuminate\\Foundation\\Bootstrap\\HandleExceptions.php(246): Illuminate\\Foundation\\Bootstrap\\HandleExceptions->fatalErrorFromPhpError(error: '['type' => 1, '...', traceOffset: '0')
#2 D:\\Project\\Techsense\\vendor\\laravel\\framework\\src\\Illuminate\\Foundation\\Bootstrap\\HandleExceptions.php(270): Illuminate\\Foundation\\Bootstrap\\HandleExceptions->handleShutdown()
#3 D:\\Project\\Techsense\\vendor\\laravel\\framework\\src\\Illuminate\\Foundation\\Bootstrap\\HandleExceptions.php(0): Illuminate\\Foundation\\Bootstrap\\HandleExceptions->Illuminate\\Foundation\\Bootstrap\\{closure:D:\\Project\\Techsense\\vendor\\laravel\\framework\\src\\Illuminate\\Foundation\\Bootstrap\\HandleExceptions.php:269-271}()
#4 {main}
"} 
[2025-09-21 12:37:10] live.ERROR: Uncaught Symfony\Component\Finder\Exception\DirectoryNotFoundException: The "D:\Project\Techsense\custom_views" directory does not exist. in D:\Project\Techsense\vendor\symfony\finder\Finder.php:649
Stack trace:
#0 D:\Project\Techsense\vendor\laravel\framework\src\Illuminate\Filesystem\Filesystem.php(569): Symfony\Component\Finder\Finder->in('D:\\Project\\Tech...')
#1 Command line code(1): Illuminate\Filesystem\Filesystem->files('D:\\Project\\Tech...')
#2 Command line code(1): getViews('D:\\Project\\Tech...', Object(Illuminate\Filesystem\Filesystem))
#3 {main}
  thrown {"exception":"[object] (Symfony\\Component\\ErrorHandler\\Error\\FatalError(code: 0): Uncaught Symfony\\Component\\Finder\\Exception\\DirectoryNotFoundException: The \"D:\\Project\\Techsense\\custom_views\" directory does not exist. in D:\\Project\\Techsense\\vendor\\symfony\\finder\\Finder.php:649
Stack trace:
#0 D:\\Project\\Techsense\\vendor\\laravel\\framework\\src\\Illuminate\\Filesystem\\Filesystem.php(569): Symfony\\Component\\Finder\\Finder->in('D:\\\\Project\\\\Tech...')
#1 Command line code(1): Illuminate\\Filesystem\\Filesystem->files('D:\\\\Project\\\\Tech...')
#2 Command line code(1): getViews('D:\\\\Project\\\\Tech...', Object(Illuminate\\Filesystem\\Filesystem))
#3 {main}
  thrown at D:\\Project\\Techsense\\vendor\\symfony\\finder\\Finder.php:649)
[stacktrace]
#0 D:\\Project\\Techsense\\vendor\\laravel\\framework\\src\\Illuminate\\Foundation\\Bootstrap\\HandleExceptions.php(259): Symfony\\Component\\ErrorHandler\\Error\\FatalError->__construct(message: ''Uncaught Symfo...', code: '0', error: '['type' => 1, '...', traceOffset: '0', traceArgs: '???', trace: '???')
#1 D:\\Project\\Techsense\\vendor\\laravel\\framework\\src\\Illuminate\\Foundation\\Bootstrap\\HandleExceptions.php(246): Illuminate\\Foundation\\Bootstrap\\HandleExceptions->fatalErrorFromPhpError(error: '['type' => 1, '...', traceOffset: '0')
#2 D:\\Project\\Techsense\\vendor\\laravel\\framework\\src\\Illuminate\\Foundation\\Bootstrap\\HandleExceptions.php(270): Illuminate\\Foundation\\Bootstrap\\HandleExceptions->handleShutdown()
#3 D:\\Project\\Techsense\\vendor\\laravel\\framework\\src\\Illuminate\\Foundation\\Bootstrap\\HandleExceptions.php(0): Illuminate\\Foundation\\Bootstrap\\HandleExceptions->Illuminate\\Foundation\\Bootstrap\\{closure:D:\\Project\\Techsense\\vendor\\laravel\\framework\\src\\Illuminate\\Foundation\\Bootstrap\\HandleExceptions.php:269-271}()
#4 {main}
"} 
[2025-09-21 12:37:11] live.ERROR: Uncaught Symfony\Component\Finder\Exception\DirectoryNotFoundException: The "D:\Project\Techsense\custom_views" directory does not exist. in D:\Project\Techsense\vendor\symfony\finder\Finder.php:649
Stack trace:
#0 D:\Project\Techsense\vendor\laravel\framework\src\Illuminate\Filesystem\Filesystem.php(569): Symfony\Component\Finder\Finder->in('D:\\Project\\Tech...')
#1 Command line code(1): Illuminate\Filesystem\Filesystem->files('D:\\Project\\Tech...')
#2 Command line code(1): getViews('D:\\Project\\Tech...', Object(Illuminate\Filesystem\Filesystem))
#3 {main}
  thrown {"exception":"[object] (Symfony\\Component\\ErrorHandler\\Error\\FatalError(code: 0): Uncaught Symfony\\Component\\Finder\\Exception\\DirectoryNotFoundException: The \"D:\\Project\\Techsense\\custom_views\" directory does not exist. in D:\\Project\\Techsense\\vendor\\symfony\\finder\\Finder.php:649
Stack trace:
#0 D:\\Project\\Techsense\\vendor\\laravel\\framework\\src\\Illuminate\\Filesystem\\Filesystem.php(569): Symfony\\Component\\Finder\\Finder->in('D:\\\\Project\\\\Tech...')
#1 Command line code(1): Illuminate\\Filesystem\\Filesystem->files('D:\\\\Project\\\\Tech...')
#2 Command line code(1): getViews('D:\\\\Project\\\\Tech...', Object(Illuminate\\Filesystem\\Filesystem))
#3 {main}
  thrown at D:\\Project\\Techsense\\vendor\\symfony\\finder\\Finder.php:649)
[stacktrace]
#0 D:\\Project\\Techsense\\vendor\\laravel\\framework\\src\\Illuminate\\Foundation\\Bootstrap\\HandleExceptions.php(259): Symfony\\Component\\ErrorHandler\\Error\\FatalError->__construct(message: ''Uncaught Symfo...', code: '0', error: '['type' => 1, '...', traceOffset: '0', traceArgs: '???', trace: '???')
#1 D:\\Project\\Techsense\\vendor\\laravel\\framework\\src\\Illuminate\\Foundation\\Bootstrap\\HandleExceptions.php(246): Illuminate\\Foundation\\Bootstrap\\HandleExceptions->fatalErrorFromPhpError(error: '['type' => 1, '...', traceOffset: '0')
#2 D:\\Project\\Techsense\\vendor\\laravel\\framework\\src\\Illuminate\\Foundation\\Bootstrap\\HandleExceptions.php(270): Illuminate\\Foundation\\Bootstrap\\HandleExceptions->handleShutdown()
#3 D:\\Project\\Techsense\\vendor\\laravel\\framework\\src\\Illuminate\\Foundation\\Bootstrap\\HandleExceptions.php(0): Illuminate\\Foundation\\Bootstrap\\HandleExceptions->Illuminate\\Foundation\\Bootstrap\\{closure:D:\\Project\\Techsense\\vendor\\laravel\\framework\\src\\Illuminate\\Foundation\\Bootstrap\\HandleExceptions.php:269-271}()
#4 {main}
"} 
[2025-09-21 12:37:13] live.ERROR: Uncaught Symfony\Component\Finder\Exception\DirectoryNotFoundException: The "D:\Project\Techsense\custom_views" directory does not exist. in D:\Project\Techsense\vendor\symfony\finder\Finder.php:649
Stack trace:
#0 D:\Project\Techsense\vendor\laravel\framework\src\Illuminate\Filesystem\Filesystem.php(569): Symfony\Component\Finder\Finder->in('D:\\Project\\Tech...')
#1 Command line code(1): Illuminate\Filesystem\Filesystem->files('D:\\Project\\Tech...')
#2 Command line code(1): getViews('D:\\Project\\Tech...', Object(Illuminate\Filesystem\Filesystem))
#3 {main}
  thrown {"exception":"[object] (Symfony\\Component\\ErrorHandler\\Error\\FatalError(code: 0): Uncaught Symfony\\Component\\Finder\\Exception\\DirectoryNotFoundException: The \"D:\\Project\\Techsense\\custom_views\" directory does not exist. in D:\\Project\\Techsense\\vendor\\symfony\\finder\\Finder.php:649
Stack trace:
#0 D:\\Project\\Techsense\\vendor\\laravel\\framework\\src\\Illuminate\\Filesystem\\Filesystem.php(569): Symfony\\Component\\Finder\\Finder->in('D:\\\\Project\\\\Tech...')
#1 Command line code(1): Illuminate\\Filesystem\\Filesystem->files('D:\\\\Project\\\\Tech...')
#2 Command line code(1): getViews('D:\\\\Project\\\\Tech...', Object(Illuminate\\Filesystem\\Filesystem))
#3 {main}
  thrown at D:\\Project\\Techsense\\vendor\\symfony\\finder\\Finder.php:649)
[stacktrace]
#0 D:\\Project\\Techsense\\vendor\\laravel\\framework\\src\\Illuminate\\Foundation\\Bootstrap\\HandleExceptions.php(259): Symfony\\Component\\ErrorHandler\\Error\\FatalError->__construct(message: ''Uncaught Symfo...', code: '0', error: '['type' => 1, '...', traceOffset: '0', traceArgs: '???', trace: '???')
#1 D:\\Project\\Techsense\\vendor\\laravel\\framework\\src\\Illuminate\\Foundation\\Bootstrap\\HandleExceptions.php(246): Illuminate\\Foundation\\Bootstrap\\HandleExceptions->fatalErrorFromPhpError(error: '['type' => 1, '...', traceOffset: '0')
#2 D:\\Project\\Techsense\\vendor\\laravel\\framework\\src\\Illuminate\\Foundation\\Bootstrap\\HandleExceptions.php(270): Illuminate\\Foundation\\Bootstrap\\HandleExceptions->handleShutdown()
#3 D:\\Project\\Techsense\\vendor\\laravel\\framework\\src\\Illuminate\\Foundation\\Bootstrap\\HandleExceptions.php(0): Illuminate\\Foundation\\Bootstrap\\HandleExceptions->Illuminate\\Foundation\\Bootstrap\\{closure:D:\\Project\\Techsense\\vendor\\laravel\\framework\\src\\Illuminate\\Foundation\\Bootstrap\\HandleExceptions.php:269-271}()
#4 {main}
"} 
[2025-09-21 12:37:15] live.ERROR: Uncaught Symfony\Component\Finder\Exception\DirectoryNotFoundException: The "D:\Project\Techsense\custom_views" directory does not exist. in D:\Project\Techsense\vendor\symfony\finder\Finder.php:649
Stack trace:
#0 D:\Project\Techsense\vendor\laravel\framework\src\Illuminate\Filesystem\Filesystem.php(569): Symfony\Component\Finder\Finder->in('D:\\Project\\Tech...')
#1 Command line code(1): Illuminate\Filesystem\Filesystem->files('D:\\Project\\Tech...')
#2 Command line code(1): getViews('D:\\Project\\Tech...', Object(Illuminate\Filesystem\Filesystem))
#3 {main}
  thrown {"exception":"[object] (Symfony\\Component\\ErrorHandler\\Error\\FatalError(code: 0): Uncaught Symfony\\Component\\Finder\\Exception\\DirectoryNotFoundException: The \"D:\\Project\\Techsense\\custom_views\" directory does not exist. in D:\\Project\\Techsense\\vendor\\symfony\\finder\\Finder.php:649
Stack trace:
#0 D:\\Project\\Techsense\\vendor\\laravel\\framework\\src\\Illuminate\\Filesystem\\Filesystem.php(569): Symfony\\Component\\Finder\\Finder->in('D:\\\\Project\\\\Tech...')
#1 Command line code(1): Illuminate\\Filesystem\\Filesystem->files('D:\\\\Project\\\\Tech...')
#2 Command line code(1): getViews('D:\\\\Project\\\\Tech...', Object(Illuminate\\Filesystem\\Filesystem))
#3 {main}
  thrown at D:\\Project\\Techsense\\vendor\\symfony\\finder\\Finder.php:649)
[stacktrace]
#0 D:\\Project\\Techsense\\vendor\\laravel\\framework\\src\\Illuminate\\Foundation\\Bootstrap\\HandleExceptions.php(259): Symfony\\Component\\ErrorHandler\\Error\\FatalError->__construct(message: ''Uncaught Symfo...', code: '0', error: '['type' => 1, '...', traceOffset: '0', traceArgs: '???', trace: '???')
#1 D:\\Project\\Techsense\\vendor\\laravel\\framework\\src\\Illuminate\\Foundation\\Bootstrap\\HandleExceptions.php(246): Illuminate\\Foundation\\Bootstrap\\HandleExceptions->fatalErrorFromPhpError(error: '['type' => 1, '...', traceOffset: '0')
#2 D:\\Project\\Techsense\\vendor\\laravel\\framework\\src\\Illuminate\\Foundation\\Bootstrap\\HandleExceptions.php(270): Illuminate\\Foundation\\Bootstrap\\HandleExceptions->handleShutdown()
#3 D:\\Project\\Techsense\\vendor\\laravel\\framework\\src\\Illuminate\\Foundation\\Bootstrap\\HandleExceptions.php(0): Illuminate\\Foundation\\Bootstrap\\HandleExceptions->Illuminate\\Foundation\\Bootstrap\\{closure:D:\\Project\\Techsense\\vendor\\laravel\\framework\\src\\Illuminate\\Foundation\\Bootstrap\\HandleExceptions.php:269-271}()
#4 {main}
"} 
[2025-09-21 12:37:16] live.ERROR: Uncaught Symfony\Component\Finder\Exception\DirectoryNotFoundException: The "D:\Project\Techsense\custom_views" directory does not exist. in D:\Project\Techsense\vendor\symfony\finder\Finder.php:649
Stack trace:
#0 D:\Project\Techsense\vendor\laravel\framework\src\Illuminate\Filesystem\Filesystem.php(569): Symfony\Component\Finder\Finder->in('D:\\Project\\Tech...')
#1 Command line code(1): Illuminate\Filesystem\Filesystem->files('D:\\Project\\Tech...')
#2 Command line code(1): getViews('D:\\Project\\Tech...', Object(Illuminate\Filesystem\Filesystem))
#3 {main}
  thrown {"exception":"[object] (Symfony\\Component\\ErrorHandler\\Error\\FatalError(code: 0): Uncaught Symfony\\Component\\Finder\\Exception\\DirectoryNotFoundException: The \"D:\\Project\\Techsense\\custom_views\" directory does not exist. in D:\\Project\\Techsense\\vendor\\symfony\\finder\\Finder.php:649
Stack trace:
#0 D:\\Project\\Techsense\\vendor\\laravel\\framework\\src\\Illuminate\\Filesystem\\Filesystem.php(569): Symfony\\Component\\Finder\\Finder->in('D:\\\\Project\\\\Tech...')
#1 Command line code(1): Illuminate\\Filesystem\\Filesystem->files('D:\\\\Project\\\\Tech...')
#2 Command line code(1): getViews('D:\\\\Project\\\\Tech...', Object(Illuminate\\Filesystem\\Filesystem))
#3 {main}
  thrown at D:\\Project\\Techsense\\vendor\\symfony\\finder\\Finder.php:649)
[stacktrace]
#0 D:\\Project\\Techsense\\vendor\\laravel\\framework\\src\\Illuminate\\Foundation\\Bootstrap\\HandleExceptions.php(259): Symfony\\Component\\ErrorHandler\\Error\\FatalError->__construct(message: ''Uncaught Symfo...', code: '0', error: '['type' => 1, '...', traceOffset: '0', traceArgs: '???', trace: '???')
#1 D:\\Project\\Techsense\\vendor\\laravel\\framework\\src\\Illuminate\\Foundation\\Bootstrap\\HandleExceptions.php(246): Illuminate\\Foundation\\Bootstrap\\HandleExceptions->fatalErrorFromPhpError(error: '['type' => 1, '...', traceOffset: '0')
#2 D:\\Project\\Techsense\\vendor\\laravel\\framework\\src\\Illuminate\\Foundation\\Bootstrap\\HandleExceptions.php(270): Illuminate\\Foundation\\Bootstrap\\HandleExceptions->handleShutdown()
#3 D:\\Project\\Techsense\\vendor\\laravel\\framework\\src\\Illuminate\\Foundation\\Bootstrap\\HandleExceptions.php(0): Illuminate\\Foundation\\Bootstrap\\HandleExceptions->Illuminate\\Foundation\\Bootstrap\\{closure:D:\\Project\\Techsense\\vendor\\laravel\\framework\\src\\Illuminate\\Foundation\\Bootstrap\\HandleExceptions.php:269-271}()
#4 {main}
"} 
[2025-09-21 12:37:18] live.ERROR: Uncaught Symfony\Component\Finder\Exception\DirectoryNotFoundException: The "D:\Project\Techsense\custom_views" directory does not exist. in D:\Project\Techsense\vendor\symfony\finder\Finder.php:649
Stack trace:
#0 D:\Project\Techsense\vendor\laravel\framework\src\Illuminate\Filesystem\Filesystem.php(569): Symfony\Component\Finder\Finder->in('D:\\Project\\Tech...')
#1 Command line code(1): Illuminate\Filesystem\Filesystem->files('D:\\Project\\Tech...')
#2 Command line code(1): getViews('D:\\Project\\Tech...', Object(Illuminate\Filesystem\Filesystem))
#3 {main}
  thrown {"exception":"[object] (Symfony\\Component\\ErrorHandler\\Error\\FatalError(code: 0): Uncaught Symfony\\Component\\Finder\\Exception\\DirectoryNotFoundException: The \"D:\\Project\\Techsense\\custom_views\" directory does not exist. in D:\\Project\\Techsense\\vendor\\symfony\\finder\\Finder.php:649
Stack trace:
#0 D:\\Project\\Techsense\\vendor\\laravel\\framework\\src\\Illuminate\\Filesystem\\Filesystem.php(569): Symfony\\Component\\Finder\\Finder->in('D:\\\\Project\\\\Tech...')
#1 Command line code(1): Illuminate\\Filesystem\\Filesystem->files('D:\\\\Project\\\\Tech...')
#2 Command line code(1): getViews('D:\\\\Project\\\\Tech...', Object(Illuminate\\Filesystem\\Filesystem))
#3 {main}
  thrown at D:\\Project\\Techsense\\vendor\\symfony\\finder\\Finder.php:649)
[stacktrace]
#0 D:\\Project\\Techsense\\vendor\\laravel\\framework\\src\\Illuminate\\Foundation\\Bootstrap\\HandleExceptions.php(259): Symfony\\Component\\ErrorHandler\\Error\\FatalError->__construct(message: ''Uncaught Symfo...', code: '0', error: '['type' => 1, '...', traceOffset: '0', traceArgs: '???', trace: '???')
#1 D:\\Project\\Techsense\\vendor\\laravel\\framework\\src\\Illuminate\\Foundation\\Bootstrap\\HandleExceptions.php(246): Illuminate\\Foundation\\Bootstrap\\HandleExceptions->fatalErrorFromPhpError(error: '['type' => 1, '...', traceOffset: '0')
#2 D:\\Project\\Techsense\\vendor\\laravel\\framework\\src\\Illuminate\\Foundation\\Bootstrap\\HandleExceptions.php(270): Illuminate\\Foundation\\Bootstrap\\HandleExceptions->handleShutdown()
#3 D:\\Project\\Techsense\\vendor\\laravel\\framework\\src\\Illuminate\\Foundation\\Bootstrap\\HandleExceptions.php(0): Illuminate\\Foundation\\Bootstrap\\HandleExceptions->Illuminate\\Foundation\\Bootstrap\\{closure:D:\\Project\\Techsense\\vendor\\laravel\\framework\\src\\Illuminate\\Foundation\\Bootstrap\\HandleExceptions.php:269-271}()
#4 {main}
"} 
[2025-09-21 12:37:20] live.ERROR: Uncaught Symfony\Component\Finder\Exception\DirectoryNotFoundException: The "D:\Project\Techsense\custom_views" directory does not exist. in D:\Project\Techsense\vendor\symfony\finder\Finder.php:649
Stack trace:
#0 D:\Project\Techsense\vendor\laravel\framework\src\Illuminate\Filesystem\Filesystem.php(569): Symfony\Component\Finder\Finder->in('D:\\Project\\Tech...')
#1 Command line code(1): Illuminate\Filesystem\Filesystem->files('D:\\Project\\Tech...')
#2 Command line code(1): getViews('D:\\Project\\Tech...', Object(Illuminate\Filesystem\Filesystem))
#3 {main}
  thrown {"exception":"[object] (Symfony\\Component\\ErrorHandler\\Error\\FatalError(code: 0): Uncaught Symfony\\Component\\Finder\\Exception\\DirectoryNotFoundException: The \"D:\\Project\\Techsense\\custom_views\" directory does not exist. in D:\\Project\\Techsense\\vendor\\symfony\\finder\\Finder.php:649
Stack trace:
#0 D:\\Project\\Techsense\\vendor\\laravel\\framework\\src\\Illuminate\\Filesystem\\Filesystem.php(569): Symfony\\Component\\Finder\\Finder->in('D:\\\\Project\\\\Tech...')
#1 Command line code(1): Illuminate\\Filesystem\\Filesystem->files('D:\\\\Project\\\\Tech...')
#2 Command line code(1): getViews('D:\\\\Project\\\\Tech...', Object(Illuminate\\Filesystem\\Filesystem))
#3 {main}
  thrown at D:\\Project\\Techsense\\vendor\\symfony\\finder\\Finder.php:649)
[stacktrace]
#0 D:\\Project\\Techsense\\vendor\\laravel\\framework\\src\\Illuminate\\Foundation\\Bootstrap\\HandleExceptions.php(259): Symfony\\Component\\ErrorHandler\\Error\\FatalError->__construct(message: ''Uncaught Symfo...', code: '0', error: '['type' => 1, '...', traceOffset: '0', traceArgs: '???', trace: '???')
#1 D:\\Project\\Techsense\\vendor\\laravel\\framework\\src\\Illuminate\\Foundation\\Bootstrap\\HandleExceptions.php(246): Illuminate\\Foundation\\Bootstrap\\HandleExceptions->fatalErrorFromPhpError(error: '['type' => 1, '...', traceOffset: '0')
#2 D:\\Project\\Techsense\\vendor\\laravel\\framework\\src\\Illuminate\\Foundation\\Bootstrap\\HandleExceptions.php(270): Illuminate\\Foundation\\Bootstrap\\HandleExceptions->handleShutdown()
#3 D:\\Project\\Techsense\\vendor\\laravel\\framework\\src\\Illuminate\\Foundation\\Bootstrap\\HandleExceptions.php(0): Illuminate\\Foundation\\Bootstrap\\HandleExceptions->Illuminate\\Foundation\\Bootstrap\\{closure:D:\\Project\\Techsense\\vendor\\laravel\\framework\\src\\Illuminate\\Foundation\\Bootstrap\\HandleExceptions.php:269-271}()
#4 {main}
"} 
[2025-09-21 12:37:21] live.ERROR: Uncaught Symfony\Component\Finder\Exception\DirectoryNotFoundException: The "D:\Project\Techsense\custom_views" directory does not exist. in D:\Project\Techsense\vendor\symfony\finder\Finder.php:649
Stack trace:
#0 D:\Project\Techsense\vendor\laravel\framework\src\Illuminate\Filesystem\Filesystem.php(569): Symfony\Component\Finder\Finder->in('D:\\Project\\Tech...')
#1 Command line code(1): Illuminate\Filesystem\Filesystem->files('D:\\Project\\Tech...')
#2 Command line code(1): getViews('D:\\Project\\Tech...', Object(Illuminate\Filesystem\Filesystem))
#3 {main}
  thrown {"exception":"[object] (Symfony\\Component\\ErrorHandler\\Error\\FatalError(code: 0): Uncaught Symfony\\Component\\Finder\\Exception\\DirectoryNotFoundException: The \"D:\\Project\\Techsense\\custom_views\" directory does not exist. in D:\\Project\\Techsense\\vendor\\symfony\\finder\\Finder.php:649
Stack trace:
#0 D:\\Project\\Techsense\\vendor\\laravel\\framework\\src\\Illuminate\\Filesystem\\Filesystem.php(569): Symfony\\Component\\Finder\\Finder->in('D:\\\\Project\\\\Tech...')
#1 Command line code(1): Illuminate\\Filesystem\\Filesystem->files('D:\\\\Project\\\\Tech...')
#2 Command line code(1): getViews('D:\\\\Project\\\\Tech...', Object(Illuminate\\Filesystem\\Filesystem))
#3 {main}
  thrown at D:\\Project\\Techsense\\vendor\\symfony\\finder\\Finder.php:649)
[stacktrace]
#0 D:\\Project\\Techsense\\vendor\\laravel\\framework\\src\\Illuminate\\Foundation\\Bootstrap\\HandleExceptions.php(259): Symfony\\Component\\ErrorHandler\\Error\\FatalError->__construct(message: ''Uncaught Symfo...', code: '0', error: '['type' => 1, '...', traceOffset: '0', traceArgs: '???', trace: '???')
#1 D:\\Project\\Techsense\\vendor\\laravel\\framework\\src\\Illuminate\\Foundation\\Bootstrap\\HandleExceptions.php(246): Illuminate\\Foundation\\Bootstrap\\HandleExceptions->fatalErrorFromPhpError(error: '['type' => 1, '...', traceOffset: '0')
#2 D:\\Project\\Techsense\\vendor\\laravel\\framework\\src\\Illuminate\\Foundation\\Bootstrap\\HandleExceptions.php(270): Illuminate\\Foundation\\Bootstrap\\HandleExceptions->handleShutdown()
#3 D:\\Project\\Techsense\\vendor\\laravel\\framework\\src\\Illuminate\\Foundation\\Bootstrap\\HandleExceptions.php(0): Illuminate\\Foundation\\Bootstrap\\HandleExceptions->Illuminate\\Foundation\\Bootstrap\\{closure:D:\\Project\\Techsense\\vendor\\laravel\\framework\\src\\Illuminate\\Foundation\\Bootstrap\\HandleExceptions.php:269-271}()
#4 {main}
"} 
[2025-09-21 12:37:22] live.ERROR: Uncaught Symfony\Component\Finder\Exception\DirectoryNotFoundException: The "D:\Project\Techsense\custom_views" directory does not exist. in D:\Project\Techsense\vendor\symfony\finder\Finder.php:649
Stack trace:
#0 D:\Project\Techsense\vendor\laravel\framework\src\Illuminate\Filesystem\Filesystem.php(569): Symfony\Component\Finder\Finder->in('D:\\Project\\Tech...')
#1 Command line code(1): Illuminate\Filesystem\Filesystem->files('D:\\Project\\Tech...')
#2 Command line code(1): getViews('D:\\Project\\Tech...', Object(Illuminate\Filesystem\Filesystem))
#3 {main}
  thrown {"exception":"[object] (Symfony\\Component\\ErrorHandler\\Error\\FatalError(code: 0): Uncaught Symfony\\Component\\Finder\\Exception\\DirectoryNotFoundException: The \"D:\\Project\\Techsense\\custom_views\" directory does not exist. in D:\\Project\\Techsense\\vendor\\symfony\\finder\\Finder.php:649
Stack trace:
#0 D:\\Project\\Techsense\\vendor\\laravel\\framework\\src\\Illuminate\\Filesystem\\Filesystem.php(569): Symfony\\Component\\Finder\\Finder->in('D:\\\\Project\\\\Tech...')
#1 Command line code(1): Illuminate\\Filesystem\\Filesystem->files('D:\\\\Project\\\\Tech...')
#2 Command line code(1): getViews('D:\\\\Project\\\\Tech...', Object(Illuminate\\Filesystem\\Filesystem))
#3 {main}
  thrown at D:\\Project\\Techsense\\vendor\\symfony\\finder\\Finder.php:649)
[stacktrace]
#0 D:\\Project\\Techsense\\vendor\\laravel\\framework\\src\\Illuminate\\Foundation\\Bootstrap\\HandleExceptions.php(259): Symfony\\Component\\ErrorHandler\\Error\\FatalError->__construct(message: ''Uncaught Symfo...', code: '0', error: '['type' => 1, '...', traceOffset: '0', traceArgs: '???', trace: '???')
#1 D:\\Project\\Techsense\\vendor\\laravel\\framework\\src\\Illuminate\\Foundation\\Bootstrap\\HandleExceptions.php(246): Illuminate\\Foundation\\Bootstrap\\HandleExceptions->fatalErrorFromPhpError(error: '['type' => 1, '...', traceOffset: '0')
#2 D:\\Project\\Techsense\\vendor\\laravel\\framework\\src\\Illuminate\\Foundation\\Bootstrap\\HandleExceptions.php(270): Illuminate\\Foundation\\Bootstrap\\HandleExceptions->handleShutdown()
#3 D:\\Project\\Techsense\\vendor\\laravel\\framework\\src\\Illuminate\\Foundation\\Bootstrap\\HandleExceptions.php(0): Illuminate\\Foundation\\Bootstrap\\HandleExceptions->Illuminate\\Foundation\\Bootstrap\\{closure:D:\\Project\\Techsense\\vendor\\laravel\\framework\\src\\Illuminate\\Foundation\\Bootstrap\\HandleExceptions.php:269-271}()
#4 {main}
"} 
[2025-09-21 12:37:24] live.ERROR: Uncaught Symfony\Component\Finder\Exception\DirectoryNotFoundException: The "D:\Project\Techsense\custom_views" directory does not exist. in D:\Project\Techsense\vendor\symfony\finder\Finder.php:649
Stack trace:
#0 D:\Project\Techsense\vendor\laravel\framework\src\Illuminate\Filesystem\Filesystem.php(569): Symfony\Component\Finder\Finder->in('D:\\Project\\Tech...')
#1 Command line code(1): Illuminate\Filesystem\Filesystem->files('D:\\Project\\Tech...')
#2 Command line code(1): getViews('D:\\Project\\Tech...', Object(Illuminate\Filesystem\Filesystem))
#3 {main}
  thrown {"exception":"[object] (Symfony\\Component\\ErrorHandler\\Error\\FatalError(code: 0): Uncaught Symfony\\Component\\Finder\\Exception\\DirectoryNotFoundException: The \"D:\\Project\\Techsense\\custom_views\" directory does not exist. in D:\\Project\\Techsense\\vendor\\symfony\\finder\\Finder.php:649
Stack trace:
#0 D:\\Project\\Techsense\\vendor\\laravel\\framework\\src\\Illuminate\\Filesystem\\Filesystem.php(569): Symfony\\Component\\Finder\\Finder->in('D:\\\\Project\\\\Tech...')
#1 Command line code(1): Illuminate\\Filesystem\\Filesystem->files('D:\\\\Project\\\\Tech...')
#2 Command line code(1): getViews('D:\\\\Project\\\\Tech...', Object(Illuminate\\Filesystem\\Filesystem))
#3 {main}
  thrown at D:\\Project\\Techsense\\vendor\\symfony\\finder\\Finder.php:649)
[stacktrace]
#0 D:\\Project\\Techsense\\vendor\\laravel\\framework\\src\\Illuminate\\Foundation\\Bootstrap\\HandleExceptions.php(259): Symfony\\Component\\ErrorHandler\\Error\\FatalError->__construct(message: ''Uncaught Symfo...', code: '0', error: '['type' => 1, '...', traceOffset: '0', traceArgs: '???', trace: '???')
#1 D:\\Project\\Techsense\\vendor\\laravel\\framework\\src\\Illuminate\\Foundation\\Bootstrap\\HandleExceptions.php(246): Illuminate\\Foundation\\Bootstrap\\HandleExceptions->fatalErrorFromPhpError(error: '['type' => 1, '...', traceOffset: '0')
#2 D:\\Project\\Techsense\\vendor\\laravel\\framework\\src\\Illuminate\\Foundation\\Bootstrap\\HandleExceptions.php(270): Illuminate\\Foundation\\Bootstrap\\HandleExceptions->handleShutdown()
#3 D:\\Project\\Techsense\\vendor\\laravel\\framework\\src\\Illuminate\\Foundation\\Bootstrap\\HandleExceptions.php(0): Illuminate\\Foundation\\Bootstrap\\HandleExceptions->Illuminate\\Foundation\\Bootstrap\\{closure:D:\\Project\\Techsense\\vendor\\laravel\\framework\\src\\Illuminate\\Foundation\\Bootstrap\\HandleExceptions.php:269-271}()
#4 {main}
"} 
[2025-09-21 12:37:25] live.ERROR: Uncaught Symfony\Component\Finder\Exception\DirectoryNotFoundException: The "D:\Project\Techsense\custom_views" directory does not exist. in D:\Project\Techsense\vendor\symfony\finder\Finder.php:649
Stack trace:
#0 D:\Project\Techsense\vendor\laravel\framework\src\Illuminate\Filesystem\Filesystem.php(569): Symfony\Component\Finder\Finder->in('D:\\Project\\Tech...')
#1 Command line code(1): Illuminate\Filesystem\Filesystem->files('D:\\Project\\Tech...')
#2 Command line code(1): getViews('D:\\Project\\Tech...', Object(Illuminate\Filesystem\Filesystem))
#3 {main}
  thrown {"exception":"[object] (Symfony\\Component\\ErrorHandler\\Error\\FatalError(code: 0): Uncaught Symfony\\Component\\Finder\\Exception\\DirectoryNotFoundException: The \"D:\\Project\\Techsense\\custom_views\" directory does not exist. in D:\\Project\\Techsense\\vendor\\symfony\\finder\\Finder.php:649
Stack trace:
#0 D:\\Project\\Techsense\\vendor\\laravel\\framework\\src\\Illuminate\\Filesystem\\Filesystem.php(569): Symfony\\Component\\Finder\\Finder->in('D:\\\\Project\\\\Tech...')
#1 Command line code(1): Illuminate\\Filesystem\\Filesystem->files('D:\\\\Project\\\\Tech...')
#2 Command line code(1): getViews('D:\\\\Project\\\\Tech...', Object(Illuminate\\Filesystem\\Filesystem))
#3 {main}
  thrown at D:\\Project\\Techsense\\vendor\\symfony\\finder\\Finder.php:649)
[stacktrace]
#0 D:\\Project\\Techsense\\vendor\\laravel\\framework\\src\\Illuminate\\Foundation\\Bootstrap\\HandleExceptions.php(259): Symfony\\Component\\ErrorHandler\\Error\\FatalError->__construct(message: ''Uncaught Symfo...', code: '0', error: '['type' => 1, '...', traceOffset: '0', traceArgs: '???', trace: '???')
#1 D:\\Project\\Techsense\\vendor\\laravel\\framework\\src\\Illuminate\\Foundation\\Bootstrap\\HandleExceptions.php(246): Illuminate\\Foundation\\Bootstrap\\HandleExceptions->fatalErrorFromPhpError(error: '['type' => 1, '...', traceOffset: '0')
#2 D:\\Project\\Techsense\\vendor\\laravel\\framework\\src\\Illuminate\\Foundation\\Bootstrap\\HandleExceptions.php(270): Illuminate\\Foundation\\Bootstrap\\HandleExceptions->handleShutdown()
#3 D:\\Project\\Techsense\\vendor\\laravel\\framework\\src\\Illuminate\\Foundation\\Bootstrap\\HandleExceptions.php(0): Illuminate\\Foundation\\Bootstrap\\HandleExceptions->Illuminate\\Foundation\\Bootstrap\\{closure:D:\\Project\\Techsense\\vendor\\laravel\\framework\\src\\Illuminate\\Foundation\\Bootstrap\\HandleExceptions.php:269-271}()
#4 {main}
"} 
[2025-09-21 12:37:27] live.ERROR: Uncaught Symfony\Component\Finder\Exception\DirectoryNotFoundException: The "D:\Project\Techsense\custom_views" directory does not exist. in D:\Project\Techsense\vendor\symfony\finder\Finder.php:649
Stack trace:
#0 D:\Project\Techsense\vendor\laravel\framework\src\Illuminate\Filesystem\Filesystem.php(569): Symfony\Component\Finder\Finder->in('D:\\Project\\Tech...')
#1 Command line code(1): Illuminate\Filesystem\Filesystem->files('D:\\Project\\Tech...')
#2 Command line code(1): getViews('D:\\Project\\Tech...', Object(Illuminate\Filesystem\Filesystem))
#3 {main}
  thrown {"exception":"[object] (Symfony\\Component\\ErrorHandler\\Error\\FatalError(code: 0): Uncaught Symfony\\Component\\Finder\\Exception\\DirectoryNotFoundException: The \"D:\\Project\\Techsense\\custom_views\" directory does not exist. in D:\\Project\\Techsense\\vendor\\symfony\\finder\\Finder.php:649
Stack trace:
#0 D:\\Project\\Techsense\\vendor\\laravel\\framework\\src\\Illuminate\\Filesystem\\Filesystem.php(569): Symfony\\Component\\Finder\\Finder->in('D:\\\\Project\\\\Tech...')
#1 Command line code(1): Illuminate\\Filesystem\\Filesystem->files('D:\\\\Project\\\\Tech...')
#2 Command line code(1): getViews('D:\\\\Project\\\\Tech...', Object(Illuminate\\Filesystem\\Filesystem))
#3 {main}
  thrown at D:\\Project\\Techsense\\vendor\\symfony\\finder\\Finder.php:649)
[stacktrace]
#0 D:\\Project\\Techsense\\vendor\\laravel\\framework\\src\\Illuminate\\Foundation\\Bootstrap\\HandleExceptions.php(259): Symfony\\Component\\ErrorHandler\\Error\\FatalError->__construct(message: ''Uncaught Symfo...', code: '0', error: '['type' => 1, '...', traceOffset: '0', traceArgs: '???', trace: '???')
#1 D:\\Project\\Techsense\\vendor\\laravel\\framework\\src\\Illuminate\\Foundation\\Bootstrap\\HandleExceptions.php(246): Illuminate\\Foundation\\Bootstrap\\HandleExceptions->fatalErrorFromPhpError(error: '['type' => 1, '...', traceOffset: '0')
#2 D:\\Project\\Techsense\\vendor\\laravel\\framework\\src\\Illuminate\\Foundation\\Bootstrap\\HandleExceptions.php(270): Illuminate\\Foundation\\Bootstrap\\HandleExceptions->handleShutdown()
#3 D:\\Project\\Techsense\\vendor\\laravel\\framework\\src\\Illuminate\\Foundation\\Bootstrap\\HandleExceptions.php(0): Illuminate\\Foundation\\Bootstrap\\HandleExceptions->Illuminate\\Foundation\\Bootstrap\\{closure:D:\\Project\\Techsense\\vendor\\laravel\\framework\\src\\Illuminate\\Foundation\\Bootstrap\\HandleExceptions.php:269-271}()
#4 {main}
"} 
[2025-09-21 12:37:28] live.ERROR: Uncaught Symfony\Component\Finder\Exception\DirectoryNotFoundException: The "D:\Project\Techsense\custom_views" directory does not exist. in D:\Project\Techsense\vendor\symfony\finder\Finder.php:649
Stack trace:
#0 D:\Project\Techsense\vendor\laravel\framework\src\Illuminate\Filesystem\Filesystem.php(569): Symfony\Component\Finder\Finder->in('D:\\Project\\Tech...')
#1 Command line code(1): Illuminate\Filesystem\Filesystem->files('D:\\Project\\Tech...')
#2 Command line code(1): getViews('D:\\Project\\Tech...', Object(Illuminate\Filesystem\Filesystem))
#3 {main}
  thrown {"exception":"[object] (Symfony\\Component\\ErrorHandler\\Error\\FatalError(code: 0): Uncaught Symfony\\Component\\Finder\\Exception\\DirectoryNotFoundException: The \"D:\\Project\\Techsense\\custom_views\" directory does not exist. in D:\\Project\\Techsense\\vendor\\symfony\\finder\\Finder.php:649
Stack trace:
#0 D:\\Project\\Techsense\\vendor\\laravel\\framework\\src\\Illuminate\\Filesystem\\Filesystem.php(569): Symfony\\Component\\Finder\\Finder->in('D:\\\\Project\\\\Tech...')
#1 Command line code(1): Illuminate\\Filesystem\\Filesystem->files('D:\\\\Project\\\\Tech...')
#2 Command line code(1): getViews('D:\\\\Project\\\\Tech...', Object(Illuminate\\Filesystem\\Filesystem))
#3 {main}
  thrown at D:\\Project\\Techsense\\vendor\\symfony\\finder\\Finder.php:649)
[stacktrace]
#0 D:\\Project\\Techsense\\vendor\\laravel\\framework\\src\\Illuminate\\Foundation\\Bootstrap\\HandleExceptions.php(259): Symfony\\Component\\ErrorHandler\\Error\\FatalError->__construct(message: ''Uncaught Symfo...', code: '0', error: '['type' => 1, '...', traceOffset: '0', traceArgs: '???', trace: '???')
#1 D:\\Project\\Techsense\\vendor\\laravel\\framework\\src\\Illuminate\\Foundation\\Bootstrap\\HandleExceptions.php(246): Illuminate\\Foundation\\Bootstrap\\HandleExceptions->fatalErrorFromPhpError(error: '['type' => 1, '...', traceOffset: '0')
#2 D:\\Project\\Techsense\\vendor\\laravel\\framework\\src\\Illuminate\\Foundation\\Bootstrap\\HandleExceptions.php(270): Illuminate\\Foundation\\Bootstrap\\HandleExceptions->handleShutdown()
#3 D:\\Project\\Techsense\\vendor\\laravel\\framework\\src\\Illuminate\\Foundation\\Bootstrap\\HandleExceptions.php(0): Illuminate\\Foundation\\Bootstrap\\HandleExceptions->Illuminate\\Foundation\\Bootstrap\\{closure:D:\\Project\\Techsense\\vendor\\laravel\\framework\\src\\Illuminate\\Foundation\\Bootstrap\\HandleExceptions.php:269-271}()
#4 {main}
"} 
[2025-09-21 12:37:30] live.ERROR: Uncaught Symfony\Component\Finder\Exception\DirectoryNotFoundException: The "D:\Project\Techsense\custom_views" directory does not exist. in D:\Project\Techsense\vendor\symfony\finder\Finder.php:649
Stack trace:
#0 D:\Project\Techsense\vendor\laravel\framework\src\Illuminate\Filesystem\Filesystem.php(569): Symfony\Component\Finder\Finder->in('D:\\Project\\Tech...')
#1 Command line code(1): Illuminate\Filesystem\Filesystem->files('D:\\Project\\Tech...')
#2 Command line code(1): getViews('D:\\Project\\Tech...', Object(Illuminate\Filesystem\Filesystem))
#3 {main}
  thrown {"exception":"[object] (Symfony\\Component\\ErrorHandler\\Error\\FatalError(code: 0): Uncaught Symfony\\Component\\Finder\\Exception\\DirectoryNotFoundException: The \"D:\\Project\\Techsense\\custom_views\" directory does not exist. in D:\\Project\\Techsense\\vendor\\symfony\\finder\\Finder.php:649
Stack trace:
#0 D:\\Project\\Techsense\\vendor\\laravel\\framework\\src\\Illuminate\\Filesystem\\Filesystem.php(569): Symfony\\Component\\Finder\\Finder->in('D:\\\\Project\\\\Tech...')
#1 Command line code(1): Illuminate\\Filesystem\\Filesystem->files('D:\\\\Project\\\\Tech...')
#2 Command line code(1): getViews('D:\\\\Project\\\\Tech...', Object(Illuminate\\Filesystem\\Filesystem))
#3 {main}
  thrown at D:\\Project\\Techsense\\vendor\\symfony\\finder\\Finder.php:649)
[stacktrace]
#0 D:\\Project\\Techsense\\vendor\\laravel\\framework\\src\\Illuminate\\Foundation\\Bootstrap\\HandleExceptions.php(259): Symfony\\Component\\ErrorHandler\\Error\\FatalError->__construct(message: ''Uncaught Symfo...', code: '0', error: '['type' => 1, '...', traceOffset: '0', traceArgs: '???', trace: '???')
#1 D:\\Project\\Techsense\\vendor\\laravel\\framework\\src\\Illuminate\\Foundation\\Bootstrap\\HandleExceptions.php(246): Illuminate\\Foundation\\Bootstrap\\HandleExceptions->fatalErrorFromPhpError(error: '['type' => 1, '...', traceOffset: '0')
#2 D:\\Project\\Techsense\\vendor\\laravel\\framework\\src\\Illuminate\\Foundation\\Bootstrap\\HandleExceptions.php(270): Illuminate\\Foundation\\Bootstrap\\HandleExceptions->handleShutdown()
#3 D:\\Project\\Techsense\\vendor\\laravel\\framework\\src\\Illuminate\\Foundation\\Bootstrap\\HandleExceptions.php(0): Illuminate\\Foundation\\Bootstrap\\HandleExceptions->Illuminate\\Foundation\\Bootstrap\\{closure:D:\\Project\\Techsense\\vendor\\laravel\\framework\\src\\Illuminate\\Foundation\\Bootstrap\\HandleExceptions.php:269-271}()
#4 {main}
"} 
[2025-09-21 12:37:31] live.ERROR: Uncaught Symfony\Component\Finder\Exception\DirectoryNotFoundException: The "D:\Project\Techsense\custom_views" directory does not exist. in D:\Project\Techsense\vendor\symfony\finder\Finder.php:649
Stack trace:
#0 D:\Project\Techsense\vendor\laravel\framework\src\Illuminate\Filesystem\Filesystem.php(569): Symfony\Component\Finder\Finder->in('D:\\Project\\Tech...')
#1 Command line code(1): Illuminate\Filesystem\Filesystem->files('D:\\Project\\Tech...')
#2 Command line code(1): getViews('D:\\Project\\Tech...', Object(Illuminate\Filesystem\Filesystem))
#3 {main}
  thrown {"exception":"[object] (Symfony\\Component\\ErrorHandler\\Error\\FatalError(code: 0): Uncaught Symfony\\Component\\Finder\\Exception\\DirectoryNotFoundException: The \"D:\\Project\\Techsense\\custom_views\" directory does not exist. in D:\\Project\\Techsense\\vendor\\symfony\\finder\\Finder.php:649
Stack trace:
#0 D:\\Project\\Techsense\\vendor\\laravel\\framework\\src\\Illuminate\\Filesystem\\Filesystem.php(569): Symfony\\Component\\Finder\\Finder->in('D:\\\\Project\\\\Tech...')
#1 Command line code(1): Illuminate\\Filesystem\\Filesystem->files('D:\\\\Project\\\\Tech...')
#2 Command line code(1): getViews('D:\\\\Project\\\\Tech...', Object(Illuminate\\Filesystem\\Filesystem))
#3 {main}
  thrown at D:\\Project\\Techsense\\vendor\\symfony\\finder\\Finder.php:649)
[stacktrace]
#0 D:\\Project\\Techsense\\vendor\\laravel\\framework\\src\\Illuminate\\Foundation\\Bootstrap\\HandleExceptions.php(259): Symfony\\Component\\ErrorHandler\\Error\\FatalError->__construct(message: ''Uncaught Symfo...', code: '0', error: '['type' => 1, '...', traceOffset: '0', traceArgs: '???', trace: '???')
#1 D:\\Project\\Techsense\\vendor\\laravel\\framework\\src\\Illuminate\\Foundation\\Bootstrap\\HandleExceptions.php(246): Illuminate\\Foundation\\Bootstrap\\HandleExceptions->fatalErrorFromPhpError(error: '['type' => 1, '...', traceOffset: '0')
#2 D:\\Project\\Techsense\\vendor\\laravel\\framework\\src\\Illuminate\\Foundation\\Bootstrap\\HandleExceptions.php(270): Illuminate\\Foundation\\Bootstrap\\HandleExceptions->handleShutdown()
#3 D:\\Project\\Techsense\\vendor\\laravel\\framework\\src\\Illuminate\\Foundation\\Bootstrap\\HandleExceptions.php(0): Illuminate\\Foundation\\Bootstrap\\HandleExceptions->Illuminate\\Foundation\\Bootstrap\\{closure:D:\\Project\\Techsense\\vendor\\laravel\\framework\\src\\Illuminate\\Foundation\\Bootstrap\\HandleExceptions.php:269-271}()
#4 {main}
"} 
[2025-09-21 12:37:32] live.ERROR: Uncaught Symfony\Component\Finder\Exception\DirectoryNotFoundException: The "D:\Project\Techsense\custom_views" directory does not exist. in D:\Project\Techsense\vendor\symfony\finder\Finder.php:649
Stack trace:
#0 D:\Project\Techsense\vendor\laravel\framework\src\Illuminate\Filesystem\Filesystem.php(569): Symfony\Component\Finder\Finder->in('D:\\Project\\Tech...')
#1 Command line code(1): Illuminate\Filesystem\Filesystem->files('D:\\Project\\Tech...')
#2 Command line code(1): getViews('D:\\Project\\Tech...', Object(Illuminate\Filesystem\Filesystem))
#3 {main}
  thrown {"exception":"[object] (Symfony\\Component\\ErrorHandler\\Error\\FatalError(code: 0): Uncaught Symfony\\Component\\Finder\\Exception\\DirectoryNotFoundException: The \"D:\\Project\\Techsense\\custom_views\" directory does not exist. in D:\\Project\\Techsense\\vendor\\symfony\\finder\\Finder.php:649
Stack trace:
#0 D:\\Project\\Techsense\\vendor\\laravel\\framework\\src\\Illuminate\\Filesystem\\Filesystem.php(569): Symfony\\Component\\Finder\\Finder->in('D:\\\\Project\\\\Tech...')
#1 Command line code(1): Illuminate\\Filesystem\\Filesystem->files('D:\\\\Project\\\\Tech...')
#2 Command line code(1): getViews('D:\\\\Project\\\\Tech...', Object(Illuminate\\Filesystem\\Filesystem))
#3 {main}
  thrown at D:\\Project\\Techsense\\vendor\\symfony\\finder\\Finder.php:649)
[stacktrace]
#0 D:\\Project\\Techsense\\vendor\\laravel\\framework\\src\\Illuminate\\Foundation\\Bootstrap\\HandleExceptions.php(259): Symfony\\Component\\ErrorHandler\\Error\\FatalError->__construct(message: ''Uncaught Symfo...', code: '0', error: '['type' => 1, '...', traceOffset: '0', traceArgs: '???', trace: '???')
#1 D:\\Project\\Techsense\\vendor\\laravel\\framework\\src\\Illuminate\\Foundation\\Bootstrap\\HandleExceptions.php(246): Illuminate\\Foundation\\Bootstrap\\HandleExceptions->fatalErrorFromPhpError(error: '['type' => 1, '...', traceOffset: '0')
#2 D:\\Project\\Techsense\\vendor\\laravel\\framework\\src\\Illuminate\\Foundation\\Bootstrap\\HandleExceptions.php(270): Illuminate\\Foundation\\Bootstrap\\HandleExceptions->handleShutdown()
#3 D:\\Project\\Techsense\\vendor\\laravel\\framework\\src\\Illuminate\\Foundation\\Bootstrap\\HandleExceptions.php(0): Illuminate\\Foundation\\Bootstrap\\HandleExceptions->Illuminate\\Foundation\\Bootstrap\\{closure:D:\\Project\\Techsense\\vendor\\laravel\\framework\\src\\Illuminate\\Foundation\\Bootstrap\\HandleExceptions.php:269-271}()
#4 {main}
"} 
[2025-09-21 12:37:34] live.ERROR: Uncaught Symfony\Component\Finder\Exception\DirectoryNotFoundException: The "D:\Project\Techsense\custom_views" directory does not exist. in D:\Project\Techsense\vendor\symfony\finder\Finder.php:649
Stack trace:
#0 D:\Project\Techsense\vendor\laravel\framework\src\Illuminate\Filesystem\Filesystem.php(569): Symfony\Component\Finder\Finder->in('D:\\Project\\Tech...')
#1 Command line code(1): Illuminate\Filesystem\Filesystem->files('D:\\Project\\Tech...')
#2 Command line code(1): getViews('D:\\Project\\Tech...', Object(Illuminate\Filesystem\Filesystem))
#3 {main}
  thrown {"exception":"[object] (Symfony\\Component\\ErrorHandler\\Error\\FatalError(code: 0): Uncaught Symfony\\Component\\Finder\\Exception\\DirectoryNotFoundException: The \"D:\\Project\\Techsense\\custom_views\" directory does not exist. in D:\\Project\\Techsense\\vendor\\symfony\\finder\\Finder.php:649
Stack trace:
#0 D:\\Project\\Techsense\\vendor\\laravel\\framework\\src\\Illuminate\\Filesystem\\Filesystem.php(569): Symfony\\Component\\Finder\\Finder->in('D:\\\\Project\\\\Tech...')
#1 Command line code(1): Illuminate\\Filesystem\\Filesystem->files('D:\\\\Project\\\\Tech...')
#2 Command line code(1): getViews('D:\\\\Project\\\\Tech...', Object(Illuminate\\Filesystem\\Filesystem))
#3 {main}
  thrown at D:\\Project\\Techsense\\vendor\\symfony\\finder\\Finder.php:649)
[stacktrace]
#0 D:\\Project\\Techsense\\vendor\\laravel\\framework\\src\\Illuminate\\Foundation\\Bootstrap\\HandleExceptions.php(259): Symfony\\Component\\ErrorHandler\\Error\\FatalError->__construct(message: ''Uncaught Symfo...', code: '0', error: '['type' => 1, '...', traceOffset: '0', traceArgs: '???', trace: '???')
#1 D:\\Project\\Techsense\\vendor\\laravel\\framework\\src\\Illuminate\\Foundation\\Bootstrap\\HandleExceptions.php(246): Illuminate\\Foundation\\Bootstrap\\HandleExceptions->fatalErrorFromPhpError(error: '['type' => 1, '...', traceOffset: '0')
#2 D:\\Project\\Techsense\\vendor\\laravel\\framework\\src\\Illuminate\\Foundation\\Bootstrap\\HandleExceptions.php(270): Illuminate\\Foundation\\Bootstrap\\HandleExceptions->handleShutdown()
#3 D:\\Project\\Techsense\\vendor\\laravel\\framework\\src\\Illuminate\\Foundation\\Bootstrap\\HandleExceptions.php(0): Illuminate\\Foundation\\Bootstrap\\HandleExceptions->Illuminate\\Foundation\\Bootstrap\\{closure:D:\\Project\\Techsense\\vendor\\laravel\\framework\\src\\Illuminate\\Foundation\\Bootstrap\\HandleExceptions.php:269-271}()
#4 {main}
"} 
[2025-09-21 12:37:35] live.ERROR: Uncaught Symfony\Component\Finder\Exception\DirectoryNotFoundException: The "D:\Project\Techsense\custom_views" directory does not exist. in D:\Project\Techsense\vendor\symfony\finder\Finder.php:649
Stack trace:
#0 D:\Project\Techsense\vendor\laravel\framework\src\Illuminate\Filesystem\Filesystem.php(569): Symfony\Component\Finder\Finder->in('D:\\Project\\Tech...')
#1 Command line code(1): Illuminate\Filesystem\Filesystem->files('D:\\Project\\Tech...')
#2 Command line code(1): getViews('D:\\Project\\Tech...', Object(Illuminate\Filesystem\Filesystem))
#3 {main}
  thrown {"exception":"[object] (Symfony\\Component\\ErrorHandler\\Error\\FatalError(code: 0): Uncaught Symfony\\Component\\Finder\\Exception\\DirectoryNotFoundException: The \"D:\\Project\\Techsense\\custom_views\" directory does not exist. in D:\\Project\\Techsense\\vendor\\symfony\\finder\\Finder.php:649
Stack trace:
#0 D:\\Project\\Techsense\\vendor\\laravel\\framework\\src\\Illuminate\\Filesystem\\Filesystem.php(569): Symfony\\Component\\Finder\\Finder->in('D:\\\\Project\\\\Tech...')
#1 Command line code(1): Illuminate\\Filesystem\\Filesystem->files('D:\\\\Project\\\\Tech...')
#2 Command line code(1): getViews('D:\\\\Project\\\\Tech...', Object(Illuminate\\Filesystem\\Filesystem))
#3 {main}
  thrown at D:\\Project\\Techsense\\vendor\\symfony\\finder\\Finder.php:649)
[stacktrace]
#0 D:\\Project\\Techsense\\vendor\\laravel\\framework\\src\\Illuminate\\Foundation\\Bootstrap\\HandleExceptions.php(259): Symfony\\Component\\ErrorHandler\\Error\\FatalError->__construct(message: ''Uncaught Symfo...', code: '0', error: '['type' => 1, '...', traceOffset: '0', traceArgs: '???', trace: '???')
#1 D:\\Project\\Techsense\\vendor\\laravel\\framework\\src\\Illuminate\\Foundation\\Bootstrap\\HandleExceptions.php(246): Illuminate\\Foundation\\Bootstrap\\HandleExceptions->fatalErrorFromPhpError(error: '['type' => 1, '...', traceOffset: '0')
#2 D:\\Project\\Techsense\\vendor\\laravel\\framework\\src\\Illuminate\\Foundation\\Bootstrap\\HandleExceptions.php(270): Illuminate\\Foundation\\Bootstrap\\HandleExceptions->handleShutdown()
#3 D:\\Project\\Techsense\\vendor\\laravel\\framework\\src\\Illuminate\\Foundation\\Bootstrap\\HandleExceptions.php(0): Illuminate\\Foundation\\Bootstrap\\HandleExceptions->Illuminate\\Foundation\\Bootstrap\\{closure:D:\\Project\\Techsense\\vendor\\laravel\\framework\\src\\Illuminate\\Foundation\\Bootstrap\\HandleExceptions.php:269-271}()
#4 {main}
"} 
[2025-09-21 12:37:37] live.ERROR: Uncaught Symfony\Component\Finder\Exception\DirectoryNotFoundException: The "D:\Project\Techsense\custom_views" directory does not exist. in D:\Project\Techsense\vendor\symfony\finder\Finder.php:649
Stack trace:
#0 D:\Project\Techsense\vendor\laravel\framework\src\Illuminate\Filesystem\Filesystem.php(569): Symfony\Component\Finder\Finder->in('D:\\Project\\Tech...')
#1 Command line code(1): Illuminate\Filesystem\Filesystem->files('D:\\Project\\Tech...')
#2 Command line code(1): getViews('D:\\Project\\Tech...', Object(Illuminate\Filesystem\Filesystem))
#3 {main}
  thrown {"exception":"[object] (Symfony\\Component\\ErrorHandler\\Error\\FatalError(code: 0): Uncaught Symfony\\Component\\Finder\\Exception\\DirectoryNotFoundException: The \"D:\\Project\\Techsense\\custom_views\" directory does not exist. in D:\\Project\\Techsense\\vendor\\symfony\\finder\\Finder.php:649
Stack trace:
#0 D:\\Project\\Techsense\\vendor\\laravel\\framework\\src\\Illuminate\\Filesystem\\Filesystem.php(569): Symfony\\Component\\Finder\\Finder->in('D:\\\\Project\\\\Tech...')
#1 Command line code(1): Illuminate\\Filesystem\\Filesystem->files('D:\\\\Project\\\\Tech...')
#2 Command line code(1): getViews('D:\\\\Project\\\\Tech...', Object(Illuminate\\Filesystem\\Filesystem))
#3 {main}
  thrown at D:\\Project\\Techsense\\vendor\\symfony\\finder\\Finder.php:649)
[stacktrace]
#0 D:\\Project\\Techsense\\vendor\\laravel\\framework\\src\\Illuminate\\Foundation\\Bootstrap\\HandleExceptions.php(259): Symfony\\Component\\ErrorHandler\\Error\\FatalError->__construct(message: ''Uncaught Symfo...', code: '0', error: '['type' => 1, '...', traceOffset: '0', traceArgs: '???', trace: '???')
#1 D:\\Project\\Techsense\\vendor\\laravel\\framework\\src\\Illuminate\\Foundation\\Bootstrap\\HandleExceptions.php(246): Illuminate\\Foundation\\Bootstrap\\HandleExceptions->fatalErrorFromPhpError(error: '['type' => 1, '...', traceOffset: '0')
#2 D:\\Project\\Techsense\\vendor\\laravel\\framework\\src\\Illuminate\\Foundation\\Bootstrap\\HandleExceptions.php(270): Illuminate\\Foundation\\Bootstrap\\HandleExceptions->handleShutdown()
#3 D:\\Project\\Techsense\\vendor\\laravel\\framework\\src\\Illuminate\\Foundation\\Bootstrap\\HandleExceptions.php(0): Illuminate\\Foundation\\Bootstrap\\HandleExceptions->Illuminate\\Foundation\\Bootstrap\\{closure:D:\\Project\\Techsense\\vendor\\laravel\\framework\\src\\Illuminate\\Foundation\\Bootstrap\\HandleExceptions.php:269-271}()
#4 {main}
"} 
[2025-09-21 12:37:38] live.ERROR: Uncaught Symfony\Component\Finder\Exception\DirectoryNotFoundException: The "D:\Project\Techsense\custom_views" directory does not exist. in D:\Project\Techsense\vendor\symfony\finder\Finder.php:649
Stack trace:
#0 D:\Project\Techsense\vendor\laravel\framework\src\Illuminate\Filesystem\Filesystem.php(569): Symfony\Component\Finder\Finder->in('D:\\Project\\Tech...')
#1 Command line code(1): Illuminate\Filesystem\Filesystem->files('D:\\Project\\Tech...')
#2 Command line code(1): getViews('D:\\Project\\Tech...', Object(Illuminate\Filesystem\Filesystem))
#3 {main}
  thrown {"exception":"[object] (Symfony\\Component\\ErrorHandler\\Error\\FatalError(code: 0): Uncaught Symfony\\Component\\Finder\\Exception\\DirectoryNotFoundException: The \"D:\\Project\\Techsense\\custom_views\" directory does not exist. in D:\\Project\\Techsense\\vendor\\symfony\\finder\\Finder.php:649
Stack trace:
#0 D:\\Project\\Techsense\\vendor\\laravel\\framework\\src\\Illuminate\\Filesystem\\Filesystem.php(569): Symfony\\Component\\Finder\\Finder->in('D:\\\\Project\\\\Tech...')
#1 Command line code(1): Illuminate\\Filesystem\\Filesystem->files('D:\\\\Project\\\\Tech...')
#2 Command line code(1): getViews('D:\\\\Project\\\\Tech...', Object(Illuminate\\Filesystem\\Filesystem))
#3 {main}
  thrown at D:\\Project\\Techsense\\vendor\\symfony\\finder\\Finder.php:649)
[stacktrace]
#0 D:\\Project\\Techsense\\vendor\\laravel\\framework\\src\\Illuminate\\Foundation\\Bootstrap\\HandleExceptions.php(259): Symfony\\Component\\ErrorHandler\\Error\\FatalError->__construct(message: ''Uncaught Symfo...', code: '0', error: '['type' => 1, '...', traceOffset: '0', traceArgs: '???', trace: '???')
#1 D:\\Project\\Techsense\\vendor\\laravel\\framework\\src\\Illuminate\\Foundation\\Bootstrap\\HandleExceptions.php(246): Illuminate\\Foundation\\Bootstrap\\HandleExceptions->fatalErrorFromPhpError(error: '['type' => 1, '...', traceOffset: '0')
#2 D:\\Project\\Techsense\\vendor\\laravel\\framework\\src\\Illuminate\\Foundation\\Bootstrap\\HandleExceptions.php(270): Illuminate\\Foundation\\Bootstrap\\HandleExceptions->handleShutdown()
#3 D:\\Project\\Techsense\\vendor\\laravel\\framework\\src\\Illuminate\\Foundation\\Bootstrap\\HandleExceptions.php(0): Illuminate\\Foundation\\Bootstrap\\HandleExceptions->Illuminate\\Foundation\\Bootstrap\\{closure:D:\\Project\\Techsense\\vendor\\laravel\\framework\\src\\Illuminate\\Foundation\\Bootstrap\\HandleExceptions.php:269-271}()
#4 {main}
"} 
[2025-09-21 12:37:40] live.ERROR: Uncaught Symfony\Component\Finder\Exception\DirectoryNotFoundException: The "D:\Project\Techsense\custom_views" directory does not exist. in D:\Project\Techsense\vendor\symfony\finder\Finder.php:649
Stack trace:
#0 D:\Project\Techsense\vendor\laravel\framework\src\Illuminate\Filesystem\Filesystem.php(569): Symfony\Component\Finder\Finder->in('D:\\Project\\Tech...')
#1 Command line code(1): Illuminate\Filesystem\Filesystem->files('D:\\Project\\Tech...')
#2 Command line code(1): getViews('D:\\Project\\Tech...', Object(Illuminate\Filesystem\Filesystem))
#3 {main}
  thrown {"exception":"[object] (Symfony\\Component\\ErrorHandler\\Error\\FatalError(code: 0): Uncaught Symfony\\Component\\Finder\\Exception\\DirectoryNotFoundException: The \"D:\\Project\\Techsense\\custom_views\" directory does not exist. in D:\\Project\\Techsense\\vendor\\symfony\\finder\\Finder.php:649
Stack trace:
#0 D:\\Project\\Techsense\\vendor\\laravel\\framework\\src\\Illuminate\\Filesystem\\Filesystem.php(569): Symfony\\Component\\Finder\\Finder->in('D:\\\\Project\\\\Tech...')
#1 Command line code(1): Illuminate\\Filesystem\\Filesystem->files('D:\\\\Project\\\\Tech...')
#2 Command line code(1): getViews('D:\\\\Project\\\\Tech...', Object(Illuminate\\Filesystem\\Filesystem))
#3 {main}
  thrown at D:\\Project\\Techsense\\vendor\\symfony\\finder\\Finder.php:649)
[stacktrace]
#0 D:\\Project\\Techsense\\vendor\\laravel\\framework\\src\\Illuminate\\Foundation\\Bootstrap\\HandleExceptions.php(259): Symfony\\Component\\ErrorHandler\\Error\\FatalError->__construct(message: ''Uncaught Symfo...', code: '0', error: '['type' => 1, '...', traceOffset: '0', traceArgs: '???', trace: '???')
#1 D:\\Project\\Techsense\\vendor\\laravel\\framework\\src\\Illuminate\\Foundation\\Bootstrap\\HandleExceptions.php(246): Illuminate\\Foundation\\Bootstrap\\HandleExceptions->fatalErrorFromPhpError(error: '['type' => 1, '...', traceOffset: '0')
#2 D:\\Project\\Techsense\\vendor\\laravel\\framework\\src\\Illuminate\\Foundation\\Bootstrap\\HandleExceptions.php(270): Illuminate\\Foundation\\Bootstrap\\HandleExceptions->handleShutdown()
#3 D:\\Project\\Techsense\\vendor\\laravel\\framework\\src\\Illuminate\\Foundation\\Bootstrap\\HandleExceptions.php(0): Illuminate\\Foundation\\Bootstrap\\HandleExceptions->Illuminate\\Foundation\\Bootstrap\\{closure:D:\\Project\\Techsense\\vendor\\laravel\\framework\\src\\Illuminate\\Foundation\\Bootstrap\\HandleExceptions.php:269-271}()
#4 {main}
"} 
[2025-09-21 12:37:41] live.ERROR: Uncaught Symfony\Component\Finder\Exception\DirectoryNotFoundException: The "D:\Project\Techsense\custom_views" directory does not exist. in D:\Project\Techsense\vendor\symfony\finder\Finder.php:649
Stack trace:
#0 D:\Project\Techsense\vendor\laravel\framework\src\Illuminate\Filesystem\Filesystem.php(569): Symfony\Component\Finder\Finder->in('D:\\Project\\Tech...')
#1 Command line code(1): Illuminate\Filesystem\Filesystem->files('D:\\Project\\Tech...')
#2 Command line code(1): getViews('D:\\Project\\Tech...', Object(Illuminate\Filesystem\Filesystem))
#3 {main}
  thrown {"exception":"[object] (Symfony\\Component\\ErrorHandler\\Error\\FatalError(code: 0): Uncaught Symfony\\Component\\Finder\\Exception\\DirectoryNotFoundException: The \"D:\\Project\\Techsense\\custom_views\" directory does not exist. in D:\\Project\\Techsense\\vendor\\symfony\\finder\\Finder.php:649
Stack trace:
#0 D:\\Project\\Techsense\\vendor\\laravel\\framework\\src\\Illuminate\\Filesystem\\Filesystem.php(569): Symfony\\Component\\Finder\\Finder->in('D:\\\\Project\\\\Tech...')
#1 Command line code(1): Illuminate\\Filesystem\\Filesystem->files('D:\\\\Project\\\\Tech...')
#2 Command line code(1): getViews('D:\\\\Project\\\\Tech...', Object(Illuminate\\Filesystem\\Filesystem))
#3 {main}
  thrown at D:\\Project\\Techsense\\vendor\\symfony\\finder\\Finder.php:649)
[stacktrace]
#0 D:\\Project\\Techsense\\vendor\\laravel\\framework\\src\\Illuminate\\Foundation\\Bootstrap\\HandleExceptions.php(259): Symfony\\Component\\ErrorHandler\\Error\\FatalError->__construct(message: ''Uncaught Symfo...', code: '0', error: '['type' => 1, '...', traceOffset: '0', traceArgs: '???', trace: '???')
#1 D:\\Project\\Techsense\\vendor\\laravel\\framework\\src\\Illuminate\\Foundation\\Bootstrap\\HandleExceptions.php(246): Illuminate\\Foundation\\Bootstrap\\HandleExceptions->fatalErrorFromPhpError(error: '['type' => 1, '...', traceOffset: '0')
#2 D:\\Project\\Techsense\\vendor\\laravel\\framework\\src\\Illuminate\\Foundation\\Bootstrap\\HandleExceptions.php(270): Illuminate\\Foundation\\Bootstrap\\HandleExceptions->handleShutdown()
#3 D:\\Project\\Techsense\\vendor\\laravel\\framework\\src\\Illuminate\\Foundation\\Bootstrap\\HandleExceptions.php(0): Illuminate\\Foundation\\Bootstrap\\HandleExceptions->Illuminate\\Foundation\\Bootstrap\\{closure:D:\\Project\\Techsense\\vendor\\laravel\\framework\\src\\Illuminate\\Foundation\\Bootstrap\\HandleExceptions.php:269-271}()
#4 {main}
"} 
[2025-09-21 12:37:43] live.ERROR: Uncaught Symfony\Component\Finder\Exception\DirectoryNotFoundException: The "D:\Project\Techsense\custom_views" directory does not exist. in D:\Project\Techsense\vendor\symfony\finder\Finder.php:649
Stack trace:
#0 D:\Project\Techsense\vendor\laravel\framework\src\Illuminate\Filesystem\Filesystem.php(569): Symfony\Component\Finder\Finder->in('D:\\Project\\Tech...')
#1 Command line code(1): Illuminate\Filesystem\Filesystem->files('D:\\Project\\Tech...')
#2 Command line code(1): getViews('D:\\Project\\Tech...', Object(Illuminate\Filesystem\Filesystem))
#3 {main}
  thrown {"exception":"[object] (Symfony\\Component\\ErrorHandler\\Error\\FatalError(code: 0): Uncaught Symfony\\Component\\Finder\\Exception\\DirectoryNotFoundException: The \"D:\\Project\\Techsense\\custom_views\" directory does not exist. in D:\\Project\\Techsense\\vendor\\symfony\\finder\\Finder.php:649
Stack trace:
#0 D:\\Project\\Techsense\\vendor\\laravel\\framework\\src\\Illuminate\\Filesystem\\Filesystem.php(569): Symfony\\Component\\Finder\\Finder->in('D:\\\\Project\\\\Tech...')
#1 Command line code(1): Illuminate\\Filesystem\\Filesystem->files('D:\\\\Project\\\\Tech...')
#2 Command line code(1): getViews('D:\\\\Project\\\\Tech...', Object(Illuminate\\Filesystem\\Filesystem))
#3 {main}
  thrown at D:\\Project\\Techsense\\vendor\\symfony\\finder\\Finder.php:649)
[stacktrace]
#0 D:\\Project\\Techsense\\vendor\\laravel\\framework\\src\\Illuminate\\Foundation\\Bootstrap\\HandleExceptions.php(259): Symfony\\Component\\ErrorHandler\\Error\\FatalError->__construct(message: ''Uncaught Symfo...', code: '0', error: '['type' => 1, '...', traceOffset: '0', traceArgs: '???', trace: '???')
#1 D:\\Project\\Techsense\\vendor\\laravel\\framework\\src\\Illuminate\\Foundation\\Bootstrap\\HandleExceptions.php(246): Illuminate\\Foundation\\Bootstrap\\HandleExceptions->fatalErrorFromPhpError(error: '['type' => 1, '...', traceOffset: '0')
#2 D:\\Project\\Techsense\\vendor\\laravel\\framework\\src\\Illuminate\\Foundation\\Bootstrap\\HandleExceptions.php(270): Illuminate\\Foundation\\Bootstrap\\HandleExceptions->handleShutdown()
#3 D:\\Project\\Techsense\\vendor\\laravel\\framework\\src\\Illuminate\\Foundation\\Bootstrap\\HandleExceptions.php(0): Illuminate\\Foundation\\Bootstrap\\HandleExceptions->Illuminate\\Foundation\\Bootstrap\\{closure:D:\\Project\\Techsense\\vendor\\laravel\\framework\\src\\Illuminate\\Foundation\\Bootstrap\\HandleExceptions.php:269-271}()
#4 {main}
"} 
[2025-09-21 12:37:45] live.ERROR: Uncaught Symfony\Component\Finder\Exception\DirectoryNotFoundException: The "D:\Project\Techsense\custom_views" directory does not exist. in D:\Project\Techsense\vendor\symfony\finder\Finder.php:649
Stack trace:
#0 D:\Project\Techsense\vendor\laravel\framework\src\Illuminate\Filesystem\Filesystem.php(569): Symfony\Component\Finder\Finder->in('D:\\Project\\Tech...')
#1 Command line code(1): Illuminate\Filesystem\Filesystem->files('D:\\Project\\Tech...')
#2 Command line code(1): getViews('D:\\Project\\Tech...', Object(Illuminate\Filesystem\Filesystem))
#3 {main}
  thrown {"exception":"[object] (Symfony\\Component\\ErrorHandler\\Error\\FatalError(code: 0): Uncaught Symfony\\Component\\Finder\\Exception\\DirectoryNotFoundException: The \"D:\\Project\\Techsense\\custom_views\" directory does not exist. in D:\\Project\\Techsense\\vendor\\symfony\\finder\\Finder.php:649
Stack trace:
#0 D:\\Project\\Techsense\\vendor\\laravel\\framework\\src\\Illuminate\\Filesystem\\Filesystem.php(569): Symfony\\Component\\Finder\\Finder->in('D:\\\\Project\\\\Tech...')
#1 Command line code(1): Illuminate\\Filesystem\\Filesystem->files('D:\\\\Project\\\\Tech...')
#2 Command line code(1): getViews('D:\\\\Project\\\\Tech...', Object(Illuminate\\Filesystem\\Filesystem))
#3 {main}
  thrown at D:\\Project\\Techsense\\vendor\\symfony\\finder\\Finder.php:649)
[stacktrace]
#0 D:\\Project\\Techsense\\vendor\\laravel\\framework\\src\\Illuminate\\Foundation\\Bootstrap\\HandleExceptions.php(259): Symfony\\Component\\ErrorHandler\\Error\\FatalError->__construct(message: ''Uncaught Symfo...', code: '0', error: '['type' => 1, '...', traceOffset: '0', traceArgs: '???', trace: '???')
#1 D:\\Project\\Techsense\\vendor\\laravel\\framework\\src\\Illuminate\\Foundation\\Bootstrap\\HandleExceptions.php(246): Illuminate\\Foundation\\Bootstrap\\HandleExceptions->fatalErrorFromPhpError(error: '['type' => 1, '...', traceOffset: '0')
#2 D:\\Project\\Techsense\\vendor\\laravel\\framework\\src\\Illuminate\\Foundation\\Bootstrap\\HandleExceptions.php(270): Illuminate\\Foundation\\Bootstrap\\HandleExceptions->handleShutdown()
#3 D:\\Project\\Techsense\\vendor\\laravel\\framework\\src\\Illuminate\\Foundation\\Bootstrap\\HandleExceptions.php(0): Illuminate\\Foundation\\Bootstrap\\HandleExceptions->Illuminate\\Foundation\\Bootstrap\\{closure:D:\\Project\\Techsense\\vendor\\laravel\\framework\\src\\Illuminate\\Foundation\\Bootstrap\\HandleExceptions.php:269-271}()
#4 {main}
"} 
[2025-09-21 12:37:47] live.ERROR: Uncaught Symfony\Component\Finder\Exception\DirectoryNotFoundException: The "D:\Project\Techsense\custom_views" directory does not exist. in D:\Project\Techsense\vendor\symfony\finder\Finder.php:649
Stack trace:
#0 D:\Project\Techsense\vendor\laravel\framework\src\Illuminate\Filesystem\Filesystem.php(569): Symfony\Component\Finder\Finder->in('D:\\Project\\Tech...')
#1 Command line code(1): Illuminate\Filesystem\Filesystem->files('D:\\Project\\Tech...')
#2 Command line code(1): getViews('D:\\Project\\Tech...', Object(Illuminate\Filesystem\Filesystem))
#3 {main}
  thrown {"exception":"[object] (Symfony\\Component\\ErrorHandler\\Error\\FatalError(code: 0): Uncaught Symfony\\Component\\Finder\\Exception\\DirectoryNotFoundException: The \"D:\\Project\\Techsense\\custom_views\" directory does not exist. in D:\\Project\\Techsense\\vendor\\symfony\\finder\\Finder.php:649
Stack trace:
#0 D:\\Project\\Techsense\\vendor\\laravel\\framework\\src\\Illuminate\\Filesystem\\Filesystem.php(569): Symfony\\Component\\Finder\\Finder->in('D:\\\\Project\\\\Tech...')
#1 Command line code(1): Illuminate\\Filesystem\\Filesystem->files('D:\\\\Project\\\\Tech...')
#2 Command line code(1): getViews('D:\\\\Project\\\\Tech...', Object(Illuminate\\Filesystem\\Filesystem))
#3 {main}
  thrown at D:\\Project\\Techsense\\vendor\\symfony\\finder\\Finder.php:649)
[stacktrace]
#0 D:\\Project\\Techsense\\vendor\\laravel\\framework\\src\\Illuminate\\Foundation\\Bootstrap\\HandleExceptions.php(259): Symfony\\Component\\ErrorHandler\\Error\\FatalError->__construct(message: ''Uncaught Symfo...', code: '0', error: '['type' => 1, '...', traceOffset: '0', traceArgs: '???', trace: '???')
#1 D:\\Project\\Techsense\\vendor\\laravel\\framework\\src\\Illuminate\\Foundation\\Bootstrap\\HandleExceptions.php(246): Illuminate\\Foundation\\Bootstrap\\HandleExceptions->fatalErrorFromPhpError(error: '['type' => 1, '...', traceOffset: '0')
#2 D:\\Project\\Techsense\\vendor\\laravel\\framework\\src\\Illuminate\\Foundation\\Bootstrap\\HandleExceptions.php(270): Illuminate\\Foundation\\Bootstrap\\HandleExceptions->handleShutdown()
#3 D:\\Project\\Techsense\\vendor\\laravel\\framework\\src\\Illuminate\\Foundation\\Bootstrap\\HandleExceptions.php(0): Illuminate\\Foundation\\Bootstrap\\HandleExceptions->Illuminate\\Foundation\\Bootstrap\\{closure:D:\\Project\\Techsense\\vendor\\laravel\\framework\\src\\Illuminate\\Foundation\\Bootstrap\\HandleExceptions.php:269-271}()
#4 {main}
"} 
[2025-09-21 12:37:48] live.ERROR: Uncaught Symfony\Component\Finder\Exception\DirectoryNotFoundException: The "D:\Project\Techsense\custom_views" directory does not exist. in D:\Project\Techsense\vendor\symfony\finder\Finder.php:649
Stack trace:
#0 D:\Project\Techsense\vendor\laravel\framework\src\Illuminate\Filesystem\Filesystem.php(569): Symfony\Component\Finder\Finder->in('D:\\Project\\Tech...')
#1 Command line code(1): Illuminate\Filesystem\Filesystem->files('D:\\Project\\Tech...')
#2 Command line code(1): getViews('D:\\Project\\Tech...', Object(Illuminate\Filesystem\Filesystem))
#3 {main}
  thrown {"exception":"[object] (Symfony\\Component\\ErrorHandler\\Error\\FatalError(code: 0): Uncaught Symfony\\Component\\Finder\\Exception\\DirectoryNotFoundException: The \"D:\\Project\\Techsense\\custom_views\" directory does not exist. in D:\\Project\\Techsense\\vendor\\symfony\\finder\\Finder.php:649
Stack trace:
#0 D:\\Project\\Techsense\\vendor\\laravel\\framework\\src\\Illuminate\\Filesystem\\Filesystem.php(569): Symfony\\Component\\Finder\\Finder->in('D:\\\\Project\\\\Tech...')
#1 Command line code(1): Illuminate\\Filesystem\\Filesystem->files('D:\\\\Project\\\\Tech...')
#2 Command line code(1): getViews('D:\\\\Project\\\\Tech...', Object(Illuminate\\Filesystem\\Filesystem))
#3 {main}
  thrown at D:\\Project\\Techsense\\vendor\\symfony\\finder\\Finder.php:649)
[stacktrace]
#0 D:\\Project\\Techsense\\vendor\\laravel\\framework\\src\\Illuminate\\Foundation\\Bootstrap\\HandleExceptions.php(259): Symfony\\Component\\ErrorHandler\\Error\\FatalError->__construct(message: ''Uncaught Symfo...', code: '0', error: '['type' => 1, '...', traceOffset: '0', traceArgs: '???', trace: '???')
#1 D:\\Project\\Techsense\\vendor\\laravel\\framework\\src\\Illuminate\\Foundation\\Bootstrap\\HandleExceptions.php(246): Illuminate\\Foundation\\Bootstrap\\HandleExceptions->fatalErrorFromPhpError(error: '['type' => 1, '...', traceOffset: '0')
#2 D:\\Project\\Techsense\\vendor\\laravel\\framework\\src\\Illuminate\\Foundation\\Bootstrap\\HandleExceptions.php(270): Illuminate\\Foundation\\Bootstrap\\HandleExceptions->handleShutdown()
#3 D:\\Project\\Techsense\\vendor\\laravel\\framework\\src\\Illuminate\\Foundation\\Bootstrap\\HandleExceptions.php(0): Illuminate\\Foundation\\Bootstrap\\HandleExceptions->Illuminate\\Foundation\\Bootstrap\\{closure:D:\\Project\\Techsense\\vendor\\laravel\\framework\\src\\Illuminate\\Foundation\\Bootstrap\\HandleExceptions.php:269-271}()
#4 {main}
"} 
[2025-09-21 12:37:50] live.ERROR: Uncaught Symfony\Component\Finder\Exception\DirectoryNotFoundException: The "D:\Project\Techsense\custom_views" directory does not exist. in D:\Project\Techsense\vendor\symfony\finder\Finder.php:649
Stack trace:
#0 D:\Project\Techsense\vendor\laravel\framework\src\Illuminate\Filesystem\Filesystem.php(569): Symfony\Component\Finder\Finder->in('D:\\Project\\Tech...')
#1 Command line code(1): Illuminate\Filesystem\Filesystem->files('D:\\Project\\Tech...')
#2 Command line code(1): getViews('D:\\Project\\Tech...', Object(Illuminate\Filesystem\Filesystem))
#3 {main}
  thrown {"exception":"[object] (Symfony\\Component\\ErrorHandler\\Error\\FatalError(code: 0): Uncaught Symfony\\Component\\Finder\\Exception\\DirectoryNotFoundException: The \"D:\\Project\\Techsense\\custom_views\" directory does not exist. in D:\\Project\\Techsense\\vendor\\symfony\\finder\\Finder.php:649
Stack trace:
#0 D:\\Project\\Techsense\\vendor\\laravel\\framework\\src\\Illuminate\\Filesystem\\Filesystem.php(569): Symfony\\Component\\Finder\\Finder->in('D:\\\\Project\\\\Tech...')
#1 Command line code(1): Illuminate\\Filesystem\\Filesystem->files('D:\\\\Project\\\\Tech...')
#2 Command line code(1): getViews('D:\\\\Project\\\\Tech...', Object(Illuminate\\Filesystem\\Filesystem))
#3 {main}
  thrown at D:\\Project\\Techsense\\vendor\\symfony\\finder\\Finder.php:649)
[stacktrace]
#0 D:\\Project\\Techsense\\vendor\\laravel\\framework\\src\\Illuminate\\Foundation\\Bootstrap\\HandleExceptions.php(259): Symfony\\Component\\ErrorHandler\\Error\\FatalError->__construct(message: ''Uncaught Symfo...', code: '0', error: '['type' => 1, '...', traceOffset: '0', traceArgs: '???', trace: '???')
#1 D:\\Project\\Techsense\\vendor\\laravel\\framework\\src\\Illuminate\\Foundation\\Bootstrap\\HandleExceptions.php(246): Illuminate\\Foundation\\Bootstrap\\HandleExceptions->fatalErrorFromPhpError(error: '['type' => 1, '...', traceOffset: '0')
#2 D:\\Project\\Techsense\\vendor\\laravel\\framework\\src\\Illuminate\\Foundation\\Bootstrap\\HandleExceptions.php(270): Illuminate\\Foundation\\Bootstrap\\HandleExceptions->handleShutdown()
#3 D:\\Project\\Techsense\\vendor\\laravel\\framework\\src\\Illuminate\\Foundation\\Bootstrap\\HandleExceptions.php(0): Illuminate\\Foundation\\Bootstrap\\HandleExceptions->Illuminate\\Foundation\\Bootstrap\\{closure:D:\\Project\\Techsense\\vendor\\laravel\\framework\\src\\Illuminate\\Foundation\\Bootstrap\\HandleExceptions.php:269-271}()
#4 {main}
"} 
[2025-09-21 12:37:51] live.ERROR: Uncaught ReflectionException: Class "App\Policies\ModelPolicy" does not exist in Command line code:1
Stack trace:
#0 Command line code(1): ReflectionClass->__construct('App\\Policies\\Mo...')
#1 [internal function]: {closure}('App\\Policies\\Mo...', 'App\\Model')
#2 Command line code(1): array_map(Object(Closure), Array, Array)
#3 {main}
  thrown {"exception":"[object] (Symfony\\Component\\ErrorHandler\\Error\\FatalError(code: 0): Uncaught ReflectionException: Class \"App\\Policies\\ModelPolicy\" does not exist in Command line code:1
Stack trace:
#0 Command line code(1): ReflectionClass->__construct('App\\\\Policies\\\\Mo...')
#1 [internal function]: {closure}('App\\\\Policies\\\\Mo...', 'App\\\\Model')
#2 Command line code(1): array_map(Object(Closure), Array, Array)
#3 {main}
  thrown at Command line code:1)
[stacktrace]
#0 D:\\Project\\Techsense\\vendor\\laravel\\framework\\src\\Illuminate\\Foundation\\Bootstrap\\HandleExceptions.php(259): Symfony\\Component\\ErrorHandler\\Error\\FatalError->__construct(message: ''Uncaught Refle...', code: '0', error: '['type' => 1, '...', traceOffset: '0', traceArgs: '???', trace: '???')
#1 D:\\Project\\Techsense\\vendor\\laravel\\framework\\src\\Illuminate\\Foundation\\Bootstrap\\HandleExceptions.php(246): Illuminate\\Foundation\\Bootstrap\\HandleExceptions->fatalErrorFromPhpError(error: '['type' => 1, '...', traceOffset: '0')
#2 D:\\Project\\Techsense\\vendor\\laravel\\framework\\src\\Illuminate\\Foundation\\Bootstrap\\HandleExceptions.php(270): Illuminate\\Foundation\\Bootstrap\\HandleExceptions->handleShutdown()
#3 D:\\Project\\Techsense\\vendor\\laravel\\framework\\src\\Illuminate\\Foundation\\Bootstrap\\HandleExceptions.php(0): Illuminate\\Foundation\\Bootstrap\\HandleExceptions->Illuminate\\Foundation\\Bootstrap\\{closure:D:\\Project\\Techsense\\vendor\\laravel\\framework\\src\\Illuminate\\Foundation\\Bootstrap\\HandleExceptions.php:269-271}()
#4 {main}
"} 
[2025-09-21 12:37:52] live.ERROR: Uncaught Symfony\Component\Finder\Exception\DirectoryNotFoundException: The "D:\Project\Techsense\custom_views" directory does not exist. in D:\Project\Techsense\vendor\symfony\finder\Finder.php:649
Stack trace:
#0 D:\Project\Techsense\vendor\laravel\framework\src\Illuminate\Filesystem\Filesystem.php(569): Symfony\Component\Finder\Finder->in('D:\\Project\\Tech...')
#1 Command line code(1): Illuminate\Filesystem\Filesystem->files('D:\\Project\\Tech...')
#2 Command line code(1): getViews('D:\\Project\\Tech...', Object(Illuminate\Filesystem\Filesystem))
#3 {main}
  thrown {"exception":"[object] (Symfony\\Component\\ErrorHandler\\Error\\FatalError(code: 0): Uncaught Symfony\\Component\\Finder\\Exception\\DirectoryNotFoundException: The \"D:\\Project\\Techsense\\custom_views\" directory does not exist. in D:\\Project\\Techsense\\vendor\\symfony\\finder\\Finder.php:649
Stack trace:
#0 D:\\Project\\Techsense\\vendor\\laravel\\framework\\src\\Illuminate\\Filesystem\\Filesystem.php(569): Symfony\\Component\\Finder\\Finder->in('D:\\\\Project\\\\Tech...')
#1 Command line code(1): Illuminate\\Filesystem\\Filesystem->files('D:\\\\Project\\\\Tech...')
#2 Command line code(1): getViews('D:\\\\Project\\\\Tech...', Object(Illuminate\\Filesystem\\Filesystem))
#3 {main}
  thrown at D:\\Project\\Techsense\\vendor\\symfony\\finder\\Finder.php:649)
[stacktrace]
#0 D:\\Project\\Techsense\\vendor\\laravel\\framework\\src\\Illuminate\\Foundation\\Bootstrap\\HandleExceptions.php(259): Symfony\\Component\\ErrorHandler\\Error\\FatalError->__construct(message: ''Uncaught Symfo...', code: '0', error: '['type' => 1, '...', traceOffset: '0', traceArgs: '???', trace: '???')
#1 D:\\Project\\Techsense\\vendor\\laravel\\framework\\src\\Illuminate\\Foundation\\Bootstrap\\HandleExceptions.php(246): Illuminate\\Foundation\\Bootstrap\\HandleExceptions->fatalErrorFromPhpError(error: '['type' => 1, '...', traceOffset: '0')
#2 D:\\Project\\Techsense\\vendor\\laravel\\framework\\src\\Illuminate\\Foundation\\Bootstrap\\HandleExceptions.php(270): Illuminate\\Foundation\\Bootstrap\\HandleExceptions->handleShutdown()
#3 D:\\Project\\Techsense\\vendor\\laravel\\framework\\src\\Illuminate\\Foundation\\Bootstrap\\HandleExceptions.php(0): Illuminate\\Foundation\\Bootstrap\\HandleExceptions->Illuminate\\Foundation\\Bootstrap\\{closure:D:\\Project\\Techsense\\vendor\\laravel\\framework\\src\\Illuminate\\Foundation\\Bootstrap\\HandleExceptions.php:269-271}()
#4 {main}
"} 
[2025-09-21 12:37:54] live.ERROR: Uncaught Symfony\Component\Finder\Exception\DirectoryNotFoundException: The "D:\Project\Techsense\custom_views" directory does not exist. in D:\Project\Techsense\vendor\symfony\finder\Finder.php:649
Stack trace:
#0 D:\Project\Techsense\vendor\laravel\framework\src\Illuminate\Filesystem\Filesystem.php(569): Symfony\Component\Finder\Finder->in('D:\\Project\\Tech...')
#1 Command line code(1): Illuminate\Filesystem\Filesystem->files('D:\\Project\\Tech...')
#2 Command line code(1): getViews('D:\\Project\\Tech...', Object(Illuminate\Filesystem\Filesystem))
#3 {main}
  thrown {"exception":"[object] (Symfony\\Component\\ErrorHandler\\Error\\FatalError(code: 0): Uncaught Symfony\\Component\\Finder\\Exception\\DirectoryNotFoundException: The \"D:\\Project\\Techsense\\custom_views\" directory does not exist. in D:\\Project\\Techsense\\vendor\\symfony\\finder\\Finder.php:649
Stack trace:
#0 D:\\Project\\Techsense\\vendor\\laravel\\framework\\src\\Illuminate\\Filesystem\\Filesystem.php(569): Symfony\\Component\\Finder\\Finder->in('D:\\\\Project\\\\Tech...')
#1 Command line code(1): Illuminate\\Filesystem\\Filesystem->files('D:\\\\Project\\\\Tech...')
#2 Command line code(1): getViews('D:\\\\Project\\\\Tech...', Object(Illuminate\\Filesystem\\Filesystem))
#3 {main}
  thrown at D:\\Project\\Techsense\\vendor\\symfony\\finder\\Finder.php:649)
[stacktrace]
#0 D:\\Project\\Techsense\\vendor\\laravel\\framework\\src\\Illuminate\\Foundation\\Bootstrap\\HandleExceptions.php(259): Symfony\\Component\\ErrorHandler\\Error\\FatalError->__construct(message: ''Uncaught Symfo...', code: '0', error: '['type' => 1, '...', traceOffset: '0', traceArgs: '???', trace: '???')
#1 D:\\Project\\Techsense\\vendor\\laravel\\framework\\src\\Illuminate\\Foundation\\Bootstrap\\HandleExceptions.php(246): Illuminate\\Foundation\\Bootstrap\\HandleExceptions->fatalErrorFromPhpError(error: '['type' => 1, '...', traceOffset: '0')
#2 D:\\Project\\Techsense\\vendor\\laravel\\framework\\src\\Illuminate\\Foundation\\Bootstrap\\HandleExceptions.php(270): Illuminate\\Foundation\\Bootstrap\\HandleExceptions->handleShutdown()
#3 D:\\Project\\Techsense\\vendor\\laravel\\framework\\src\\Illuminate\\Foundation\\Bootstrap\\HandleExceptions.php(0): Illuminate\\Foundation\\Bootstrap\\HandleExceptions->Illuminate\\Foundation\\Bootstrap\\{closure:D:\\Project\\Techsense\\vendor\\laravel\\framework\\src\\Illuminate\\Foundation\\Bootstrap\\HandleExceptions.php:269-271}()
#4 {main}
"} 
[2025-09-21 12:37:55] live.ERROR: Uncaught Symfony\Component\Finder\Exception\DirectoryNotFoundException: The "D:\Project\Techsense\custom_views" directory does not exist. in D:\Project\Techsense\vendor\symfony\finder\Finder.php:649
Stack trace:
#0 D:\Project\Techsense\vendor\laravel\framework\src\Illuminate\Filesystem\Filesystem.php(569): Symfony\Component\Finder\Finder->in('D:\\Project\\Tech...')
#1 Command line code(1): Illuminate\Filesystem\Filesystem->files('D:\\Project\\Tech...')
#2 Command line code(1): getViews('D:\\Project\\Tech...', Object(Illuminate\Filesystem\Filesystem))
#3 {main}
  thrown {"exception":"[object] (Symfony\\Component\\ErrorHandler\\Error\\FatalError(code: 0): Uncaught Symfony\\Component\\Finder\\Exception\\DirectoryNotFoundException: The \"D:\\Project\\Techsense\\custom_views\" directory does not exist. in D:\\Project\\Techsense\\vendor\\symfony\\finder\\Finder.php:649
Stack trace:
#0 D:\\Project\\Techsense\\vendor\\laravel\\framework\\src\\Illuminate\\Filesystem\\Filesystem.php(569): Symfony\\Component\\Finder\\Finder->in('D:\\\\Project\\\\Tech...')
#1 Command line code(1): Illuminate\\Filesystem\\Filesystem->files('D:\\\\Project\\\\Tech...')
#2 Command line code(1): getViews('D:\\\\Project\\\\Tech...', Object(Illuminate\\Filesystem\\Filesystem))
#3 {main}
  thrown at D:\\Project\\Techsense\\vendor\\symfony\\finder\\Finder.php:649)
[stacktrace]
#0 D:\\Project\\Techsense\\vendor\\laravel\\framework\\src\\Illuminate\\Foundation\\Bootstrap\\HandleExceptions.php(259): Symfony\\Component\\ErrorHandler\\Error\\FatalError->__construct(message: ''Uncaught Symfo...', code: '0', error: '['type' => 1, '...', traceOffset: '0', traceArgs: '???', trace: '???')
#1 D:\\Project\\Techsense\\vendor\\laravel\\framework\\src\\Illuminate\\Foundation\\Bootstrap\\HandleExceptions.php(246): Illuminate\\Foundation\\Bootstrap\\HandleExceptions->fatalErrorFromPhpError(error: '['type' => 1, '...', traceOffset: '0')
#2 D:\\Project\\Techsense\\vendor\\laravel\\framework\\src\\Illuminate\\Foundation\\Bootstrap\\HandleExceptions.php(270): Illuminate\\Foundation\\Bootstrap\\HandleExceptions->handleShutdown()
#3 D:\\Project\\Techsense\\vendor\\laravel\\framework\\src\\Illuminate\\Foundation\\Bootstrap\\HandleExceptions.php(0): Illuminate\\Foundation\\Bootstrap\\HandleExceptions->Illuminate\\Foundation\\Bootstrap\\{closure:D:\\Project\\Techsense\\vendor\\laravel\\framework\\src\\Illuminate\\Foundation\\Bootstrap\\HandleExceptions.php:269-271}()
#4 {main}
"} 
[2025-09-21 12:37:58] live.ERROR: Uncaught Symfony\Component\Finder\Exception\DirectoryNotFoundException: The "D:\Project\Techsense\custom_views" directory does not exist. in D:\Project\Techsense\vendor\symfony\finder\Finder.php:649
Stack trace:
#0 D:\Project\Techsense\vendor\laravel\framework\src\Illuminate\Filesystem\Filesystem.php(569): Symfony\Component\Finder\Finder->in('D:\\Project\\Tech...')
#1 Command line code(1): Illuminate\Filesystem\Filesystem->files('D:\\Project\\Tech...')
#2 Command line code(1): getViews('D:\\Project\\Tech...', Object(Illuminate\Filesystem\Filesystem))
#3 {main}
  thrown {"exception":"[object] (Symfony\\Component\\ErrorHandler\\Error\\FatalError(code: 0): Uncaught Symfony\\Component\\Finder\\Exception\\DirectoryNotFoundException: The \"D:\\Project\\Techsense\\custom_views\" directory does not exist. in D:\\Project\\Techsense\\vendor\\symfony\\finder\\Finder.php:649
Stack trace:
#0 D:\\Project\\Techsense\\vendor\\laravel\\framework\\src\\Illuminate\\Filesystem\\Filesystem.php(569): Symfony\\Component\\Finder\\Finder->in('D:\\\\Project\\\\Tech...')
#1 Command line code(1): Illuminate\\Filesystem\\Filesystem->files('D:\\\\Project\\\\Tech...')
#2 Command line code(1): getViews('D:\\\\Project\\\\Tech...', Object(Illuminate\\Filesystem\\Filesystem))
#3 {main}
  thrown at D:\\Project\\Techsense\\vendor\\symfony\\finder\\Finder.php:649)
[stacktrace]
#0 D:\\Project\\Techsense\\vendor\\laravel\\framework\\src\\Illuminate\\Foundation\\Bootstrap\\HandleExceptions.php(259): Symfony\\Component\\ErrorHandler\\Error\\FatalError->__construct(message: ''Uncaught Symfo...', code: '0', error: '['type' => 1, '...', traceOffset: '0', traceArgs: '???', trace: '???')
#1 D:\\Project\\Techsense\\vendor\\laravel\\framework\\src\\Illuminate\\Foundation\\Bootstrap\\HandleExceptions.php(246): Illuminate\\Foundation\\Bootstrap\\HandleExceptions->fatalErrorFromPhpError(error: '['type' => 1, '...', traceOffset: '0')
#2 D:\\Project\\Techsense\\vendor\\laravel\\framework\\src\\Illuminate\\Foundation\\Bootstrap\\HandleExceptions.php(270): Illuminate\\Foundation\\Bootstrap\\HandleExceptions->handleShutdown()
#3 D:\\Project\\Techsense\\vendor\\laravel\\framework\\src\\Illuminate\\Foundation\\Bootstrap\\HandleExceptions.php(0): Illuminate\\Foundation\\Bootstrap\\HandleExceptions->Illuminate\\Foundation\\Bootstrap\\{closure:D:\\Project\\Techsense\\vendor\\laravel\\framework\\src\\Illuminate\\Foundation\\Bootstrap\\HandleExceptions.php:269-271}()
#4 {main}
"} 
[2025-09-21 12:38:00] live.ERROR: Uncaught Symfony\Component\Finder\Exception\DirectoryNotFoundException: The "D:\Project\Techsense\custom_views" directory does not exist. in D:\Project\Techsense\vendor\symfony\finder\Finder.php:649
Stack trace:
#0 D:\Project\Techsense\vendor\laravel\framework\src\Illuminate\Filesystem\Filesystem.php(569): Symfony\Component\Finder\Finder->in('D:\\Project\\Tech...')
#1 Command line code(1): Illuminate\Filesystem\Filesystem->files('D:\\Project\\Tech...')
#2 Command line code(1): getViews('D:\\Project\\Tech...', Object(Illuminate\Filesystem\Filesystem))
#3 {main}
  thrown {"exception":"[object] (Symfony\\Component\\ErrorHandler\\Error\\FatalError(code: 0): Uncaught Symfony\\Component\\Finder\\Exception\\DirectoryNotFoundException: The \"D:\\Project\\Techsense\\custom_views\" directory does not exist. in D:\\Project\\Techsense\\vendor\\symfony\\finder\\Finder.php:649
Stack trace:
#0 D:\\Project\\Techsense\\vendor\\laravel\\framework\\src\\Illuminate\\Filesystem\\Filesystem.php(569): Symfony\\Component\\Finder\\Finder->in('D:\\\\Project\\\\Tech...')
#1 Command line code(1): Illuminate\\Filesystem\\Filesystem->files('D:\\\\Project\\\\Tech...')
#2 Command line code(1): getViews('D:\\\\Project\\\\Tech...', Object(Illuminate\\Filesystem\\Filesystem))
#3 {main}
  thrown at D:\\Project\\Techsense\\vendor\\symfony\\finder\\Finder.php:649)
[stacktrace]
#0 D:\\Project\\Techsense\\vendor\\laravel\\framework\\src\\Illuminate\\Foundation\\Bootstrap\\HandleExceptions.php(259): Symfony\\Component\\ErrorHandler\\Error\\FatalError->__construct(message: ''Uncaught Symfo...', code: '0', error: '['type' => 1, '...', traceOffset: '0', traceArgs: '???', trace: '???')
#1 D:\\Project\\Techsense\\vendor\\laravel\\framework\\src\\Illuminate\\Foundation\\Bootstrap\\HandleExceptions.php(246): Illuminate\\Foundation\\Bootstrap\\HandleExceptions->fatalErrorFromPhpError(error: '['type' => 1, '...', traceOffset: '0')
#2 D:\\Project\\Techsense\\vendor\\laravel\\framework\\src\\Illuminate\\Foundation\\Bootstrap\\HandleExceptions.php(270): Illuminate\\Foundation\\Bootstrap\\HandleExceptions->handleShutdown()
#3 D:\\Project\\Techsense\\vendor\\laravel\\framework\\src\\Illuminate\\Foundation\\Bootstrap\\HandleExceptions.php(0): Illuminate\\Foundation\\Bootstrap\\HandleExceptions->Illuminate\\Foundation\\Bootstrap\\{closure:D:\\Project\\Techsense\\vendor\\laravel\\framework\\src\\Illuminate\\Foundation\\Bootstrap\\HandleExceptions.php:269-271}()
#4 {main}
"} 
[2025-09-21 12:38:02] live.ERROR: Uncaught Symfony\Component\Finder\Exception\DirectoryNotFoundException: The "D:\Project\Techsense\custom_views" directory does not exist. in D:\Project\Techsense\vendor\symfony\finder\Finder.php:649
Stack trace:
#0 D:\Project\Techsense\vendor\laravel\framework\src\Illuminate\Filesystem\Filesystem.php(569): Symfony\Component\Finder\Finder->in('D:\\Project\\Tech...')
#1 Command line code(1): Illuminate\Filesystem\Filesystem->files('D:\\Project\\Tech...')
#2 Command line code(1): getViews('D:\\Project\\Tech...', Object(Illuminate\Filesystem\Filesystem))
#3 {main}
  thrown {"exception":"[object] (Symfony\\Component\\ErrorHandler\\Error\\FatalError(code: 0): Uncaught Symfony\\Component\\Finder\\Exception\\DirectoryNotFoundException: The \"D:\\Project\\Techsense\\custom_views\" directory does not exist. in D:\\Project\\Techsense\\vendor\\symfony\\finder\\Finder.php:649
Stack trace:
#0 D:\\Project\\Techsense\\vendor\\laravel\\framework\\src\\Illuminate\\Filesystem\\Filesystem.php(569): Symfony\\Component\\Finder\\Finder->in('D:\\\\Project\\\\Tech...')
#1 Command line code(1): Illuminate\\Filesystem\\Filesystem->files('D:\\\\Project\\\\Tech...')
#2 Command line code(1): getViews('D:\\\\Project\\\\Tech...', Object(Illuminate\\Filesystem\\Filesystem))
#3 {main}
  thrown at D:\\Project\\Techsense\\vendor\\symfony\\finder\\Finder.php:649)
[stacktrace]
#0 D:\\Project\\Techsense\\vendor\\laravel\\framework\\src\\Illuminate\\Foundation\\Bootstrap\\HandleExceptions.php(259): Symfony\\Component\\ErrorHandler\\Error\\FatalError->__construct(message: ''Uncaught Symfo...', code: '0', error: '['type' => 1, '...', traceOffset: '0', traceArgs: '???', trace: '???')
#1 D:\\Project\\Techsense\\vendor\\laravel\\framework\\src\\Illuminate\\Foundation\\Bootstrap\\HandleExceptions.php(246): Illuminate\\Foundation\\Bootstrap\\HandleExceptions->fatalErrorFromPhpError(error: '['type' => 1, '...', traceOffset: '0')
#2 D:\\Project\\Techsense\\vendor\\laravel\\framework\\src\\Illuminate\\Foundation\\Bootstrap\\HandleExceptions.php(270): Illuminate\\Foundation\\Bootstrap\\HandleExceptions->handleShutdown()
#3 D:\\Project\\Techsense\\vendor\\laravel\\framework\\src\\Illuminate\\Foundation\\Bootstrap\\HandleExceptions.php(0): Illuminate\\Foundation\\Bootstrap\\HandleExceptions->Illuminate\\Foundation\\Bootstrap\\{closure:D:\\Project\\Techsense\\vendor\\laravel\\framework\\src\\Illuminate\\Foundation\\Bootstrap\\HandleExceptions.php:269-271}()
#4 {main}
"} 
[2025-09-21 12:38:04] live.ERROR: Uncaught Symfony\Component\Finder\Exception\DirectoryNotFoundException: The "D:\Project\Techsense\custom_views" directory does not exist. in D:\Project\Techsense\vendor\symfony\finder\Finder.php:649
Stack trace:
#0 D:\Project\Techsense\vendor\laravel\framework\src\Illuminate\Filesystem\Filesystem.php(569): Symfony\Component\Finder\Finder->in('D:\\Project\\Tech...')
#1 Command line code(1): Illuminate\Filesystem\Filesystem->files('D:\\Project\\Tech...')
#2 Command line code(1): getViews('D:\\Project\\Tech...', Object(Illuminate\Filesystem\Filesystem))
#3 {main}
  thrown {"exception":"[object] (Symfony\\Component\\ErrorHandler\\Error\\FatalError(code: 0): Uncaught Symfony\\Component\\Finder\\Exception\\DirectoryNotFoundException: The \"D:\\Project\\Techsense\\custom_views\" directory does not exist. in D:\\Project\\Techsense\\vendor\\symfony\\finder\\Finder.php:649
Stack trace:
#0 D:\\Project\\Techsense\\vendor\\laravel\\framework\\src\\Illuminate\\Filesystem\\Filesystem.php(569): Symfony\\Component\\Finder\\Finder->in('D:\\\\Project\\\\Tech...')
#1 Command line code(1): Illuminate\\Filesystem\\Filesystem->files('D:\\\\Project\\\\Tech...')
#2 Command line code(1): getViews('D:\\\\Project\\\\Tech...', Object(Illuminate\\Filesystem\\Filesystem))
#3 {main}
  thrown at D:\\Project\\Techsense\\vendor\\symfony\\finder\\Finder.php:649)
[stacktrace]
#0 D:\\Project\\Techsense\\vendor\\laravel\\framework\\src\\Illuminate\\Foundation\\Bootstrap\\HandleExceptions.php(259): Symfony\\Component\\ErrorHandler\\Error\\FatalError->__construct(message: ''Uncaught Symfo...', code: '0', error: '['type' => 1, '...', traceOffset: '0', traceArgs: '???', trace: '???')
#1 D:\\Project\\Techsense\\vendor\\laravel\\framework\\src\\Illuminate\\Foundation\\Bootstrap\\HandleExceptions.php(246): Illuminate\\Foundation\\Bootstrap\\HandleExceptions->fatalErrorFromPhpError(error: '['type' => 1, '...', traceOffset: '0')
#2 D:\\Project\\Techsense\\vendor\\laravel\\framework\\src\\Illuminate\\Foundation\\Bootstrap\\HandleExceptions.php(270): Illuminate\\Foundation\\Bootstrap\\HandleExceptions->handleShutdown()
#3 D:\\Project\\Techsense\\vendor\\laravel\\framework\\src\\Illuminate\\Foundation\\Bootstrap\\HandleExceptions.php(0): Illuminate\\Foundation\\Bootstrap\\HandleExceptions->Illuminate\\Foundation\\Bootstrap\\{closure:D:\\Project\\Techsense\\vendor\\laravel\\framework\\src\\Illuminate\\Foundation\\Bootstrap\\HandleExceptions.php:269-271}()
#4 {main}
"} 
[2025-09-21 12:38:05] live.ERROR: Uncaught Symfony\Component\Finder\Exception\DirectoryNotFoundException: The "D:\Project\Techsense\custom_views" directory does not exist. in D:\Project\Techsense\vendor\symfony\finder\Finder.php:649
Stack trace:
#0 D:\Project\Techsense\vendor\laravel\framework\src\Illuminate\Filesystem\Filesystem.php(569): Symfony\Component\Finder\Finder->in('D:\\Project\\Tech...')
#1 Command line code(1): Illuminate\Filesystem\Filesystem->files('D:\\Project\\Tech...')
#2 Command line code(1): getViews('D:\\Project\\Tech...', Object(Illuminate\Filesystem\Filesystem))
#3 {main}
  thrown {"exception":"[object] (Symfony\\Component\\ErrorHandler\\Error\\FatalError(code: 0): Uncaught Symfony\\Component\\Finder\\Exception\\DirectoryNotFoundException: The \"D:\\Project\\Techsense\\custom_views\" directory does not exist. in D:\\Project\\Techsense\\vendor\\symfony\\finder\\Finder.php:649
Stack trace:
#0 D:\\Project\\Techsense\\vendor\\laravel\\framework\\src\\Illuminate\\Filesystem\\Filesystem.php(569): Symfony\\Component\\Finder\\Finder->in('D:\\\\Project\\\\Tech...')
#1 Command line code(1): Illuminate\\Filesystem\\Filesystem->files('D:\\\\Project\\\\Tech...')
#2 Command line code(1): getViews('D:\\\\Project\\\\Tech...', Object(Illuminate\\Filesystem\\Filesystem))
#3 {main}
  thrown at D:\\Project\\Techsense\\vendor\\symfony\\finder\\Finder.php:649)
[stacktrace]
#0 D:\\Project\\Techsense\\vendor\\laravel\\framework\\src\\Illuminate\\Foundation\\Bootstrap\\HandleExceptions.php(259): Symfony\\Component\\ErrorHandler\\Error\\FatalError->__construct(message: ''Uncaught Symfo...', code: '0', error: '['type' => 1, '...', traceOffset: '0', traceArgs: '???', trace: '???')
#1 D:\\Project\\Techsense\\vendor\\laravel\\framework\\src\\Illuminate\\Foundation\\Bootstrap\\HandleExceptions.php(246): Illuminate\\Foundation\\Bootstrap\\HandleExceptions->fatalErrorFromPhpError(error: '['type' => 1, '...', traceOffset: '0')
#2 D:\\Project\\Techsense\\vendor\\laravel\\framework\\src\\Illuminate\\Foundation\\Bootstrap\\HandleExceptions.php(270): Illuminate\\Foundation\\Bootstrap\\HandleExceptions->handleShutdown()
#3 D:\\Project\\Techsense\\vendor\\laravel\\framework\\src\\Illuminate\\Foundation\\Bootstrap\\HandleExceptions.php(0): Illuminate\\Foundation\\Bootstrap\\HandleExceptions->Illuminate\\Foundation\\Bootstrap\\{closure:D:\\Project\\Techsense\\vendor\\laravel\\framework\\src\\Illuminate\\Foundation\\Bootstrap\\HandleExceptions.php:269-271}()
#4 {main}
"} 
[2025-09-21 12:38:08] live.ERROR: Uncaught Symfony\Component\Finder\Exception\DirectoryNotFoundException: The "D:\Project\Techsense\custom_views" directory does not exist. in D:\Project\Techsense\vendor\symfony\finder\Finder.php:649
Stack trace:
#0 D:\Project\Techsense\vendor\laravel\framework\src\Illuminate\Filesystem\Filesystem.php(569): Symfony\Component\Finder\Finder->in('D:\\Project\\Tech...')
#1 Command line code(1): Illuminate\Filesystem\Filesystem->files('D:\\Project\\Tech...')
#2 Command line code(1): getViews('D:\\Project\\Tech...', Object(Illuminate\Filesystem\Filesystem))
#3 {main}
  thrown {"exception":"[object] (Symfony\\Component\\ErrorHandler\\Error\\FatalError(code: 0): Uncaught Symfony\\Component\\Finder\\Exception\\DirectoryNotFoundException: The \"D:\\Project\\Techsense\\custom_views\" directory does not exist. in D:\\Project\\Techsense\\vendor\\symfony\\finder\\Finder.php:649
Stack trace:
#0 D:\\Project\\Techsense\\vendor\\laravel\\framework\\src\\Illuminate\\Filesystem\\Filesystem.php(569): Symfony\\Component\\Finder\\Finder->in('D:\\\\Project\\\\Tech...')
#1 Command line code(1): Illuminate\\Filesystem\\Filesystem->files('D:\\\\Project\\\\Tech...')
#2 Command line code(1): getViews('D:\\\\Project\\\\Tech...', Object(Illuminate\\Filesystem\\Filesystem))
#3 {main}
  thrown at D:\\Project\\Techsense\\vendor\\symfony\\finder\\Finder.php:649)
[stacktrace]
#0 D:\\Project\\Techsense\\vendor\\laravel\\framework\\src\\Illuminate\\Foundation\\Bootstrap\\HandleExceptions.php(259): Symfony\\Component\\ErrorHandler\\Error\\FatalError->__construct(message: ''Uncaught Symfo...', code: '0', error: '['type' => 1, '...', traceOffset: '0', traceArgs: '???', trace: '???')
#1 D:\\Project\\Techsense\\vendor\\laravel\\framework\\src\\Illuminate\\Foundation\\Bootstrap\\HandleExceptions.php(246): Illuminate\\Foundation\\Bootstrap\\HandleExceptions->fatalErrorFromPhpError(error: '['type' => 1, '...', traceOffset: '0')
#2 D:\\Project\\Techsense\\vendor\\laravel\\framework\\src\\Illuminate\\Foundation\\Bootstrap\\HandleExceptions.php(270): Illuminate\\Foundation\\Bootstrap\\HandleExceptions->handleShutdown()
#3 D:\\Project\\Techsense\\vendor\\laravel\\framework\\src\\Illuminate\\Foundation\\Bootstrap\\HandleExceptions.php(0): Illuminate\\Foundation\\Bootstrap\\HandleExceptions->Illuminate\\Foundation\\Bootstrap\\{closure:D:\\Project\\Techsense\\vendor\\laravel\\framework\\src\\Illuminate\\Foundation\\Bootstrap\\HandleExceptions.php:269-271}()
#4 {main}
"} 
[2025-09-21 12:38:10] live.ERROR: Uncaught Symfony\Component\Finder\Exception\DirectoryNotFoundException: The "D:\Project\Techsense\custom_views" directory does not exist. in D:\Project\Techsense\vendor\symfony\finder\Finder.php:649
Stack trace:
#0 D:\Project\Techsense\vendor\laravel\framework\src\Illuminate\Filesystem\Filesystem.php(569): Symfony\Component\Finder\Finder->in('D:\\Project\\Tech...')
#1 Command line code(1): Illuminate\Filesystem\Filesystem->files('D:\\Project\\Tech...')
#2 Command line code(1): getViews('D:\\Project\\Tech...', Object(Illuminate\Filesystem\Filesystem))
#3 {main}
  thrown {"exception":"[object] (Symfony\\Component\\ErrorHandler\\Error\\FatalError(code: 0): Uncaught Symfony\\Component\\Finder\\Exception\\DirectoryNotFoundException: The \"D:\\Project\\Techsense\\custom_views\" directory does not exist. in D:\\Project\\Techsense\\vendor\\symfony\\finder\\Finder.php:649
Stack trace:
#0 D:\\Project\\Techsense\\vendor\\laravel\\framework\\src\\Illuminate\\Filesystem\\Filesystem.php(569): Symfony\\Component\\Finder\\Finder->in('D:\\\\Project\\\\Tech...')
#1 Command line code(1): Illuminate\\Filesystem\\Filesystem->files('D:\\\\Project\\\\Tech...')
#2 Command line code(1): getViews('D:\\\\Project\\\\Tech...', Object(Illuminate\\Filesystem\\Filesystem))
#3 {main}
  thrown at D:\\Project\\Techsense\\vendor\\symfony\\finder\\Finder.php:649)
[stacktrace]
#0 D:\\Project\\Techsense\\vendor\\laravel\\framework\\src\\Illuminate\\Foundation\\Bootstrap\\HandleExceptions.php(259): Symfony\\Component\\ErrorHandler\\Error\\FatalError->__construct(message: ''Uncaught Symfo...', code: '0', error: '['type' => 1, '...', traceOffset: '0', traceArgs: '???', trace: '???')
#1 D:\\Project\\Techsense\\vendor\\laravel\\framework\\src\\Illuminate\\Foundation\\Bootstrap\\HandleExceptions.php(246): Illuminate\\Foundation\\Bootstrap\\HandleExceptions->fatalErrorFromPhpError(error: '['type' => 1, '...', traceOffset: '0')
#2 D:\\Project\\Techsense\\vendor\\laravel\\framework\\src\\Illuminate\\Foundation\\Bootstrap\\HandleExceptions.php(270): Illuminate\\Foundation\\Bootstrap\\HandleExceptions->handleShutdown()
#3 D:\\Project\\Techsense\\vendor\\laravel\\framework\\src\\Illuminate\\Foundation\\Bootstrap\\HandleExceptions.php(0): Illuminate\\Foundation\\Bootstrap\\HandleExceptions->Illuminate\\Foundation\\Bootstrap\\{closure:D:\\Project\\Techsense\\vendor\\laravel\\framework\\src\\Illuminate\\Foundation\\Bootstrap\\HandleExceptions.php:269-271}()
#4 {main}
"} 
[2025-09-21 12:38:11] live.ERROR: Uncaught Symfony\Component\Finder\Exception\DirectoryNotFoundException: The "D:\Project\Techsense\custom_views" directory does not exist. in D:\Project\Techsense\vendor\symfony\finder\Finder.php:649
Stack trace:
#0 D:\Project\Techsense\vendor\laravel\framework\src\Illuminate\Filesystem\Filesystem.php(569): Symfony\Component\Finder\Finder->in('D:\\Project\\Tech...')
#1 Command line code(1): Illuminate\Filesystem\Filesystem->files('D:\\Project\\Tech...')
#2 Command line code(1): getViews('D:\\Project\\Tech...', Object(Illuminate\Filesystem\Filesystem))
#3 {main}
  thrown {"exception":"[object] (Symfony\\Component\\ErrorHandler\\Error\\FatalError(code: 0): Uncaught Symfony\\Component\\Finder\\Exception\\DirectoryNotFoundException: The \"D:\\Project\\Techsense\\custom_views\" directory does not exist. in D:\\Project\\Techsense\\vendor\\symfony\\finder\\Finder.php:649
Stack trace:
#0 D:\\Project\\Techsense\\vendor\\laravel\\framework\\src\\Illuminate\\Filesystem\\Filesystem.php(569): Symfony\\Component\\Finder\\Finder->in('D:\\\\Project\\\\Tech...')
#1 Command line code(1): Illuminate\\Filesystem\\Filesystem->files('D:\\\\Project\\\\Tech...')
#2 Command line code(1): getViews('D:\\\\Project\\\\Tech...', Object(Illuminate\\Filesystem\\Filesystem))
#3 {main}
  thrown at D:\\Project\\Techsense\\vendor\\symfony\\finder\\Finder.php:649)
[stacktrace]
#0 D:\\Project\\Techsense\\vendor\\laravel\\framework\\src\\Illuminate\\Foundation\\Bootstrap\\HandleExceptions.php(259): Symfony\\Component\\ErrorHandler\\Error\\FatalError->__construct(message: ''Uncaught Symfo...', code: '0', error: '['type' => 1, '...', traceOffset: '0', traceArgs: '???', trace: '???')
#1 D:\\Project\\Techsense\\vendor\\laravel\\framework\\src\\Illuminate\\Foundation\\Bootstrap\\HandleExceptions.php(246): Illuminate\\Foundation\\Bootstrap\\HandleExceptions->fatalErrorFromPhpError(error: '['type' => 1, '...', traceOffset: '0')
#2 D:\\Project\\Techsense\\vendor\\laravel\\framework\\src\\Illuminate\\Foundation\\Bootstrap\\HandleExceptions.php(270): Illuminate\\Foundation\\Bootstrap\\HandleExceptions->handleShutdown()
#3 D:\\Project\\Techsense\\vendor\\laravel\\framework\\src\\Illuminate\\Foundation\\Bootstrap\\HandleExceptions.php(0): Illuminate\\Foundation\\Bootstrap\\HandleExceptions->Illuminate\\Foundation\\Bootstrap\\{closure:D:\\Project\\Techsense\\vendor\\laravel\\framework\\src\\Illuminate\\Foundation\\Bootstrap\\HandleExceptions.php:269-271}()
#4 {main}
"} 
[2025-09-21 12:38:13] live.ERROR: Uncaught Symfony\Component\Finder\Exception\DirectoryNotFoundException: The "D:\Project\Techsense\custom_views" directory does not exist. in D:\Project\Techsense\vendor\symfony\finder\Finder.php:649
Stack trace:
#0 D:\Project\Techsense\vendor\laravel\framework\src\Illuminate\Filesystem\Filesystem.php(569): Symfony\Component\Finder\Finder->in('D:\\Project\\Tech...')
#1 Command line code(1): Illuminate\Filesystem\Filesystem->files('D:\\Project\\Tech...')
#2 Command line code(1): getViews('D:\\Project\\Tech...', Object(Illuminate\Filesystem\Filesystem))
#3 {main}
  thrown {"exception":"[object] (Symfony\\Component\\ErrorHandler\\Error\\FatalError(code: 0): Uncaught Symfony\\Component\\Finder\\Exception\\DirectoryNotFoundException: The \"D:\\Project\\Techsense\\custom_views\" directory does not exist. in D:\\Project\\Techsense\\vendor\\symfony\\finder\\Finder.php:649
Stack trace:
#0 D:\\Project\\Techsense\\vendor\\laravel\\framework\\src\\Illuminate\\Filesystem\\Filesystem.php(569): Symfony\\Component\\Finder\\Finder->in('D:\\\\Project\\\\Tech...')
#1 Command line code(1): Illuminate\\Filesystem\\Filesystem->files('D:\\\\Project\\\\Tech...')
#2 Command line code(1): getViews('D:\\\\Project\\\\Tech...', Object(Illuminate\\Filesystem\\Filesystem))
#3 {main}
  thrown at D:\\Project\\Techsense\\vendor\\symfony\\finder\\Finder.php:649)
[stacktrace]
#0 D:\\Project\\Techsense\\vendor\\laravel\\framework\\src\\Illuminate\\Foundation\\Bootstrap\\HandleExceptions.php(259): Symfony\\Component\\ErrorHandler\\Error\\FatalError->__construct(message: ''Uncaught Symfo...', code: '0', error: '['type' => 1, '...', traceOffset: '0', traceArgs: '???', trace: '???')
#1 D:\\Project\\Techsense\\vendor\\laravel\\framework\\src\\Illuminate\\Foundation\\Bootstrap\\HandleExceptions.php(246): Illuminate\\Foundation\\Bootstrap\\HandleExceptions->fatalErrorFromPhpError(error: '['type' => 1, '...', traceOffset: '0')
#2 D:\\Project\\Techsense\\vendor\\laravel\\framework\\src\\Illuminate\\Foundation\\Bootstrap\\HandleExceptions.php(270): Illuminate\\Foundation\\Bootstrap\\HandleExceptions->handleShutdown()
#3 D:\\Project\\Techsense\\vendor\\laravel\\framework\\src\\Illuminate\\Foundation\\Bootstrap\\HandleExceptions.php(0): Illuminate\\Foundation\\Bootstrap\\HandleExceptions->Illuminate\\Foundation\\Bootstrap\\{closure:D:\\Project\\Techsense\\vendor\\laravel\\framework\\src\\Illuminate\\Foundation\\Bootstrap\\HandleExceptions.php:269-271}()
#4 {main}
"} 
[2025-09-21 12:38:15] live.ERROR: Uncaught Symfony\Component\Finder\Exception\DirectoryNotFoundException: The "D:\Project\Techsense\custom_views" directory does not exist. in D:\Project\Techsense\vendor\symfony\finder\Finder.php:649
Stack trace:
#0 D:\Project\Techsense\vendor\laravel\framework\src\Illuminate\Filesystem\Filesystem.php(569): Symfony\Component\Finder\Finder->in('D:\\Project\\Tech...')
#1 Command line code(1): Illuminate\Filesystem\Filesystem->files('D:\\Project\\Tech...')
#2 Command line code(1): getViews('D:\\Project\\Tech...', Object(Illuminate\Filesystem\Filesystem))
#3 {main}
  thrown {"exception":"[object] (Symfony\\Component\\ErrorHandler\\Error\\FatalError(code: 0): Uncaught Symfony\\Component\\Finder\\Exception\\DirectoryNotFoundException: The \"D:\\Project\\Techsense\\custom_views\" directory does not exist. in D:\\Project\\Techsense\\vendor\\symfony\\finder\\Finder.php:649
Stack trace:
#0 D:\\Project\\Techsense\\vendor\\laravel\\framework\\src\\Illuminate\\Filesystem\\Filesystem.php(569): Symfony\\Component\\Finder\\Finder->in('D:\\\\Project\\\\Tech...')
#1 Command line code(1): Illuminate\\Filesystem\\Filesystem->files('D:\\\\Project\\\\Tech...')
#2 Command line code(1): getViews('D:\\\\Project\\\\Tech...', Object(Illuminate\\Filesystem\\Filesystem))
#3 {main}
  thrown at D:\\Project\\Techsense\\vendor\\symfony\\finder\\Finder.php:649)
[stacktrace]
#0 D:\\Project\\Techsense\\vendor\\laravel\\framework\\src\\Illuminate\\Foundation\\Bootstrap\\HandleExceptions.php(259): Symfony\\Component\\ErrorHandler\\Error\\FatalError->__construct(message: ''Uncaught Symfo...', code: '0', error: '['type' => 1, '...', traceOffset: '0', traceArgs: '???', trace: '???')
#1 D:\\Project\\Techsense\\vendor\\laravel\\framework\\src\\Illuminate\\Foundation\\Bootstrap\\HandleExceptions.php(246): Illuminate\\Foundation\\Bootstrap\\HandleExceptions->fatalErrorFromPhpError(error: '['type' => 1, '...', traceOffset: '0')
#2 D:\\Project\\Techsense\\vendor\\laravel\\framework\\src\\Illuminate\\Foundation\\Bootstrap\\HandleExceptions.php(270): Illuminate\\Foundation\\Bootstrap\\HandleExceptions->handleShutdown()
#3 D:\\Project\\Techsense\\vendor\\laravel\\framework\\src\\Illuminate\\Foundation\\Bootstrap\\HandleExceptions.php(0): Illuminate\\Foundation\\Bootstrap\\HandleExceptions->Illuminate\\Foundation\\Bootstrap\\{closure:D:\\Project\\Techsense\\vendor\\laravel\\framework\\src\\Illuminate\\Foundation\\Bootstrap\\HandleExceptions.php:269-271}()
#4 {main}
"} 
[2025-09-21 12:38:16] live.ERROR: Uncaught Symfony\Component\Finder\Exception\DirectoryNotFoundException: The "D:\Project\Techsense\custom_views" directory does not exist. in D:\Project\Techsense\vendor\symfony\finder\Finder.php:649
Stack trace:
#0 D:\Project\Techsense\vendor\laravel\framework\src\Illuminate\Filesystem\Filesystem.php(569): Symfony\Component\Finder\Finder->in('D:\\Project\\Tech...')
#1 Command line code(1): Illuminate\Filesystem\Filesystem->files('D:\\Project\\Tech...')
#2 Command line code(1): getViews('D:\\Project\\Tech...', Object(Illuminate\Filesystem\Filesystem))
#3 {main}
  thrown {"exception":"[object] (Symfony\\Component\\ErrorHandler\\Error\\FatalError(code: 0): Uncaught Symfony\\Component\\Finder\\Exception\\DirectoryNotFoundException: The \"D:\\Project\\Techsense\\custom_views\" directory does not exist. in D:\\Project\\Techsense\\vendor\\symfony\\finder\\Finder.php:649
Stack trace:
#0 D:\\Project\\Techsense\\vendor\\laravel\\framework\\src\\Illuminate\\Filesystem\\Filesystem.php(569): Symfony\\Component\\Finder\\Finder->in('D:\\\\Project\\\\Tech...')
#1 Command line code(1): Illuminate\\Filesystem\\Filesystem->files('D:\\\\Project\\\\Tech...')
#2 Command line code(1): getViews('D:\\\\Project\\\\Tech...', Object(Illuminate\\Filesystem\\Filesystem))
#3 {main}
  thrown at D:\\Project\\Techsense\\vendor\\symfony\\finder\\Finder.php:649)
[stacktrace]
#0 D:\\Project\\Techsense\\vendor\\laravel\\framework\\src\\Illuminate\\Foundation\\Bootstrap\\HandleExceptions.php(259): Symfony\\Component\\ErrorHandler\\Error\\FatalError->__construct(message: ''Uncaught Symfo...', code: '0', error: '['type' => 1, '...', traceOffset: '0', traceArgs: '???', trace: '???')
#1 D:\\Project\\Techsense\\vendor\\laravel\\framework\\src\\Illuminate\\Foundation\\Bootstrap\\HandleExceptions.php(246): Illuminate\\Foundation\\Bootstrap\\HandleExceptions->fatalErrorFromPhpError(error: '['type' => 1, '...', traceOffset: '0')
#2 D:\\Project\\Techsense\\vendor\\laravel\\framework\\src\\Illuminate\\Foundation\\Bootstrap\\HandleExceptions.php(270): Illuminate\\Foundation\\Bootstrap\\HandleExceptions->handleShutdown()
#3 D:\\Project\\Techsense\\vendor\\laravel\\framework\\src\\Illuminate\\Foundation\\Bootstrap\\HandleExceptions.php(0): Illuminate\\Foundation\\Bootstrap\\HandleExceptions->Illuminate\\Foundation\\Bootstrap\\{closure:D:\\Project\\Techsense\\vendor\\laravel\\framework\\src\\Illuminate\\Foundation\\Bootstrap\\HandleExceptions.php:269-271}()
#4 {main}
"} 
[2025-09-21 12:38:17] live.ERROR: Uncaught Symfony\Component\Finder\Exception\DirectoryNotFoundException: The "D:\Project\Techsense\custom_views" directory does not exist. in D:\Project\Techsense\vendor\symfony\finder\Finder.php:649
Stack trace:
#0 D:\Project\Techsense\vendor\laravel\framework\src\Illuminate\Filesystem\Filesystem.php(569): Symfony\Component\Finder\Finder->in('D:\\Project\\Tech...')
#1 Command line code(1): Illuminate\Filesystem\Filesystem->files('D:\\Project\\Tech...')
#2 Command line code(1): getViews('D:\\Project\\Tech...', Object(Illuminate\Filesystem\Filesystem))
#3 {main}
  thrown {"exception":"[object] (Symfony\\Component\\ErrorHandler\\Error\\FatalError(code: 0): Uncaught Symfony\\Component\\Finder\\Exception\\DirectoryNotFoundException: The \"D:\\Project\\Techsense\\custom_views\" directory does not exist. in D:\\Project\\Techsense\\vendor\\symfony\\finder\\Finder.php:649
Stack trace:
#0 D:\\Project\\Techsense\\vendor\\laravel\\framework\\src\\Illuminate\\Filesystem\\Filesystem.php(569): Symfony\\Component\\Finder\\Finder->in('D:\\\\Project\\\\Tech...')
#1 Command line code(1): Illuminate\\Filesystem\\Filesystem->files('D:\\\\Project\\\\Tech...')
#2 Command line code(1): getViews('D:\\\\Project\\\\Tech...', Object(Illuminate\\Filesystem\\Filesystem))
#3 {main}
  thrown at D:\\Project\\Techsense\\vendor\\symfony\\finder\\Finder.php:649)
[stacktrace]
#0 D:\\Project\\Techsense\\vendor\\laravel\\framework\\src\\Illuminate\\Foundation\\Bootstrap\\HandleExceptions.php(259): Symfony\\Component\\ErrorHandler\\Error\\FatalError->__construct(message: ''Uncaught Symfo...', code: '0', error: '['type' => 1, '...', traceOffset: '0', traceArgs: '???', trace: '???')
#1 D:\\Project\\Techsense\\vendor\\laravel\\framework\\src\\Illuminate\\Foundation\\Bootstrap\\HandleExceptions.php(246): Illuminate\\Foundation\\Bootstrap\\HandleExceptions->fatalErrorFromPhpError(error: '['type' => 1, '...', traceOffset: '0')
#2 D:\\Project\\Techsense\\vendor\\laravel\\framework\\src\\Illuminate\\Foundation\\Bootstrap\\HandleExceptions.php(270): Illuminate\\Foundation\\Bootstrap\\HandleExceptions->handleShutdown()
#3 D:\\Project\\Techsense\\vendor\\laravel\\framework\\src\\Illuminate\\Foundation\\Bootstrap\\HandleExceptions.php(0): Illuminate\\Foundation\\Bootstrap\\HandleExceptions->Illuminate\\Foundation\\Bootstrap\\{closure:D:\\Project\\Techsense\\vendor\\laravel\\framework\\src\\Illuminate\\Foundation\\Bootstrap\\HandleExceptions.php:269-271}()
#4 {main}
"} 
[2025-09-21 12:38:19] live.ERROR: Uncaught Symfony\Component\Finder\Exception\DirectoryNotFoundException: The "D:\Project\Techsense\custom_views" directory does not exist. in D:\Project\Techsense\vendor\symfony\finder\Finder.php:649
Stack trace:
#0 D:\Project\Techsense\vendor\laravel\framework\src\Illuminate\Filesystem\Filesystem.php(569): Symfony\Component\Finder\Finder->in('D:\\Project\\Tech...')
#1 Command line code(1): Illuminate\Filesystem\Filesystem->files('D:\\Project\\Tech...')
#2 Command line code(1): getViews('D:\\Project\\Tech...', Object(Illuminate\Filesystem\Filesystem))
#3 {main}
  thrown {"exception":"[object] (Symfony\\Component\\ErrorHandler\\Error\\FatalError(code: 0): Uncaught Symfony\\Component\\Finder\\Exception\\DirectoryNotFoundException: The \"D:\\Project\\Techsense\\custom_views\" directory does not exist. in D:\\Project\\Techsense\\vendor\\symfony\\finder\\Finder.php:649
Stack trace:
#0 D:\\Project\\Techsense\\vendor\\laravel\\framework\\src\\Illuminate\\Filesystem\\Filesystem.php(569): Symfony\\Component\\Finder\\Finder->in('D:\\\\Project\\\\Tech...')
#1 Command line code(1): Illuminate\\Filesystem\\Filesystem->files('D:\\\\Project\\\\Tech...')
#2 Command line code(1): getViews('D:\\\\Project\\\\Tech...', Object(Illuminate\\Filesystem\\Filesystem))
#3 {main}
  thrown at D:\\Project\\Techsense\\vendor\\symfony\\finder\\Finder.php:649)
[stacktrace]
#0 D:\\Project\\Techsense\\vendor\\laravel\\framework\\src\\Illuminate\\Foundation\\Bootstrap\\HandleExceptions.php(259): Symfony\\Component\\ErrorHandler\\Error\\FatalError->__construct(message: ''Uncaught Symfo...', code: '0', error: '['type' => 1, '...', traceOffset: '0', traceArgs: '???', trace: '???')
#1 D:\\Project\\Techsense\\vendor\\laravel\\framework\\src\\Illuminate\\Foundation\\Bootstrap\\HandleExceptions.php(246): Illuminate\\Foundation\\Bootstrap\\HandleExceptions->fatalErrorFromPhpError(error: '['type' => 1, '...', traceOffset: '0')
#2 D:\\Project\\Techsense\\vendor\\laravel\\framework\\src\\Illuminate\\Foundation\\Bootstrap\\HandleExceptions.php(270): Illuminate\\Foundation\\Bootstrap\\HandleExceptions->handleShutdown()
#3 D:\\Project\\Techsense\\vendor\\laravel\\framework\\src\\Illuminate\\Foundation\\Bootstrap\\HandleExceptions.php(0): Illuminate\\Foundation\\Bootstrap\\HandleExceptions->Illuminate\\Foundation\\Bootstrap\\{closure:D:\\Project\\Techsense\\vendor\\laravel\\framework\\src\\Illuminate\\Foundation\\Bootstrap\\HandleExceptions.php:269-271}()
#4 {main}
"} 
[2025-09-21 12:38:20] live.ERROR: Uncaught Symfony\Component\Finder\Exception\DirectoryNotFoundException: The "D:\Project\Techsense\custom_views" directory does not exist. in D:\Project\Techsense\vendor\symfony\finder\Finder.php:649
Stack trace:
#0 D:\Project\Techsense\vendor\laravel\framework\src\Illuminate\Filesystem\Filesystem.php(569): Symfony\Component\Finder\Finder->in('D:\\Project\\Tech...')
#1 Command line code(1): Illuminate\Filesystem\Filesystem->files('D:\\Project\\Tech...')
#2 Command line code(1): getViews('D:\\Project\\Tech...', Object(Illuminate\Filesystem\Filesystem))
#3 {main}
  thrown {"exception":"[object] (Symfony\\Component\\ErrorHandler\\Error\\FatalError(code: 0): Uncaught Symfony\\Component\\Finder\\Exception\\DirectoryNotFoundException: The \"D:\\Project\\Techsense\\custom_views\" directory does not exist. in D:\\Project\\Techsense\\vendor\\symfony\\finder\\Finder.php:649
Stack trace:
#0 D:\\Project\\Techsense\\vendor\\laravel\\framework\\src\\Illuminate\\Filesystem\\Filesystem.php(569): Symfony\\Component\\Finder\\Finder->in('D:\\\\Project\\\\Tech...')
#1 Command line code(1): Illuminate\\Filesystem\\Filesystem->files('D:\\\\Project\\\\Tech...')
#2 Command line code(1): getViews('D:\\\\Project\\\\Tech...', Object(Illuminate\\Filesystem\\Filesystem))
#3 {main}
  thrown at D:\\Project\\Techsense\\vendor\\symfony\\finder\\Finder.php:649)
[stacktrace]
#0 D:\\Project\\Techsense\\vendor\\laravel\\framework\\src\\Illuminate\\Foundation\\Bootstrap\\HandleExceptions.php(259): Symfony\\Component\\ErrorHandler\\Error\\FatalError->__construct(message: ''Uncaught Symfo...', code: '0', error: '['type' => 1, '...', traceOffset: '0', traceArgs: '???', trace: '???')
#1 D:\\Project\\Techsense\\vendor\\laravel\\framework\\src\\Illuminate\\Foundation\\Bootstrap\\HandleExceptions.php(246): Illuminate\\Foundation\\Bootstrap\\HandleExceptions->fatalErrorFromPhpError(error: '['type' => 1, '...', traceOffset: '0')
#2 D:\\Project\\Techsense\\vendor\\laravel\\framework\\src\\Illuminate\\Foundation\\Bootstrap\\HandleExceptions.php(270): Illuminate\\Foundation\\Bootstrap\\HandleExceptions->handleShutdown()
#3 D:\\Project\\Techsense\\vendor\\laravel\\framework\\src\\Illuminate\\Foundation\\Bootstrap\\HandleExceptions.php(0): Illuminate\\Foundation\\Bootstrap\\HandleExceptions->Illuminate\\Foundation\\Bootstrap\\{closure:D:\\Project\\Techsense\\vendor\\laravel\\framework\\src\\Illuminate\\Foundation\\Bootstrap\\HandleExceptions.php:269-271}()
#4 {main}
"} 
[2025-09-21 12:38:22] live.ERROR: Uncaught Symfony\Component\Finder\Exception\DirectoryNotFoundException: The "D:\Project\Techsense\custom_views" directory does not exist. in D:\Project\Techsense\vendor\symfony\finder\Finder.php:649
Stack trace:
#0 D:\Project\Techsense\vendor\laravel\framework\src\Illuminate\Filesystem\Filesystem.php(569): Symfony\Component\Finder\Finder->in('D:\\Project\\Tech...')
#1 Command line code(1): Illuminate\Filesystem\Filesystem->files('D:\\Project\\Tech...')
#2 Command line code(1): getViews('D:\\Project\\Tech...', Object(Illuminate\Filesystem\Filesystem))
#3 {main}
  thrown {"exception":"[object] (Symfony\\Component\\ErrorHandler\\Error\\FatalError(code: 0): Uncaught Symfony\\Component\\Finder\\Exception\\DirectoryNotFoundException: The \"D:\\Project\\Techsense\\custom_views\" directory does not exist. in D:\\Project\\Techsense\\vendor\\symfony\\finder\\Finder.php:649
Stack trace:
#0 D:\\Project\\Techsense\\vendor\\laravel\\framework\\src\\Illuminate\\Filesystem\\Filesystem.php(569): Symfony\\Component\\Finder\\Finder->in('D:\\\\Project\\\\Tech...')
#1 Command line code(1): Illuminate\\Filesystem\\Filesystem->files('D:\\\\Project\\\\Tech...')
#2 Command line code(1): getViews('D:\\\\Project\\\\Tech...', Object(Illuminate\\Filesystem\\Filesystem))
#3 {main}
  thrown at D:\\Project\\Techsense\\vendor\\symfony\\finder\\Finder.php:649)
[stacktrace]
#0 D:\\Project\\Techsense\\vendor\\laravel\\framework\\src\\Illuminate\\Foundation\\Bootstrap\\HandleExceptions.php(259): Symfony\\Component\\ErrorHandler\\Error\\FatalError->__construct(message: ''Uncaught Symfo...', code: '0', error: '['type' => 1, '...', traceOffset: '0', traceArgs: '???', trace: '???')
#1 D:\\Project\\Techsense\\vendor\\laravel\\framework\\src\\Illuminate\\Foundation\\Bootstrap\\HandleExceptions.php(246): Illuminate\\Foundation\\Bootstrap\\HandleExceptions->fatalErrorFromPhpError(error: '['type' => 1, '...', traceOffset: '0')
#2 D:\\Project\\Techsense\\vendor\\laravel\\framework\\src\\Illuminate\\Foundation\\Bootstrap\\HandleExceptions.php(270): Illuminate\\Foundation\\Bootstrap\\HandleExceptions->handleShutdown()
#3 D:\\Project\\Techsense\\vendor\\laravel\\framework\\src\\Illuminate\\Foundation\\Bootstrap\\HandleExceptions.php(0): Illuminate\\Foundation\\Bootstrap\\HandleExceptions->Illuminate\\Foundation\\Bootstrap\\{closure:D:\\Project\\Techsense\\vendor\\laravel\\framework\\src\\Illuminate\\Foundation\\Bootstrap\\HandleExceptions.php:269-271}()
#4 {main}
"} 
[2025-09-21 12:38:23] live.ERROR: Uncaught Symfony\Component\Finder\Exception\DirectoryNotFoundException: The "D:\Project\Techsense\custom_views" directory does not exist. in D:\Project\Techsense\vendor\symfony\finder\Finder.php:649
Stack trace:
#0 D:\Project\Techsense\vendor\laravel\framework\src\Illuminate\Filesystem\Filesystem.php(569): Symfony\Component\Finder\Finder->in('D:\\Project\\Tech...')
#1 Command line code(1): Illuminate\Filesystem\Filesystem->files('D:\\Project\\Tech...')
#2 Command line code(1): getViews('D:\\Project\\Tech...', Object(Illuminate\Filesystem\Filesystem))
#3 {main}
  thrown {"exception":"[object] (Symfony\\Component\\ErrorHandler\\Error\\FatalError(code: 0): Uncaught Symfony\\Component\\Finder\\Exception\\DirectoryNotFoundException: The \"D:\\Project\\Techsense\\custom_views\" directory does not exist. in D:\\Project\\Techsense\\vendor\\symfony\\finder\\Finder.php:649
Stack trace:
#0 D:\\Project\\Techsense\\vendor\\laravel\\framework\\src\\Illuminate\\Filesystem\\Filesystem.php(569): Symfony\\Component\\Finder\\Finder->in('D:\\\\Project\\\\Tech...')
#1 Command line code(1): Illuminate\\Filesystem\\Filesystem->files('D:\\\\Project\\\\Tech...')
#2 Command line code(1): getViews('D:\\\\Project\\\\Tech...', Object(Illuminate\\Filesystem\\Filesystem))
#3 {main}
  thrown at D:\\Project\\Techsense\\vendor\\symfony\\finder\\Finder.php:649)
[stacktrace]
#0 D:\\Project\\Techsense\\vendor\\laravel\\framework\\src\\Illuminate\\Foundation\\Bootstrap\\HandleExceptions.php(259): Symfony\\Component\\ErrorHandler\\Error\\FatalError->__construct(message: ''Uncaught Symfo...', code: '0', error: '['type' => 1, '...', traceOffset: '0', traceArgs: '???', trace: '???')
#1 D:\\Project\\Techsense\\vendor\\laravel\\framework\\src\\Illuminate\\Foundation\\Bootstrap\\HandleExceptions.php(246): Illuminate\\Foundation\\Bootstrap\\HandleExceptions->fatalErrorFromPhpError(error: '['type' => 1, '...', traceOffset: '0')
#2 D:\\Project\\Techsense\\vendor\\laravel\\framework\\src\\Illuminate\\Foundation\\Bootstrap\\HandleExceptions.php(270): Illuminate\\Foundation\\Bootstrap\\HandleExceptions->handleShutdown()
#3 D:\\Project\\Techsense\\vendor\\laravel\\framework\\src\\Illuminate\\Foundation\\Bootstrap\\HandleExceptions.php(0): Illuminate\\Foundation\\Bootstrap\\HandleExceptions->Illuminate\\Foundation\\Bootstrap\\{closure:D:\\Project\\Techsense\\vendor\\laravel\\framework\\src\\Illuminate\\Foundation\\Bootstrap\\HandleExceptions.php:269-271}()
#4 {main}
"} 
[2025-09-21 12:38:25] live.ERROR: Uncaught Symfony\Component\Finder\Exception\DirectoryNotFoundException: The "D:\Project\Techsense\custom_views" directory does not exist. in D:\Project\Techsense\vendor\symfony\finder\Finder.php:649
Stack trace:
#0 D:\Project\Techsense\vendor\laravel\framework\src\Illuminate\Filesystem\Filesystem.php(569): Symfony\Component\Finder\Finder->in('D:\\Project\\Tech...')
#1 Command line code(1): Illuminate\Filesystem\Filesystem->files('D:\\Project\\Tech...')
#2 Command line code(1): getViews('D:\\Project\\Tech...', Object(Illuminate\Filesystem\Filesystem))
#3 {main}
  thrown {"exception":"[object] (Symfony\\Component\\ErrorHandler\\Error\\FatalError(code: 0): Uncaught Symfony\\Component\\Finder\\Exception\\DirectoryNotFoundException: The \"D:\\Project\\Techsense\\custom_views\" directory does not exist. in D:\\Project\\Techsense\\vendor\\symfony\\finder\\Finder.php:649
Stack trace:
#0 D:\\Project\\Techsense\\vendor\\laravel\\framework\\src\\Illuminate\\Filesystem\\Filesystem.php(569): Symfony\\Component\\Finder\\Finder->in('D:\\\\Project\\\\Tech...')
#1 Command line code(1): Illuminate\\Filesystem\\Filesystem->files('D:\\\\Project\\\\Tech...')
#2 Command line code(1): getViews('D:\\\\Project\\\\Tech...', Object(Illuminate\\Filesystem\\Filesystem))
#3 {main}
  thrown at D:\\Project\\Techsense\\vendor\\symfony\\finder\\Finder.php:649)
[stacktrace]
#0 D:\\Project\\Techsense\\vendor\\laravel\\framework\\src\\Illuminate\\Foundation\\Bootstrap\\HandleExceptions.php(259): Symfony\\Component\\ErrorHandler\\Error\\FatalError->__construct(message: ''Uncaught Symfo...', code: '0', error: '['type' => 1, '...', traceOffset: '0', traceArgs: '???', trace: '???')
#1 D:\\Project\\Techsense\\vendor\\laravel\\framework\\src\\Illuminate\\Foundation\\Bootstrap\\HandleExceptions.php(246): Illuminate\\Foundation\\Bootstrap\\HandleExceptions->fatalErrorFromPhpError(error: '['type' => 1, '...', traceOffset: '0')
#2 D:\\Project\\Techsense\\vendor\\laravel\\framework\\src\\Illuminate\\Foundation\\Bootstrap\\HandleExceptions.php(270): Illuminate\\Foundation\\Bootstrap\\HandleExceptions->handleShutdown()
#3 D:\\Project\\Techsense\\vendor\\laravel\\framework\\src\\Illuminate\\Foundation\\Bootstrap\\HandleExceptions.php(0): Illuminate\\Foundation\\Bootstrap\\HandleExceptions->Illuminate\\Foundation\\Bootstrap\\{closure:D:\\Project\\Techsense\\vendor\\laravel\\framework\\src\\Illuminate\\Foundation\\Bootstrap\\HandleExceptions.php:269-271}()
#4 {main}
"} 
[2025-09-21 12:38:26] live.ERROR: Uncaught Symfony\Component\Finder\Exception\DirectoryNotFoundException: The "D:\Project\Techsense\custom_views" directory does not exist. in D:\Project\Techsense\vendor\symfony\finder\Finder.php:649
Stack trace:
#0 D:\Project\Techsense\vendor\laravel\framework\src\Illuminate\Filesystem\Filesystem.php(569): Symfony\Component\Finder\Finder->in('D:\\Project\\Tech...')
#1 Command line code(1): Illuminate\Filesystem\Filesystem->files('D:\\Project\\Tech...')
#2 Command line code(1): getViews('D:\\Project\\Tech...', Object(Illuminate\Filesystem\Filesystem))
#3 {main}
  thrown {"exception":"[object] (Symfony\\Component\\ErrorHandler\\Error\\FatalError(code: 0): Uncaught Symfony\\Component\\Finder\\Exception\\DirectoryNotFoundException: The \"D:\\Project\\Techsense\\custom_views\" directory does not exist. in D:\\Project\\Techsense\\vendor\\symfony\\finder\\Finder.php:649
Stack trace:
#0 D:\\Project\\Techsense\\vendor\\laravel\\framework\\src\\Illuminate\\Filesystem\\Filesystem.php(569): Symfony\\Component\\Finder\\Finder->in('D:\\\\Project\\\\Tech...')
#1 Command line code(1): Illuminate\\Filesystem\\Filesystem->files('D:\\\\Project\\\\Tech...')
#2 Command line code(1): getViews('D:\\\\Project\\\\Tech...', Object(Illuminate\\Filesystem\\Filesystem))
#3 {main}
  thrown at D:\\Project\\Techsense\\vendor\\symfony\\finder\\Finder.php:649)
[stacktrace]
#0 D:\\Project\\Techsense\\vendor\\laravel\\framework\\src\\Illuminate\\Foundation\\Bootstrap\\HandleExceptions.php(259): Symfony\\Component\\ErrorHandler\\Error\\FatalError->__construct(message: ''Uncaught Symfo...', code: '0', error: '['type' => 1, '...', traceOffset: '0', traceArgs: '???', trace: '???')
#1 D:\\Project\\Techsense\\vendor\\laravel\\framework\\src\\Illuminate\\Foundation\\Bootstrap\\HandleExceptions.php(246): Illuminate\\Foundation\\Bootstrap\\HandleExceptions->fatalErrorFromPhpError(error: '['type' => 1, '...', traceOffset: '0')
#2 D:\\Project\\Techsense\\vendor\\laravel\\framework\\src\\Illuminate\\Foundation\\Bootstrap\\HandleExceptions.php(270): Illuminate\\Foundation\\Bootstrap\\HandleExceptions->handleShutdown()
#3 D:\\Project\\Techsense\\vendor\\laravel\\framework\\src\\Illuminate\\Foundation\\Bootstrap\\HandleExceptions.php(0): Illuminate\\Foundation\\Bootstrap\\HandleExceptions->Illuminate\\Foundation\\Bootstrap\\{closure:D:\\Project\\Techsense\\vendor\\laravel\\framework\\src\\Illuminate\\Foundation\\Bootstrap\\HandleExceptions.php:269-271}()
#4 {main}
"} 
[2025-09-21 12:38:27] live.ERROR: Uncaught Symfony\Component\Finder\Exception\DirectoryNotFoundException: The "D:\Project\Techsense\custom_views" directory does not exist. in D:\Project\Techsense\vendor\symfony\finder\Finder.php:649
Stack trace:
#0 D:\Project\Techsense\vendor\laravel\framework\src\Illuminate\Filesystem\Filesystem.php(569): Symfony\Component\Finder\Finder->in('D:\\Project\\Tech...')
#1 Command line code(1): Illuminate\Filesystem\Filesystem->files('D:\\Project\\Tech...')
#2 Command line code(1): getViews('D:\\Project\\Tech...', Object(Illuminate\Filesystem\Filesystem))
#3 {main}
  thrown {"exception":"[object] (Symfony\\Component\\ErrorHandler\\Error\\FatalError(code: 0): Uncaught Symfony\\Component\\Finder\\Exception\\DirectoryNotFoundException: The \"D:\\Project\\Techsense\\custom_views\" directory does not exist. in D:\\Project\\Techsense\\vendor\\symfony\\finder\\Finder.php:649
Stack trace:
#0 D:\\Project\\Techsense\\vendor\\laravel\\framework\\src\\Illuminate\\Filesystem\\Filesystem.php(569): Symfony\\Component\\Finder\\Finder->in('D:\\\\Project\\\\Tech...')
#1 Command line code(1): Illuminate\\Filesystem\\Filesystem->files('D:\\\\Project\\\\Tech...')
#2 Command line code(1): getViews('D:\\\\Project\\\\Tech...', Object(Illuminate\\Filesystem\\Filesystem))
#3 {main}
  thrown at D:\\Project\\Techsense\\vendor\\symfony\\finder\\Finder.php:649)
[stacktrace]
#0 D:\\Project\\Techsense\\vendor\\laravel\\framework\\src\\Illuminate\\Foundation\\Bootstrap\\HandleExceptions.php(259): Symfony\\Component\\ErrorHandler\\Error\\FatalError->__construct(message: ''Uncaught Symfo...', code: '0', error: '['type' => 1, '...', traceOffset: '0', traceArgs: '???', trace: '???')
#1 D:\\Project\\Techsense\\vendor\\laravel\\framework\\src\\Illuminate\\Foundation\\Bootstrap\\HandleExceptions.php(246): Illuminate\\Foundation\\Bootstrap\\HandleExceptions->fatalErrorFromPhpError(error: '['type' => 1, '...', traceOffset: '0')
#2 D:\\Project\\Techsense\\vendor\\laravel\\framework\\src\\Illuminate\\Foundation\\Bootstrap\\HandleExceptions.php(270): Illuminate\\Foundation\\Bootstrap\\HandleExceptions->handleShutdown()
#3 D:\\Project\\Techsense\\vendor\\laravel\\framework\\src\\Illuminate\\Foundation\\Bootstrap\\HandleExceptions.php(0): Illuminate\\Foundation\\Bootstrap\\HandleExceptions->Illuminate\\Foundation\\Bootstrap\\{closure:D:\\Project\\Techsense\\vendor\\laravel\\framework\\src\\Illuminate\\Foundation\\Bootstrap\\HandleExceptions.php:269-271}()
#4 {main}
"} 
[2025-09-21 12:38:29] live.ERROR: Uncaught Symfony\Component\Finder\Exception\DirectoryNotFoundException: The "D:\Project\Techsense\custom_views" directory does not exist. in D:\Project\Techsense\vendor\symfony\finder\Finder.php:649
Stack trace:
#0 D:\Project\Techsense\vendor\laravel\framework\src\Illuminate\Filesystem\Filesystem.php(569): Symfony\Component\Finder\Finder->in('D:\\Project\\Tech...')
#1 Command line code(1): Illuminate\Filesystem\Filesystem->files('D:\\Project\\Tech...')
#2 Command line code(1): getViews('D:\\Project\\Tech...', Object(Illuminate\Filesystem\Filesystem))
#3 {main}
  thrown {"exception":"[object] (Symfony\\Component\\ErrorHandler\\Error\\FatalError(code: 0): Uncaught Symfony\\Component\\Finder\\Exception\\DirectoryNotFoundException: The \"D:\\Project\\Techsense\\custom_views\" directory does not exist. in D:\\Project\\Techsense\\vendor\\symfony\\finder\\Finder.php:649
Stack trace:
#0 D:\\Project\\Techsense\\vendor\\laravel\\framework\\src\\Illuminate\\Filesystem\\Filesystem.php(569): Symfony\\Component\\Finder\\Finder->in('D:\\\\Project\\\\Tech...')
#1 Command line code(1): Illuminate\\Filesystem\\Filesystem->files('D:\\\\Project\\\\Tech...')
#2 Command line code(1): getViews('D:\\\\Project\\\\Tech...', Object(Illuminate\\Filesystem\\Filesystem))
#3 {main}
  thrown at D:\\Project\\Techsense\\vendor\\symfony\\finder\\Finder.php:649)
[stacktrace]
#0 D:\\Project\\Techsense\\vendor\\laravel\\framework\\src\\Illuminate\\Foundation\\Bootstrap\\HandleExceptions.php(259): Symfony\\Component\\ErrorHandler\\Error\\FatalError->__construct(message: ''Uncaught Symfo...', code: '0', error: '['type' => 1, '...', traceOffset: '0', traceArgs: '???', trace: '???')
#1 D:\\Project\\Techsense\\vendor\\laravel\\framework\\src\\Illuminate\\Foundation\\Bootstrap\\HandleExceptions.php(246): Illuminate\\Foundation\\Bootstrap\\HandleExceptions->fatalErrorFromPhpError(error: '['type' => 1, '...', traceOffset: '0')
#2 D:\\Project\\Techsense\\vendor\\laravel\\framework\\src\\Illuminate\\Foundation\\Bootstrap\\HandleExceptions.php(270): Illuminate\\Foundation\\Bootstrap\\HandleExceptions->handleShutdown()
#3 D:\\Project\\Techsense\\vendor\\laravel\\framework\\src\\Illuminate\\Foundation\\Bootstrap\\HandleExceptions.php(0): Illuminate\\Foundation\\Bootstrap\\HandleExceptions->Illuminate\\Foundation\\Bootstrap\\{closure:D:\\Project\\Techsense\\vendor\\laravel\\framework\\src\\Illuminate\\Foundation\\Bootstrap\\HandleExceptions.php:269-271}()
#4 {main}
"} 
[2025-09-21 12:38:30] live.ERROR: Uncaught Symfony\Component\Finder\Exception\DirectoryNotFoundException: The "D:\Project\Techsense\custom_views" directory does not exist. in D:\Project\Techsense\vendor\symfony\finder\Finder.php:649
Stack trace:
#0 D:\Project\Techsense\vendor\laravel\framework\src\Illuminate\Filesystem\Filesystem.php(569): Symfony\Component\Finder\Finder->in('D:\\Project\\Tech...')
#1 Command line code(1): Illuminate\Filesystem\Filesystem->files('D:\\Project\\Tech...')
#2 Command line code(1): getViews('D:\\Project\\Tech...', Object(Illuminate\Filesystem\Filesystem))
#3 {main}
  thrown {"exception":"[object] (Symfony\\Component\\ErrorHandler\\Error\\FatalError(code: 0): Uncaught Symfony\\Component\\Finder\\Exception\\DirectoryNotFoundException: The \"D:\\Project\\Techsense\\custom_views\" directory does not exist. in D:\\Project\\Techsense\\vendor\\symfony\\finder\\Finder.php:649
Stack trace:
#0 D:\\Project\\Techsense\\vendor\\laravel\\framework\\src\\Illuminate\\Filesystem\\Filesystem.php(569): Symfony\\Component\\Finder\\Finder->in('D:\\\\Project\\\\Tech...')
#1 Command line code(1): Illuminate\\Filesystem\\Filesystem->files('D:\\\\Project\\\\Tech...')
#2 Command line code(1): getViews('D:\\\\Project\\\\Tech...', Object(Illuminate\\Filesystem\\Filesystem))
#3 {main}
  thrown at D:\\Project\\Techsense\\vendor\\symfony\\finder\\Finder.php:649)
[stacktrace]
#0 D:\\Project\\Techsense\\vendor\\laravel\\framework\\src\\Illuminate\\Foundation\\Bootstrap\\HandleExceptions.php(259): Symfony\\Component\\ErrorHandler\\Error\\FatalError->__construct(message: ''Uncaught Symfo...', code: '0', error: '['type' => 1, '...', traceOffset: '0', traceArgs: '???', trace: '???')
#1 D:\\Project\\Techsense\\vendor\\laravel\\framework\\src\\Illuminate\\Foundation\\Bootstrap\\HandleExceptions.php(246): Illuminate\\Foundation\\Bootstrap\\HandleExceptions->fatalErrorFromPhpError(error: '['type' => 1, '...', traceOffset: '0')
#2 D:\\Project\\Techsense\\vendor\\laravel\\framework\\src\\Illuminate\\Foundation\\Bootstrap\\HandleExceptions.php(270): Illuminate\\Foundation\\Bootstrap\\HandleExceptions->handleShutdown()
#3 D:\\Project\\Techsense\\vendor\\laravel\\framework\\src\\Illuminate\\Foundation\\Bootstrap\\HandleExceptions.php(0): Illuminate\\Foundation\\Bootstrap\\HandleExceptions->Illuminate\\Foundation\\Bootstrap\\{closure:D:\\Project\\Techsense\\vendor\\laravel\\framework\\src\\Illuminate\\Foundation\\Bootstrap\\HandleExceptions.php:269-271}()
#4 {main}
"} 
[2025-09-21 12:38:32] live.ERROR: Uncaught Symfony\Component\Finder\Exception\DirectoryNotFoundException: The "D:\Project\Techsense\custom_views" directory does not exist. in D:\Project\Techsense\vendor\symfony\finder\Finder.php:649
Stack trace:
#0 D:\Project\Techsense\vendor\laravel\framework\src\Illuminate\Filesystem\Filesystem.php(569): Symfony\Component\Finder\Finder->in('D:\\Project\\Tech...')
#1 Command line code(1): Illuminate\Filesystem\Filesystem->files('D:\\Project\\Tech...')
#2 Command line code(1): getViews('D:\\Project\\Tech...', Object(Illuminate\Filesystem\Filesystem))
#3 {main}
  thrown {"exception":"[object] (Symfony\\Component\\ErrorHandler\\Error\\FatalError(code: 0): Uncaught Symfony\\Component\\Finder\\Exception\\DirectoryNotFoundException: The \"D:\\Project\\Techsense\\custom_views\" directory does not exist. in D:\\Project\\Techsense\\vendor\\symfony\\finder\\Finder.php:649
Stack trace:
#0 D:\\Project\\Techsense\\vendor\\laravel\\framework\\src\\Illuminate\\Filesystem\\Filesystem.php(569): Symfony\\Component\\Finder\\Finder->in('D:\\\\Project\\\\Tech...')
#1 Command line code(1): Illuminate\\Filesystem\\Filesystem->files('D:\\\\Project\\\\Tech...')
#2 Command line code(1): getViews('D:\\\\Project\\\\Tech...', Object(Illuminate\\Filesystem\\Filesystem))
#3 {main}
  thrown at D:\\Project\\Techsense\\vendor\\symfony\\finder\\Finder.php:649)
[stacktrace]
#0 D:\\Project\\Techsense\\vendor\\laravel\\framework\\src\\Illuminate\\Foundation\\Bootstrap\\HandleExceptions.php(259): Symfony\\Component\\ErrorHandler\\Error\\FatalError->__construct(message: ''Uncaught Symfo...', code: '0', error: '['type' => 1, '...', traceOffset: '0', traceArgs: '???', trace: '???')
#1 D:\\Project\\Techsense\\vendor\\laravel\\framework\\src\\Illuminate\\Foundation\\Bootstrap\\HandleExceptions.php(246): Illuminate\\Foundation\\Bootstrap\\HandleExceptions->fatalErrorFromPhpError(error: '['type' => 1, '...', traceOffset: '0')
#2 D:\\Project\\Techsense\\vendor\\laravel\\framework\\src\\Illuminate\\Foundation\\Bootstrap\\HandleExceptions.php(270): Illuminate\\Foundation\\Bootstrap\\HandleExceptions->handleShutdown()
#3 D:\\Project\\Techsense\\vendor\\laravel\\framework\\src\\Illuminate\\Foundation\\Bootstrap\\HandleExceptions.php(0): Illuminate\\Foundation\\Bootstrap\\HandleExceptions->Illuminate\\Foundation\\Bootstrap\\{closure:D:\\Project\\Techsense\\vendor\\laravel\\framework\\src\\Illuminate\\Foundation\\Bootstrap\\HandleExceptions.php:269-271}()
#4 {main}
"} 
[2025-09-21 12:38:33] live.ERROR: Uncaught Symfony\Component\Finder\Exception\DirectoryNotFoundException: The "D:\Project\Techsense\custom_views" directory does not exist. in D:\Project\Techsense\vendor\symfony\finder\Finder.php:649
Stack trace:
#0 D:\Project\Techsense\vendor\laravel\framework\src\Illuminate\Filesystem\Filesystem.php(569): Symfony\Component\Finder\Finder->in('D:\\Project\\Tech...')
#1 Command line code(1): Illuminate\Filesystem\Filesystem->files('D:\\Project\\Tech...')
#2 Command line code(1): getViews('D:\\Project\\Tech...', Object(Illuminate\Filesystem\Filesystem))
#3 {main}
  thrown {"exception":"[object] (Symfony\\Component\\ErrorHandler\\Error\\FatalError(code: 0): Uncaught Symfony\\Component\\Finder\\Exception\\DirectoryNotFoundException: The \"D:\\Project\\Techsense\\custom_views\" directory does not exist. in D:\\Project\\Techsense\\vendor\\symfony\\finder\\Finder.php:649
Stack trace:
#0 D:\\Project\\Techsense\\vendor\\laravel\\framework\\src\\Illuminate\\Filesystem\\Filesystem.php(569): Symfony\\Component\\Finder\\Finder->in('D:\\\\Project\\\\Tech...')
#1 Command line code(1): Illuminate\\Filesystem\\Filesystem->files('D:\\\\Project\\\\Tech...')
#2 Command line code(1): getViews('D:\\\\Project\\\\Tech...', Object(Illuminate\\Filesystem\\Filesystem))
#3 {main}
  thrown at D:\\Project\\Techsense\\vendor\\symfony\\finder\\Finder.php:649)
[stacktrace]
#0 D:\\Project\\Techsense\\vendor\\laravel\\framework\\src\\Illuminate\\Foundation\\Bootstrap\\HandleExceptions.php(259): Symfony\\Component\\ErrorHandler\\Error\\FatalError->__construct(message: ''Uncaught Symfo...', code: '0', error: '['type' => 1, '...', traceOffset: '0', traceArgs: '???', trace: '???')
#1 D:\\Project\\Techsense\\vendor\\laravel\\framework\\src\\Illuminate\\Foundation\\Bootstrap\\HandleExceptions.php(246): Illuminate\\Foundation\\Bootstrap\\HandleExceptions->fatalErrorFromPhpError(error: '['type' => 1, '...', traceOffset: '0')
#2 D:\\Project\\Techsense\\vendor\\laravel\\framework\\src\\Illuminate\\Foundation\\Bootstrap\\HandleExceptions.php(270): Illuminate\\Foundation\\Bootstrap\\HandleExceptions->handleShutdown()
#3 D:\\Project\\Techsense\\vendor\\laravel\\framework\\src\\Illuminate\\Foundation\\Bootstrap\\HandleExceptions.php(0): Illuminate\\Foundation\\Bootstrap\\HandleExceptions->Illuminate\\Foundation\\Bootstrap\\{closure:D:\\Project\\Techsense\\vendor\\laravel\\framework\\src\\Illuminate\\Foundation\\Bootstrap\\HandleExceptions.php:269-271}()
#4 {main}
"} 
[2025-09-21 12:38:34] live.ERROR: Uncaught Symfony\Component\Finder\Exception\DirectoryNotFoundException: The "D:\Project\Techsense\custom_views" directory does not exist. in D:\Project\Techsense\vendor\symfony\finder\Finder.php:649
Stack trace:
#0 D:\Project\Techsense\vendor\laravel\framework\src\Illuminate\Filesystem\Filesystem.php(569): Symfony\Component\Finder\Finder->in('D:\\Project\\Tech...')
#1 Command line code(1): Illuminate\Filesystem\Filesystem->files('D:\\Project\\Tech...')
#2 Command line code(1): getViews('D:\\Project\\Tech...', Object(Illuminate\Filesystem\Filesystem))
#3 {main}
  thrown {"exception":"[object] (Symfony\\Component\\ErrorHandler\\Error\\FatalError(code: 0): Uncaught Symfony\\Component\\Finder\\Exception\\DirectoryNotFoundException: The \"D:\\Project\\Techsense\\custom_views\" directory does not exist. in D:\\Project\\Techsense\\vendor\\symfony\\finder\\Finder.php:649
Stack trace:
#0 D:\\Project\\Techsense\\vendor\\laravel\\framework\\src\\Illuminate\\Filesystem\\Filesystem.php(569): Symfony\\Component\\Finder\\Finder->in('D:\\\\Project\\\\Tech...')
#1 Command line code(1): Illuminate\\Filesystem\\Filesystem->files('D:\\\\Project\\\\Tech...')
#2 Command line code(1): getViews('D:\\\\Project\\\\Tech...', Object(Illuminate\\Filesystem\\Filesystem))
#3 {main}
  thrown at D:\\Project\\Techsense\\vendor\\symfony\\finder\\Finder.php:649)
[stacktrace]
#0 D:\\Project\\Techsense\\vendor\\laravel\\framework\\src\\Illuminate\\Foundation\\Bootstrap\\HandleExceptions.php(259): Symfony\\Component\\ErrorHandler\\Error\\FatalError->__construct(message: ''Uncaught Symfo...', code: '0', error: '['type' => 1, '...', traceOffset: '0', traceArgs: '???', trace: '???')
#1 D:\\Project\\Techsense\\vendor\\laravel\\framework\\src\\Illuminate\\Foundation\\Bootstrap\\HandleExceptions.php(246): Illuminate\\Foundation\\Bootstrap\\HandleExceptions->fatalErrorFromPhpError(error: '['type' => 1, '...', traceOffset: '0')
#2 D:\\Project\\Techsense\\vendor\\laravel\\framework\\src\\Illuminate\\Foundation\\Bootstrap\\HandleExceptions.php(270): Illuminate\\Foundation\\Bootstrap\\HandleExceptions->handleShutdown()
#3 D:\\Project\\Techsense\\vendor\\laravel\\framework\\src\\Illuminate\\Foundation\\Bootstrap\\HandleExceptions.php(0): Illuminate\\Foundation\\Bootstrap\\HandleExceptions->Illuminate\\Foundation\\Bootstrap\\{closure:D:\\Project\\Techsense\\vendor\\laravel\\framework\\src\\Illuminate\\Foundation\\Bootstrap\\HandleExceptions.php:269-271}()
#4 {main}
"} 
[2025-09-21 12:38:35] live.ERROR: Uncaught Symfony\Component\Finder\Exception\DirectoryNotFoundException: The "D:\Project\Techsense\custom_views" directory does not exist. in D:\Project\Techsense\vendor\symfony\finder\Finder.php:649
Stack trace:
#0 D:\Project\Techsense\vendor\laravel\framework\src\Illuminate\Filesystem\Filesystem.php(569): Symfony\Component\Finder\Finder->in('D:\\Project\\Tech...')
#1 Command line code(1): Illuminate\Filesystem\Filesystem->files('D:\\Project\\Tech...')
#2 Command line code(1): getViews('D:\\Project\\Tech...', Object(Illuminate\Filesystem\Filesystem))
#3 {main}
  thrown {"exception":"[object] (Symfony\\Component\\ErrorHandler\\Error\\FatalError(code: 0): Uncaught Symfony\\Component\\Finder\\Exception\\DirectoryNotFoundException: The \"D:\\Project\\Techsense\\custom_views\" directory does not exist. in D:\\Project\\Techsense\\vendor\\symfony\\finder\\Finder.php:649
Stack trace:
#0 D:\\Project\\Techsense\\vendor\\laravel\\framework\\src\\Illuminate\\Filesystem\\Filesystem.php(569): Symfony\\Component\\Finder\\Finder->in('D:\\\\Project\\\\Tech...')
#1 Command line code(1): Illuminate\\Filesystem\\Filesystem->files('D:\\\\Project\\\\Tech...')
#2 Command line code(1): getViews('D:\\\\Project\\\\Tech...', Object(Illuminate\\Filesystem\\Filesystem))
#3 {main}
  thrown at D:\\Project\\Techsense\\vendor\\symfony\\finder\\Finder.php:649)
[stacktrace]
#0 D:\\Project\\Techsense\\vendor\\laravel\\framework\\src\\Illuminate\\Foundation\\Bootstrap\\HandleExceptions.php(259): Symfony\\Component\\ErrorHandler\\Error\\FatalError->__construct(message: ''Uncaught Symfo...', code: '0', error: '['type' => 1, '...', traceOffset: '0', traceArgs: '???', trace: '???')
#1 D:\\Project\\Techsense\\vendor\\laravel\\framework\\src\\Illuminate\\Foundation\\Bootstrap\\HandleExceptions.php(246): Illuminate\\Foundation\\Bootstrap\\HandleExceptions->fatalErrorFromPhpError(error: '['type' => 1, '...', traceOffset: '0')
#2 D:\\Project\\Techsense\\vendor\\laravel\\framework\\src\\Illuminate\\Foundation\\Bootstrap\\HandleExceptions.php(270): Illuminate\\Foundation\\Bootstrap\\HandleExceptions->handleShutdown()
#3 D:\\Project\\Techsense\\vendor\\laravel\\framework\\src\\Illuminate\\Foundation\\Bootstrap\\HandleExceptions.php(0): Illuminate\\Foundation\\Bootstrap\\HandleExceptions->Illuminate\\Foundation\\Bootstrap\\{closure:D:\\Project\\Techsense\\vendor\\laravel\\framework\\src\\Illuminate\\Foundation\\Bootstrap\\HandleExceptions.php:269-271}()
#4 {main}
"} 
[2025-09-21 12:38:37] live.ERROR: Uncaught Symfony\Component\Finder\Exception\DirectoryNotFoundException: The "D:\Project\Techsense\custom_views" directory does not exist. in D:\Project\Techsense\vendor\symfony\finder\Finder.php:649
Stack trace:
#0 D:\Project\Techsense\vendor\laravel\framework\src\Illuminate\Filesystem\Filesystem.php(569): Symfony\Component\Finder\Finder->in('D:\\Project\\Tech...')
#1 Command line code(1): Illuminate\Filesystem\Filesystem->files('D:\\Project\\Tech...')
#2 Command line code(1): getViews('D:\\Project\\Tech...', Object(Illuminate\Filesystem\Filesystem))
#3 {main}
  thrown {"exception":"[object] (Symfony\\Component\\ErrorHandler\\Error\\FatalError(code: 0): Uncaught Symfony\\Component\\Finder\\Exception\\DirectoryNotFoundException: The \"D:\\Project\\Techsense\\custom_views\" directory does not exist. in D:\\Project\\Techsense\\vendor\\symfony\\finder\\Finder.php:649
Stack trace:
#0 D:\\Project\\Techsense\\vendor\\laravel\\framework\\src\\Illuminate\\Filesystem\\Filesystem.php(569): Symfony\\Component\\Finder\\Finder->in('D:\\\\Project\\\\Tech...')
#1 Command line code(1): Illuminate\\Filesystem\\Filesystem->files('D:\\\\Project\\\\Tech...')
#2 Command line code(1): getViews('D:\\\\Project\\\\Tech...', Object(Illuminate\\Filesystem\\Filesystem))
#3 {main}
  thrown at D:\\Project\\Techsense\\vendor\\symfony\\finder\\Finder.php:649)
[stacktrace]
#0 D:\\Project\\Techsense\\vendor\\laravel\\framework\\src\\Illuminate\\Foundation\\Bootstrap\\HandleExceptions.php(259): Symfony\\Component\\ErrorHandler\\Error\\FatalError->__construct(message: ''Uncaught Symfo...', code: '0', error: '['type' => 1, '...', traceOffset: '0', traceArgs: '???', trace: '???')
#1 D:\\Project\\Techsense\\vendor\\laravel\\framework\\src\\Illuminate\\Foundation\\Bootstrap\\HandleExceptions.php(246): Illuminate\\Foundation\\Bootstrap\\HandleExceptions->fatalErrorFromPhpError(error: '['type' => 1, '...', traceOffset: '0')
#2 D:\\Project\\Techsense\\vendor\\laravel\\framework\\src\\Illuminate\\Foundation\\Bootstrap\\HandleExceptions.php(270): Illuminate\\Foundation\\Bootstrap\\HandleExceptions->handleShutdown()
#3 D:\\Project\\Techsense\\vendor\\laravel\\framework\\src\\Illuminate\\Foundation\\Bootstrap\\HandleExceptions.php(0): Illuminate\\Foundation\\Bootstrap\\HandleExceptions->Illuminate\\Foundation\\Bootstrap\\{closure:D:\\Project\\Techsense\\vendor\\laravel\\framework\\src\\Illuminate\\Foundation\\Bootstrap\\HandleExceptions.php:269-271}()
#4 {main}
"} 
[2025-09-21 12:38:38] live.ERROR: Uncaught Symfony\Component\Finder\Exception\DirectoryNotFoundException: The "D:\Project\Techsense\custom_views" directory does not exist. in D:\Project\Techsense\vendor\symfony\finder\Finder.php:649
Stack trace:
#0 D:\Project\Techsense\vendor\laravel\framework\src\Illuminate\Filesystem\Filesystem.php(569): Symfony\Component\Finder\Finder->in('D:\\Project\\Tech...')
#1 Command line code(1): Illuminate\Filesystem\Filesystem->files('D:\\Project\\Tech...')
#2 Command line code(1): getViews('D:\\Project\\Tech...', Object(Illuminate\Filesystem\Filesystem))
#3 {main}
  thrown {"exception":"[object] (Symfony\\Component\\ErrorHandler\\Error\\FatalError(code: 0): Uncaught Symfony\\Component\\Finder\\Exception\\DirectoryNotFoundException: The \"D:\\Project\\Techsense\\custom_views\" directory does not exist. in D:\\Project\\Techsense\\vendor\\symfony\\finder\\Finder.php:649
Stack trace:
#0 D:\\Project\\Techsense\\vendor\\laravel\\framework\\src\\Illuminate\\Filesystem\\Filesystem.php(569): Symfony\\Component\\Finder\\Finder->in('D:\\\\Project\\\\Tech...')
#1 Command line code(1): Illuminate\\Filesystem\\Filesystem->files('D:\\\\Project\\\\Tech...')
#2 Command line code(1): getViews('D:\\\\Project\\\\Tech...', Object(Illuminate\\Filesystem\\Filesystem))
#3 {main}
  thrown at D:\\Project\\Techsense\\vendor\\symfony\\finder\\Finder.php:649)
[stacktrace]
#0 D:\\Project\\Techsense\\vendor\\laravel\\framework\\src\\Illuminate\\Foundation\\Bootstrap\\HandleExceptions.php(259): Symfony\\Component\\ErrorHandler\\Error\\FatalError->__construct(message: ''Uncaught Symfo...', code: '0', error: '['type' => 1, '...', traceOffset: '0', traceArgs: '???', trace: '???')
#1 D:\\Project\\Techsense\\vendor\\laravel\\framework\\src\\Illuminate\\Foundation\\Bootstrap\\HandleExceptions.php(246): Illuminate\\Foundation\\Bootstrap\\HandleExceptions->fatalErrorFromPhpError(error: '['type' => 1, '...', traceOffset: '0')
#2 D:\\Project\\Techsense\\vendor\\laravel\\framework\\src\\Illuminate\\Foundation\\Bootstrap\\HandleExceptions.php(270): Illuminate\\Foundation\\Bootstrap\\HandleExceptions->handleShutdown()
#3 D:\\Project\\Techsense\\vendor\\laravel\\framework\\src\\Illuminate\\Foundation\\Bootstrap\\HandleExceptions.php(0): Illuminate\\Foundation\\Bootstrap\\HandleExceptions->Illuminate\\Foundation\\Bootstrap\\{closure:D:\\Project\\Techsense\\vendor\\laravel\\framework\\src\\Illuminate\\Foundation\\Bootstrap\\HandleExceptions.php:269-271}()
#4 {main}
"} 
[2025-09-21 12:38:39] live.ERROR: Uncaught Symfony\Component\Finder\Exception\DirectoryNotFoundException: The "D:\Project\Techsense\custom_views" directory does not exist. in D:\Project\Techsense\vendor\symfony\finder\Finder.php:649
Stack trace:
#0 D:\Project\Techsense\vendor\laravel\framework\src\Illuminate\Filesystem\Filesystem.php(569): Symfony\Component\Finder\Finder->in('D:\\Project\\Tech...')
#1 Command line code(1): Illuminate\Filesystem\Filesystem->files('D:\\Project\\Tech...')
#2 Command line code(1): getViews('D:\\Project\\Tech...', Object(Illuminate\Filesystem\Filesystem))
#3 {main}
  thrown {"exception":"[object] (Symfony\\Component\\ErrorHandler\\Error\\FatalError(code: 0): Uncaught Symfony\\Component\\Finder\\Exception\\DirectoryNotFoundException: The \"D:\\Project\\Techsense\\custom_views\" directory does not exist. in D:\\Project\\Techsense\\vendor\\symfony\\finder\\Finder.php:649
Stack trace:
#0 D:\\Project\\Techsense\\vendor\\laravel\\framework\\src\\Illuminate\\Filesystem\\Filesystem.php(569): Symfony\\Component\\Finder\\Finder->in('D:\\\\Project\\\\Tech...')
#1 Command line code(1): Illuminate\\Filesystem\\Filesystem->files('D:\\\\Project\\\\Tech...')
#2 Command line code(1): getViews('D:\\\\Project\\\\Tech...', Object(Illuminate\\Filesystem\\Filesystem))
#3 {main}
  thrown at D:\\Project\\Techsense\\vendor\\symfony\\finder\\Finder.php:649)
[stacktrace]
#0 D:\\Project\\Techsense\\vendor\\laravel\\framework\\src\\Illuminate\\Foundation\\Bootstrap\\HandleExceptions.php(259): Symfony\\Component\\ErrorHandler\\Error\\FatalError->__construct(message: ''Uncaught Symfo...', code: '0', error: '['type' => 1, '...', traceOffset: '0', traceArgs: '???', trace: '???')
#1 D:\\Project\\Techsense\\vendor\\laravel\\framework\\src\\Illuminate\\Foundation\\Bootstrap\\HandleExceptions.php(246): Illuminate\\Foundation\\Bootstrap\\HandleExceptions->fatalErrorFromPhpError(error: '['type' => 1, '...', traceOffset: '0')
#2 D:\\Project\\Techsense\\vendor\\laravel\\framework\\src\\Illuminate\\Foundation\\Bootstrap\\HandleExceptions.php(270): Illuminate\\Foundation\\Bootstrap\\HandleExceptions->handleShutdown()
#3 D:\\Project\\Techsense\\vendor\\laravel\\framework\\src\\Illuminate\\Foundation\\Bootstrap\\HandleExceptions.php(0): Illuminate\\Foundation\\Bootstrap\\HandleExceptions->Illuminate\\Foundation\\Bootstrap\\{closure:D:\\Project\\Techsense\\vendor\\laravel\\framework\\src\\Illuminate\\Foundation\\Bootstrap\\HandleExceptions.php:269-271}()
#4 {main}
"} 
[2025-09-21 12:38:41] live.ERROR: Uncaught Symfony\Component\Finder\Exception\DirectoryNotFoundException: The "D:\Project\Techsense\custom_views" directory does not exist. in D:\Project\Techsense\vendor\symfony\finder\Finder.php:649
Stack trace:
#0 D:\Project\Techsense\vendor\laravel\framework\src\Illuminate\Filesystem\Filesystem.php(569): Symfony\Component\Finder\Finder->in('D:\\Project\\Tech...')
#1 Command line code(1): Illuminate\Filesystem\Filesystem->files('D:\\Project\\Tech...')
#2 Command line code(1): getViews('D:\\Project\\Tech...', Object(Illuminate\Filesystem\Filesystem))
#3 {main}
  thrown {"exception":"[object] (Symfony\\Component\\ErrorHandler\\Error\\FatalError(code: 0): Uncaught Symfony\\Component\\Finder\\Exception\\DirectoryNotFoundException: The \"D:\\Project\\Techsense\\custom_views\" directory does not exist. in D:\\Project\\Techsense\\vendor\\symfony\\finder\\Finder.php:649
Stack trace:
#0 D:\\Project\\Techsense\\vendor\\laravel\\framework\\src\\Illuminate\\Filesystem\\Filesystem.php(569): Symfony\\Component\\Finder\\Finder->in('D:\\\\Project\\\\Tech...')
#1 Command line code(1): Illuminate\\Filesystem\\Filesystem->files('D:\\\\Project\\\\Tech...')
#2 Command line code(1): getViews('D:\\\\Project\\\\Tech...', Object(Illuminate\\Filesystem\\Filesystem))
#3 {main}
  thrown at D:\\Project\\Techsense\\vendor\\symfony\\finder\\Finder.php:649)
[stacktrace]
#0 D:\\Project\\Techsense\\vendor\\laravel\\framework\\src\\Illuminate\\Foundation\\Bootstrap\\HandleExceptions.php(259): Symfony\\Component\\ErrorHandler\\Error\\FatalError->__construct(message: ''Uncaught Symfo...', code: '0', error: '['type' => 1, '...', traceOffset: '0', traceArgs: '???', trace: '???')
#1 D:\\Project\\Techsense\\vendor\\laravel\\framework\\src\\Illuminate\\Foundation\\Bootstrap\\HandleExceptions.php(246): Illuminate\\Foundation\\Bootstrap\\HandleExceptions->fatalErrorFromPhpError(error: '['type' => 1, '...', traceOffset: '0')
#2 D:\\Project\\Techsense\\vendor\\laravel\\framework\\src\\Illuminate\\Foundation\\Bootstrap\\HandleExceptions.php(270): Illuminate\\Foundation\\Bootstrap\\HandleExceptions->handleShutdown()
#3 D:\\Project\\Techsense\\vendor\\laravel\\framework\\src\\Illuminate\\Foundation\\Bootstrap\\HandleExceptions.php(0): Illuminate\\Foundation\\Bootstrap\\HandleExceptions->Illuminate\\Foundation\\Bootstrap\\{closure:D:\\Project\\Techsense\\vendor\\laravel\\framework\\src\\Illuminate\\Foundation\\Bootstrap\\HandleExceptions.php:269-271}()
#4 {main}
"} 
[2025-09-21 12:38:42] live.ERROR: Uncaught Symfony\Component\Finder\Exception\DirectoryNotFoundException: The "D:\Project\Techsense\custom_views" directory does not exist. in D:\Project\Techsense\vendor\symfony\finder\Finder.php:649
Stack trace:
#0 D:\Project\Techsense\vendor\laravel\framework\src\Illuminate\Filesystem\Filesystem.php(569): Symfony\Component\Finder\Finder->in('D:\\Project\\Tech...')
#1 Command line code(1): Illuminate\Filesystem\Filesystem->files('D:\\Project\\Tech...')
#2 Command line code(1): getViews('D:\\Project\\Tech...', Object(Illuminate\Filesystem\Filesystem))
#3 {main}
  thrown {"exception":"[object] (Symfony\\Component\\ErrorHandler\\Error\\FatalError(code: 0): Uncaught Symfony\\Component\\Finder\\Exception\\DirectoryNotFoundException: The \"D:\\Project\\Techsense\\custom_views\" directory does not exist. in D:\\Project\\Techsense\\vendor\\symfony\\finder\\Finder.php:649
Stack trace:
#0 D:\\Project\\Techsense\\vendor\\laravel\\framework\\src\\Illuminate\\Filesystem\\Filesystem.php(569): Symfony\\Component\\Finder\\Finder->in('D:\\\\Project\\\\Tech...')
#1 Command line code(1): Illuminate\\Filesystem\\Filesystem->files('D:\\\\Project\\\\Tech...')
#2 Command line code(1): getViews('D:\\\\Project\\\\Tech...', Object(Illuminate\\Filesystem\\Filesystem))
#3 {main}
  thrown at D:\\Project\\Techsense\\vendor\\symfony\\finder\\Finder.php:649)
[stacktrace]
#0 D:\\Project\\Techsense\\vendor\\laravel\\framework\\src\\Illuminate\\Foundation\\Bootstrap\\HandleExceptions.php(259): Symfony\\Component\\ErrorHandler\\Error\\FatalError->__construct(message: ''Uncaught Symfo...', code: '0', error: '['type' => 1, '...', traceOffset: '0', traceArgs: '???', trace: '???')
#1 D:\\Project\\Techsense\\vendor\\laravel\\framework\\src\\Illuminate\\Foundation\\Bootstrap\\HandleExceptions.php(246): Illuminate\\Foundation\\Bootstrap\\HandleExceptions->fatalErrorFromPhpError(error: '['type' => 1, '...', traceOffset: '0')
#2 D:\\Project\\Techsense\\vendor\\laravel\\framework\\src\\Illuminate\\Foundation\\Bootstrap\\HandleExceptions.php(270): Illuminate\\Foundation\\Bootstrap\\HandleExceptions->handleShutdown()
#3 D:\\Project\\Techsense\\vendor\\laravel\\framework\\src\\Illuminate\\Foundation\\Bootstrap\\HandleExceptions.php(0): Illuminate\\Foundation\\Bootstrap\\HandleExceptions->Illuminate\\Foundation\\Bootstrap\\{closure:D:\\Project\\Techsense\\vendor\\laravel\\framework\\src\\Illuminate\\Foundation\\Bootstrap\\HandleExceptions.php:269-271}()
#4 {main}
"} 
[2025-09-21 12:38:43] live.ERROR: Uncaught Symfony\Component\Finder\Exception\DirectoryNotFoundException: The "D:\Project\Techsense\custom_views" directory does not exist. in D:\Project\Techsense\vendor\symfony\finder\Finder.php:649
Stack trace:
#0 D:\Project\Techsense\vendor\laravel\framework\src\Illuminate\Filesystem\Filesystem.php(569): Symfony\Component\Finder\Finder->in('D:\\Project\\Tech...')
#1 Command line code(1): Illuminate\Filesystem\Filesystem->files('D:\\Project\\Tech...')
#2 Command line code(1): getViews('D:\\Project\\Tech...', Object(Illuminate\Filesystem\Filesystem))
#3 {main}
  thrown {"exception":"[object] (Symfony\\Component\\ErrorHandler\\Error\\FatalError(code: 0): Uncaught Symfony\\Component\\Finder\\Exception\\DirectoryNotFoundException: The \"D:\\Project\\Techsense\\custom_views\" directory does not exist. in D:\\Project\\Techsense\\vendor\\symfony\\finder\\Finder.php:649
Stack trace:
#0 D:\\Project\\Techsense\\vendor\\laravel\\framework\\src\\Illuminate\\Filesystem\\Filesystem.php(569): Symfony\\Component\\Finder\\Finder->in('D:\\\\Project\\\\Tech...')
#1 Command line code(1): Illuminate\\Filesystem\\Filesystem->files('D:\\\\Project\\\\Tech...')
#2 Command line code(1): getViews('D:\\\\Project\\\\Tech...', Object(Illuminate\\Filesystem\\Filesystem))
#3 {main}
  thrown at D:\\Project\\Techsense\\vendor\\symfony\\finder\\Finder.php:649)
[stacktrace]
#0 D:\\Project\\Techsense\\vendor\\laravel\\framework\\src\\Illuminate\\Foundation\\Bootstrap\\HandleExceptions.php(259): Symfony\\Component\\ErrorHandler\\Error\\FatalError->__construct(message: ''Uncaught Symfo...', code: '0', error: '['type' => 1, '...', traceOffset: '0', traceArgs: '???', trace: '???')
#1 D:\\Project\\Techsense\\vendor\\laravel\\framework\\src\\Illuminate\\Foundation\\Bootstrap\\HandleExceptions.php(246): Illuminate\\Foundation\\Bootstrap\\HandleExceptions->fatalErrorFromPhpError(error: '['type' => 1, '...', traceOffset: '0')
#2 D:\\Project\\Techsense\\vendor\\laravel\\framework\\src\\Illuminate\\Foundation\\Bootstrap\\HandleExceptions.php(270): Illuminate\\Foundation\\Bootstrap\\HandleExceptions->handleShutdown()
#3 D:\\Project\\Techsense\\vendor\\laravel\\framework\\src\\Illuminate\\Foundation\\Bootstrap\\HandleExceptions.php(0): Illuminate\\Foundation\\Bootstrap\\HandleExceptions->Illuminate\\Foundation\\Bootstrap\\{closure:D:\\Project\\Techsense\\vendor\\laravel\\framework\\src\\Illuminate\\Foundation\\Bootstrap\\HandleExceptions.php:269-271}()
#4 {main}
"} 
[2025-09-21 12:38:45] live.ERROR: Uncaught Symfony\Component\Finder\Exception\DirectoryNotFoundException: The "D:\Project\Techsense\custom_views" directory does not exist. in D:\Project\Techsense\vendor\symfony\finder\Finder.php:649
Stack trace:
#0 D:\Project\Techsense\vendor\laravel\framework\src\Illuminate\Filesystem\Filesystem.php(569): Symfony\Component\Finder\Finder->in('D:\\Project\\Tech...')
#1 Command line code(1): Illuminate\Filesystem\Filesystem->files('D:\\Project\\Tech...')
#2 Command line code(1): getViews('D:\\Project\\Tech...', Object(Illuminate\Filesystem\Filesystem))
#3 {main}
  thrown {"exception":"[object] (Symfony\\Component\\ErrorHandler\\Error\\FatalError(code: 0): Uncaught Symfony\\Component\\Finder\\Exception\\DirectoryNotFoundException: The \"D:\\Project\\Techsense\\custom_views\" directory does not exist. in D:\\Project\\Techsense\\vendor\\symfony\\finder\\Finder.php:649
Stack trace:
#0 D:\\Project\\Techsense\\vendor\\laravel\\framework\\src\\Illuminate\\Filesystem\\Filesystem.php(569): Symfony\\Component\\Finder\\Finder->in('D:\\\\Project\\\\Tech...')
#1 Command line code(1): Illuminate\\Filesystem\\Filesystem->files('D:\\\\Project\\\\Tech...')
#2 Command line code(1): getViews('D:\\\\Project\\\\Tech...', Object(Illuminate\\Filesystem\\Filesystem))
#3 {main}
  thrown at D:\\Project\\Techsense\\vendor\\symfony\\finder\\Finder.php:649)
[stacktrace]
#0 D:\\Project\\Techsense\\vendor\\laravel\\framework\\src\\Illuminate\\Foundation\\Bootstrap\\HandleExceptions.php(259): Symfony\\Component\\ErrorHandler\\Error\\FatalError->__construct(message: ''Uncaught Symfo...', code: '0', error: '['type' => 1, '...', traceOffset: '0', traceArgs: '???', trace: '???')
#1 D:\\Project\\Techsense\\vendor\\laravel\\framework\\src\\Illuminate\\Foundation\\Bootstrap\\HandleExceptions.php(246): Illuminate\\Foundation\\Bootstrap\\HandleExceptions->fatalErrorFromPhpError(error: '['type' => 1, '...', traceOffset: '0')
#2 D:\\Project\\Techsense\\vendor\\laravel\\framework\\src\\Illuminate\\Foundation\\Bootstrap\\HandleExceptions.php(270): Illuminate\\Foundation\\Bootstrap\\HandleExceptions->handleShutdown()
#3 D:\\Project\\Techsense\\vendor\\laravel\\framework\\src\\Illuminate\\Foundation\\Bootstrap\\HandleExceptions.php(0): Illuminate\\Foundation\\Bootstrap\\HandleExceptions->Illuminate\\Foundation\\Bootstrap\\{closure:D:\\Project\\Techsense\\vendor\\laravel\\framework\\src\\Illuminate\\Foundation\\Bootstrap\\HandleExceptions.php:269-271}()
#4 {main}
"} 
[2025-09-21 12:38:46] live.ERROR: Uncaught Symfony\Component\Finder\Exception\DirectoryNotFoundException: The "D:\Project\Techsense\custom_views" directory does not exist. in D:\Project\Techsense\vendor\symfony\finder\Finder.php:649
Stack trace:
#0 D:\Project\Techsense\vendor\laravel\framework\src\Illuminate\Filesystem\Filesystem.php(569): Symfony\Component\Finder\Finder->in('D:\\Project\\Tech...')
#1 Command line code(1): Illuminate\Filesystem\Filesystem->files('D:\\Project\\Tech...')
#2 Command line code(1): getViews('D:\\Project\\Tech...', Object(Illuminate\Filesystem\Filesystem))
#3 {main}
  thrown {"exception":"[object] (Symfony\\Component\\ErrorHandler\\Error\\FatalError(code: 0): Uncaught Symfony\\Component\\Finder\\Exception\\DirectoryNotFoundException: The \"D:\\Project\\Techsense\\custom_views\" directory does not exist. in D:\\Project\\Techsense\\vendor\\symfony\\finder\\Finder.php:649
Stack trace:
#0 D:\\Project\\Techsense\\vendor\\laravel\\framework\\src\\Illuminate\\Filesystem\\Filesystem.php(569): Symfony\\Component\\Finder\\Finder->in('D:\\\\Project\\\\Tech...')
#1 Command line code(1): Illuminate\\Filesystem\\Filesystem->files('D:\\\\Project\\\\Tech...')
#2 Command line code(1): getViews('D:\\\\Project\\\\Tech...', Object(Illuminate\\Filesystem\\Filesystem))
#3 {main}
  thrown at D:\\Project\\Techsense\\vendor\\symfony\\finder\\Finder.php:649)
[stacktrace]
#0 D:\\Project\\Techsense\\vendor\\laravel\\framework\\src\\Illuminate\\Foundation\\Bootstrap\\HandleExceptions.php(259): Symfony\\Component\\ErrorHandler\\Error\\FatalError->__construct(message: ''Uncaught Symfo...', code: '0', error: '['type' => 1, '...', traceOffset: '0', traceArgs: '???', trace: '???')
#1 D:\\Project\\Techsense\\vendor\\laravel\\framework\\src\\Illuminate\\Foundation\\Bootstrap\\HandleExceptions.php(246): Illuminate\\Foundation\\Bootstrap\\HandleExceptions->fatalErrorFromPhpError(error: '['type' => 1, '...', traceOffset: '0')
#2 D:\\Project\\Techsense\\vendor\\laravel\\framework\\src\\Illuminate\\Foundation\\Bootstrap\\HandleExceptions.php(270): Illuminate\\Foundation\\Bootstrap\\HandleExceptions->handleShutdown()
#3 D:\\Project\\Techsense\\vendor\\laravel\\framework\\src\\Illuminate\\Foundation\\Bootstrap\\HandleExceptions.php(0): Illuminate\\Foundation\\Bootstrap\\HandleExceptions->Illuminate\\Foundation\\Bootstrap\\{closure:D:\\Project\\Techsense\\vendor\\laravel\\framework\\src\\Illuminate\\Foundation\\Bootstrap\\HandleExceptions.php:269-271}()
#4 {main}
"} 
[2025-09-21 12:38:48] live.ERROR: Uncaught Symfony\Component\Finder\Exception\DirectoryNotFoundException: The "D:\Project\Techsense\custom_views" directory does not exist. in D:\Project\Techsense\vendor\symfony\finder\Finder.php:649
Stack trace:
#0 D:\Project\Techsense\vendor\laravel\framework\src\Illuminate\Filesystem\Filesystem.php(569): Symfony\Component\Finder\Finder->in('D:\\Project\\Tech...')
#1 Command line code(1): Illuminate\Filesystem\Filesystem->files('D:\\Project\\Tech...')
#2 Command line code(1): getViews('D:\\Project\\Tech...', Object(Illuminate\Filesystem\Filesystem))
#3 {main}
  thrown {"exception":"[object] (Symfony\\Component\\ErrorHandler\\Error\\FatalError(code: 0): Uncaught Symfony\\Component\\Finder\\Exception\\DirectoryNotFoundException: The \"D:\\Project\\Techsense\\custom_views\" directory does not exist. in D:\\Project\\Techsense\\vendor\\symfony\\finder\\Finder.php:649
Stack trace:
#0 D:\\Project\\Techsense\\vendor\\laravel\\framework\\src\\Illuminate\\Filesystem\\Filesystem.php(569): Symfony\\Component\\Finder\\Finder->in('D:\\\\Project\\\\Tech...')
#1 Command line code(1): Illuminate\\Filesystem\\Filesystem->files('D:\\\\Project\\\\Tech...')
#2 Command line code(1): getViews('D:\\\\Project\\\\Tech...', Object(Illuminate\\Filesystem\\Filesystem))
#3 {main}
  thrown at D:\\Project\\Techsense\\vendor\\symfony\\finder\\Finder.php:649)
[stacktrace]
#0 D:\\Project\\Techsense\\vendor\\laravel\\framework\\src\\Illuminate\\Foundation\\Bootstrap\\HandleExceptions.php(259): Symfony\\Component\\ErrorHandler\\Error\\FatalError->__construct(message: ''Uncaught Symfo...', code: '0', error: '['type' => 1, '...', traceOffset: '0', traceArgs: '???', trace: '???')
#1 D:\\Project\\Techsense\\vendor\\laravel\\framework\\src\\Illuminate\\Foundation\\Bootstrap\\HandleExceptions.php(246): Illuminate\\Foundation\\Bootstrap\\HandleExceptions->fatalErrorFromPhpError(error: '['type' => 1, '...', traceOffset: '0')
#2 D:\\Project\\Techsense\\vendor\\laravel\\framework\\src\\Illuminate\\Foundation\\Bootstrap\\HandleExceptions.php(270): Illuminate\\Foundation\\Bootstrap\\HandleExceptions->handleShutdown()
#3 D:\\Project\\Techsense\\vendor\\laravel\\framework\\src\\Illuminate\\Foundation\\Bootstrap\\HandleExceptions.php(0): Illuminate\\Foundation\\Bootstrap\\HandleExceptions->Illuminate\\Foundation\\Bootstrap\\{closure:D:\\Project\\Techsense\\vendor\\laravel\\framework\\src\\Illuminate\\Foundation\\Bootstrap\\HandleExceptions.php:269-271}()
#4 {main}
"} 
[2025-09-21 12:38:50] live.ERROR: Uncaught Symfony\Component\Finder\Exception\DirectoryNotFoundException: The "D:\Project\Techsense\custom_views" directory does not exist. in D:\Project\Techsense\vendor\symfony\finder\Finder.php:649
Stack trace:
#0 D:\Project\Techsense\vendor\laravel\framework\src\Illuminate\Filesystem\Filesystem.php(569): Symfony\Component\Finder\Finder->in('D:\\Project\\Tech...')
#1 Command line code(1): Illuminate\Filesystem\Filesystem->files('D:\\Project\\Tech...')
#2 Command line code(1): getViews('D:\\Project\\Tech...', Object(Illuminate\Filesystem\Filesystem))
#3 {main}
  thrown {"exception":"[object] (Symfony\\Component\\ErrorHandler\\Error\\FatalError(code: 0): Uncaught Symfony\\Component\\Finder\\Exception\\DirectoryNotFoundException: The \"D:\\Project\\Techsense\\custom_views\" directory does not exist. in D:\\Project\\Techsense\\vendor\\symfony\\finder\\Finder.php:649
Stack trace:
#0 D:\\Project\\Techsense\\vendor\\laravel\\framework\\src\\Illuminate\\Filesystem\\Filesystem.php(569): Symfony\\Component\\Finder\\Finder->in('D:\\\\Project\\\\Tech...')
#1 Command line code(1): Illuminate\\Filesystem\\Filesystem->files('D:\\\\Project\\\\Tech...')
#2 Command line code(1): getViews('D:\\\\Project\\\\Tech...', Object(Illuminate\\Filesystem\\Filesystem))
#3 {main}
  thrown at D:\\Project\\Techsense\\vendor\\symfony\\finder\\Finder.php:649)
[stacktrace]
#0 D:\\Project\\Techsense\\vendor\\laravel\\framework\\src\\Illuminate\\Foundation\\Bootstrap\\HandleExceptions.php(259): Symfony\\Component\\ErrorHandler\\Error\\FatalError->__construct(message: ''Uncaught Symfo...', code: '0', error: '['type' => 1, '...', traceOffset: '0', traceArgs: '???', trace: '???')
#1 D:\\Project\\Techsense\\vendor\\laravel\\framework\\src\\Illuminate\\Foundation\\Bootstrap\\HandleExceptions.php(246): Illuminate\\Foundation\\Bootstrap\\HandleExceptions->fatalErrorFromPhpError(error: '['type' => 1, '...', traceOffset: '0')
#2 D:\\Project\\Techsense\\vendor\\laravel\\framework\\src\\Illuminate\\Foundation\\Bootstrap\\HandleExceptions.php(270): Illuminate\\Foundation\\Bootstrap\\HandleExceptions->handleShutdown()
#3 D:\\Project\\Techsense\\vendor\\laravel\\framework\\src\\Illuminate\\Foundation\\Bootstrap\\HandleExceptions.php(0): Illuminate\\Foundation\\Bootstrap\\HandleExceptions->Illuminate\\Foundation\\Bootstrap\\{closure:D:\\Project\\Techsense\\vendor\\laravel\\framework\\src\\Illuminate\\Foundation\\Bootstrap\\HandleExceptions.php:269-271}()
#4 {main}
"} 
[2025-09-21 12:38:50] live.ERROR: Uncaught ReflectionException: Class "App\Policies\ModelPolicy" does not exist in Command line code:1
Stack trace:
#0 Command line code(1): ReflectionClass->__construct('App\\Policies\\Mo...')
#1 [internal function]: {closure}('App\\Policies\\Mo...', 'App\\Model')
#2 Command line code(1): array_map(Object(Closure), Array, Array)
#3 {main}
  thrown {"exception":"[object] (Symfony\\Component\\ErrorHandler\\Error\\FatalError(code: 0): Uncaught ReflectionException: Class \"App\\Policies\\ModelPolicy\" does not exist in Command line code:1
Stack trace:
#0 Command line code(1): ReflectionClass->__construct('App\\\\Policies\\\\Mo...')
#1 [internal function]: {closure}('App\\\\Policies\\\\Mo...', 'App\\\\Model')
#2 Command line code(1): array_map(Object(Closure), Array, Array)
#3 {main}
  thrown at Command line code:1)
[stacktrace]
#0 D:\\Project\\Techsense\\vendor\\laravel\\framework\\src\\Illuminate\\Foundation\\Bootstrap\\HandleExceptions.php(259): Symfony\\Component\\ErrorHandler\\Error\\FatalError->__construct(message: ''Uncaught Refle...', code: '0', error: '['type' => 1, '...', traceOffset: '0', traceArgs: '???', trace: '???')
#1 D:\\Project\\Techsense\\vendor\\laravel\\framework\\src\\Illuminate\\Foundation\\Bootstrap\\HandleExceptions.php(246): Illuminate\\Foundation\\Bootstrap\\HandleExceptions->fatalErrorFromPhpError(error: '['type' => 1, '...', traceOffset: '0')
#2 D:\\Project\\Techsense\\vendor\\laravel\\framework\\src\\Illuminate\\Foundation\\Bootstrap\\HandleExceptions.php(270): Illuminate\\Foundation\\Bootstrap\\HandleExceptions->handleShutdown()
#3 D:\\Project\\Techsense\\vendor\\laravel\\framework\\src\\Illuminate\\Foundation\\Bootstrap\\HandleExceptions.php(0): Illuminate\\Foundation\\Bootstrap\\HandleExceptions->Illuminate\\Foundation\\Bootstrap\\{closure:D:\\Project\\Techsense\\vendor\\laravel\\framework\\src\\Illuminate\\Foundation\\Bootstrap\\HandleExceptions.php:269-271}()
#4 {main}
"} 
[2025-09-21 12:38:51] live.ERROR: Uncaught Symfony\Component\Finder\Exception\DirectoryNotFoundException: The "D:\Project\Techsense\custom_views" directory does not exist. in D:\Project\Techsense\vendor\symfony\finder\Finder.php:649
Stack trace:
#0 D:\Project\Techsense\vendor\laravel\framework\src\Illuminate\Filesystem\Filesystem.php(569): Symfony\Component\Finder\Finder->in('D:\\Project\\Tech...')
#1 Command line code(1): Illuminate\Filesystem\Filesystem->files('D:\\Project\\Tech...')
#2 Command line code(1): getViews('D:\\Project\\Tech...', Object(Illuminate\Filesystem\Filesystem))
#3 {main}
  thrown {"exception":"[object] (Symfony\\Component\\ErrorHandler\\Error\\FatalError(code: 0): Uncaught Symfony\\Component\\Finder\\Exception\\DirectoryNotFoundException: The \"D:\\Project\\Techsense\\custom_views\" directory does not exist. in D:\\Project\\Techsense\\vendor\\symfony\\finder\\Finder.php:649
Stack trace:
#0 D:\\Project\\Techsense\\vendor\\laravel\\framework\\src\\Illuminate\\Filesystem\\Filesystem.php(569): Symfony\\Component\\Finder\\Finder->in('D:\\\\Project\\\\Tech...')
#1 Command line code(1): Illuminate\\Filesystem\\Filesystem->files('D:\\\\Project\\\\Tech...')
#2 Command line code(1): getViews('D:\\\\Project\\\\Tech...', Object(Illuminate\\Filesystem\\Filesystem))
#3 {main}
  thrown at D:\\Project\\Techsense\\vendor\\symfony\\finder\\Finder.php:649)
[stacktrace]
#0 D:\\Project\\Techsense\\vendor\\laravel\\framework\\src\\Illuminate\\Foundation\\Bootstrap\\HandleExceptions.php(259): Symfony\\Component\\ErrorHandler\\Error\\FatalError->__construct(message: ''Uncaught Symfo...', code: '0', error: '['type' => 1, '...', traceOffset: '0', traceArgs: '???', trace: '???')
#1 D:\\Project\\Techsense\\vendor\\laravel\\framework\\src\\Illuminate\\Foundation\\Bootstrap\\HandleExceptions.php(246): Illuminate\\Foundation\\Bootstrap\\HandleExceptions->fatalErrorFromPhpError(error: '['type' => 1, '...', traceOffset: '0')
#2 D:\\Project\\Techsense\\vendor\\laravel\\framework\\src\\Illuminate\\Foundation\\Bootstrap\\HandleExceptions.php(270): Illuminate\\Foundation\\Bootstrap\\HandleExceptions->handleShutdown()
#3 D:\\Project\\Techsense\\vendor\\laravel\\framework\\src\\Illuminate\\Foundation\\Bootstrap\\HandleExceptions.php(0): Illuminate\\Foundation\\Bootstrap\\HandleExceptions->Illuminate\\Foundation\\Bootstrap\\{closure:D:\\Project\\Techsense\\vendor\\laravel\\framework\\src\\Illuminate\\Foundation\\Bootstrap\\HandleExceptions.php:269-271}()
#4 {main}
"} 
[2025-09-21 12:38:53] live.ERROR: Uncaught Symfony\Component\Finder\Exception\DirectoryNotFoundException: The "D:\Project\Techsense\custom_views" directory does not exist. in D:\Project\Techsense\vendor\symfony\finder\Finder.php:649
Stack trace:
#0 D:\Project\Techsense\vendor\laravel\framework\src\Illuminate\Filesystem\Filesystem.php(569): Symfony\Component\Finder\Finder->in('D:\\Project\\Tech...')
#1 Command line code(1): Illuminate\Filesystem\Filesystem->files('D:\\Project\\Tech...')
#2 Command line code(1): getViews('D:\\Project\\Tech...', Object(Illuminate\Filesystem\Filesystem))
#3 {main}
  thrown {"exception":"[object] (Symfony\\Component\\ErrorHandler\\Error\\FatalError(code: 0): Uncaught Symfony\\Component\\Finder\\Exception\\DirectoryNotFoundException: The \"D:\\Project\\Techsense\\custom_views\" directory does not exist. in D:\\Project\\Techsense\\vendor\\symfony\\finder\\Finder.php:649
Stack trace:
#0 D:\\Project\\Techsense\\vendor\\laravel\\framework\\src\\Illuminate\\Filesystem\\Filesystem.php(569): Symfony\\Component\\Finder\\Finder->in('D:\\\\Project\\\\Tech...')
#1 Command line code(1): Illuminate\\Filesystem\\Filesystem->files('D:\\\\Project\\\\Tech...')
#2 Command line code(1): getViews('D:\\\\Project\\\\Tech...', Object(Illuminate\\Filesystem\\Filesystem))
#3 {main}
  thrown at D:\\Project\\Techsense\\vendor\\symfony\\finder\\Finder.php:649)
[stacktrace]
#0 D:\\Project\\Techsense\\vendor\\laravel\\framework\\src\\Illuminate\\Foundation\\Bootstrap\\HandleExceptions.php(259): Symfony\\Component\\ErrorHandler\\Error\\FatalError->__construct(message: ''Uncaught Symfo...', code: '0', error: '['type' => 1, '...', traceOffset: '0', traceArgs: '???', trace: '???')
#1 D:\\Project\\Techsense\\vendor\\laravel\\framework\\src\\Illuminate\\Foundation\\Bootstrap\\HandleExceptions.php(246): Illuminate\\Foundation\\Bootstrap\\HandleExceptions->fatalErrorFromPhpError(error: '['type' => 1, '...', traceOffset: '0')
#2 D:\\Project\\Techsense\\vendor\\laravel\\framework\\src\\Illuminate\\Foundation\\Bootstrap\\HandleExceptions.php(270): Illuminate\\Foundation\\Bootstrap\\HandleExceptions->handleShutdown()
#3 D:\\Project\\Techsense\\vendor\\laravel\\framework\\src\\Illuminate\\Foundation\\Bootstrap\\HandleExceptions.php(0): Illuminate\\Foundation\\Bootstrap\\HandleExceptions->Illuminate\\Foundation\\Bootstrap\\{closure:D:\\Project\\Techsense\\vendor\\laravel\\framework\\src\\Illuminate\\Foundation\\Bootstrap\\HandleExceptions.php:269-271}()
#4 {main}
"} 
[2025-09-21 12:38:55] live.ERROR: Uncaught Symfony\Component\Finder\Exception\DirectoryNotFoundException: The "D:\Project\Techsense\custom_views" directory does not exist. in D:\Project\Techsense\vendor\symfony\finder\Finder.php:649
Stack trace:
#0 D:\Project\Techsense\vendor\laravel\framework\src\Illuminate\Filesystem\Filesystem.php(569): Symfony\Component\Finder\Finder->in('D:\\Project\\Tech...')
#1 Command line code(1): Illuminate\Filesystem\Filesystem->files('D:\\Project\\Tech...')
#2 Command line code(1): getViews('D:\\Project\\Tech...', Object(Illuminate\Filesystem\Filesystem))
#3 {main}
  thrown {"exception":"[object] (Symfony\\Component\\ErrorHandler\\Error\\FatalError(code: 0): Uncaught Symfony\\Component\\Finder\\Exception\\DirectoryNotFoundException: The \"D:\\Project\\Techsense\\custom_views\" directory does not exist. in D:\\Project\\Techsense\\vendor\\symfony\\finder\\Finder.php:649
Stack trace:
#0 D:\\Project\\Techsense\\vendor\\laravel\\framework\\src\\Illuminate\\Filesystem\\Filesystem.php(569): Symfony\\Component\\Finder\\Finder->in('D:\\\\Project\\\\Tech...')
#1 Command line code(1): Illuminate\\Filesystem\\Filesystem->files('D:\\\\Project\\\\Tech...')
#2 Command line code(1): getViews('D:\\\\Project\\\\Tech...', Object(Illuminate\\Filesystem\\Filesystem))
#3 {main}
  thrown at D:\\Project\\Techsense\\vendor\\symfony\\finder\\Finder.php:649)
[stacktrace]
#0 D:\\Project\\Techsense\\vendor\\laravel\\framework\\src\\Illuminate\\Foundation\\Bootstrap\\HandleExceptions.php(259): Symfony\\Component\\ErrorHandler\\Error\\FatalError->__construct(message: ''Uncaught Symfo...', code: '0', error: '['type' => 1, '...', traceOffset: '0', traceArgs: '???', trace: '???')
#1 D:\\Project\\Techsense\\vendor\\laravel\\framework\\src\\Illuminate\\Foundation\\Bootstrap\\HandleExceptions.php(246): Illuminate\\Foundation\\Bootstrap\\HandleExceptions->fatalErrorFromPhpError(error: '['type' => 1, '...', traceOffset: '0')
#2 D:\\Project\\Techsense\\vendor\\laravel\\framework\\src\\Illuminate\\Foundation\\Bootstrap\\HandleExceptions.php(270): Illuminate\\Foundation\\Bootstrap\\HandleExceptions->handleShutdown()
#3 D:\\Project\\Techsense\\vendor\\laravel\\framework\\src\\Illuminate\\Foundation\\Bootstrap\\HandleExceptions.php(0): Illuminate\\Foundation\\Bootstrap\\HandleExceptions->Illuminate\\Foundation\\Bootstrap\\{closure:D:\\Project\\Techsense\\vendor\\laravel\\framework\\src\\Illuminate\\Foundation\\Bootstrap\\HandleExceptions.php:269-271}()
#4 {main}
"} 
[2025-09-21 12:38:56] live.ERROR: Uncaught Symfony\Component\Finder\Exception\DirectoryNotFoundException: The "D:\Project\Techsense\custom_views" directory does not exist. in D:\Project\Techsense\vendor\symfony\finder\Finder.php:649
Stack trace:
#0 D:\Project\Techsense\vendor\laravel\framework\src\Illuminate\Filesystem\Filesystem.php(569): Symfony\Component\Finder\Finder->in('D:\\Project\\Tech...')
#1 Command line code(1): Illuminate\Filesystem\Filesystem->files('D:\\Project\\Tech...')
#2 Command line code(1): getViews('D:\\Project\\Tech...', Object(Illuminate\Filesystem\Filesystem))
#3 {main}
  thrown {"exception":"[object] (Symfony\\Component\\ErrorHandler\\Error\\FatalError(code: 0): Uncaught Symfony\\Component\\Finder\\Exception\\DirectoryNotFoundException: The \"D:\\Project\\Techsense\\custom_views\" directory does not exist. in D:\\Project\\Techsense\\vendor\\symfony\\finder\\Finder.php:649
Stack trace:
#0 D:\\Project\\Techsense\\vendor\\laravel\\framework\\src\\Illuminate\\Filesystem\\Filesystem.php(569): Symfony\\Component\\Finder\\Finder->in('D:\\\\Project\\\\Tech...')
#1 Command line code(1): Illuminate\\Filesystem\\Filesystem->files('D:\\\\Project\\\\Tech...')
#2 Command line code(1): getViews('D:\\\\Project\\\\Tech...', Object(Illuminate\\Filesystem\\Filesystem))
#3 {main}
  thrown at D:\\Project\\Techsense\\vendor\\symfony\\finder\\Finder.php:649)
[stacktrace]
#0 D:\\Project\\Techsense\\vendor\\laravel\\framework\\src\\Illuminate\\Foundation\\Bootstrap\\HandleExceptions.php(259): Symfony\\Component\\ErrorHandler\\Error\\FatalError->__construct(message: ''Uncaught Symfo...', code: '0', error: '['type' => 1, '...', traceOffset: '0', traceArgs: '???', trace: '???')
#1 D:\\Project\\Techsense\\vendor\\laravel\\framework\\src\\Illuminate\\Foundation\\Bootstrap\\HandleExceptions.php(246): Illuminate\\Foundation\\Bootstrap\\HandleExceptions->fatalErrorFromPhpError(error: '['type' => 1, '...', traceOffset: '0')
#2 D:\\Project\\Techsense\\vendor\\laravel\\framework\\src\\Illuminate\\Foundation\\Bootstrap\\HandleExceptions.php(270): Illuminate\\Foundation\\Bootstrap\\HandleExceptions->handleShutdown()
#3 D:\\Project\\Techsense\\vendor\\laravel\\framework\\src\\Illuminate\\Foundation\\Bootstrap\\HandleExceptions.php(0): Illuminate\\Foundation\\Bootstrap\\HandleExceptions->Illuminate\\Foundation\\Bootstrap\\{closure:D:\\Project\\Techsense\\vendor\\laravel\\framework\\src\\Illuminate\\Foundation\\Bootstrap\\HandleExceptions.php:269-271}()
#4 {main}
"} 
[2025-09-21 12:38:58] live.ERROR: Uncaught Symfony\Component\Finder\Exception\DirectoryNotFoundException: The "D:\Project\Techsense\custom_views" directory does not exist. in D:\Project\Techsense\vendor\symfony\finder\Finder.php:649
Stack trace:
#0 D:\Project\Techsense\vendor\laravel\framework\src\Illuminate\Filesystem\Filesystem.php(569): Symfony\Component\Finder\Finder->in('D:\\Project\\Tech...')
#1 Command line code(1): Illuminate\Filesystem\Filesystem->files('D:\\Project\\Tech...')
#2 Command line code(1): getViews('D:\\Project\\Tech...', Object(Illuminate\Filesystem\Filesystem))
#3 {main}
  thrown {"exception":"[object] (Symfony\\Component\\ErrorHandler\\Error\\FatalError(code: 0): Uncaught Symfony\\Component\\Finder\\Exception\\DirectoryNotFoundException: The \"D:\\Project\\Techsense\\custom_views\" directory does not exist. in D:\\Project\\Techsense\\vendor\\symfony\\finder\\Finder.php:649
Stack trace:
#0 D:\\Project\\Techsense\\vendor\\laravel\\framework\\src\\Illuminate\\Filesystem\\Filesystem.php(569): Symfony\\Component\\Finder\\Finder->in('D:\\\\Project\\\\Tech...')
#1 Command line code(1): Illuminate\\Filesystem\\Filesystem->files('D:\\\\Project\\\\Tech...')
#2 Command line code(1): getViews('D:\\\\Project\\\\Tech...', Object(Illuminate\\Filesystem\\Filesystem))
#3 {main}
  thrown at D:\\Project\\Techsense\\vendor\\symfony\\finder\\Finder.php:649)
[stacktrace]
#0 D:\\Project\\Techsense\\vendor\\laravel\\framework\\src\\Illuminate\\Foundation\\Bootstrap\\HandleExceptions.php(259): Symfony\\Component\\ErrorHandler\\Error\\FatalError->__construct(message: ''Uncaught Symfo...', code: '0', error: '['type' => 1, '...', traceOffset: '0', traceArgs: '???', trace: '???')
#1 D:\\Project\\Techsense\\vendor\\laravel\\framework\\src\\Illuminate\\Foundation\\Bootstrap\\HandleExceptions.php(246): Illuminate\\Foundation\\Bootstrap\\HandleExceptions->fatalErrorFromPhpError(error: '['type' => 1, '...', traceOffset: '0')
#2 D:\\Project\\Techsense\\vendor\\laravel\\framework\\src\\Illuminate\\Foundation\\Bootstrap\\HandleExceptions.php(270): Illuminate\\Foundation\\Bootstrap\\HandleExceptions->handleShutdown()
#3 D:\\Project\\Techsense\\vendor\\laravel\\framework\\src\\Illuminate\\Foundation\\Bootstrap\\HandleExceptions.php(0): Illuminate\\Foundation\\Bootstrap\\HandleExceptions->Illuminate\\Foundation\\Bootstrap\\{closure:D:\\Project\\Techsense\\vendor\\laravel\\framework\\src\\Illuminate\\Foundation\\Bootstrap\\HandleExceptions.php:269-271}()
#4 {main}
"} 
[2025-09-21 12:39:00] live.ERROR: Uncaught Symfony\Component\Finder\Exception\DirectoryNotFoundException: The "D:\Project\Techsense\custom_views" directory does not exist. in D:\Project\Techsense\vendor\symfony\finder\Finder.php:649
Stack trace:
#0 D:\Project\Techsense\vendor\laravel\framework\src\Illuminate\Filesystem\Filesystem.php(569): Symfony\Component\Finder\Finder->in('D:\\Project\\Tech...')
#1 Command line code(1): Illuminate\Filesystem\Filesystem->files('D:\\Project\\Tech...')
#2 Command line code(1): getViews('D:\\Project\\Tech...', Object(Illuminate\Filesystem\Filesystem))
#3 {main}
  thrown {"exception":"[object] (Symfony\\Component\\ErrorHandler\\Error\\FatalError(code: 0): Uncaught Symfony\\Component\\Finder\\Exception\\DirectoryNotFoundException: The \"D:\\Project\\Techsense\\custom_views\" directory does not exist. in D:\\Project\\Techsense\\vendor\\symfony\\finder\\Finder.php:649
Stack trace:
#0 D:\\Project\\Techsense\\vendor\\laravel\\framework\\src\\Illuminate\\Filesystem\\Filesystem.php(569): Symfony\\Component\\Finder\\Finder->in('D:\\\\Project\\\\Tech...')
#1 Command line code(1): Illuminate\\Filesystem\\Filesystem->files('D:\\\\Project\\\\Tech...')
#2 Command line code(1): getViews('D:\\\\Project\\\\Tech...', Object(Illuminate\\Filesystem\\Filesystem))
#3 {main}
  thrown at D:\\Project\\Techsense\\vendor\\symfony\\finder\\Finder.php:649)
[stacktrace]
#0 D:\\Project\\Techsense\\vendor\\laravel\\framework\\src\\Illuminate\\Foundation\\Bootstrap\\HandleExceptions.php(259): Symfony\\Component\\ErrorHandler\\Error\\FatalError->__construct(message: ''Uncaught Symfo...', code: '0', error: '['type' => 1, '...', traceOffset: '0', traceArgs: '???', trace: '???')
#1 D:\\Project\\Techsense\\vendor\\laravel\\framework\\src\\Illuminate\\Foundation\\Bootstrap\\HandleExceptions.php(246): Illuminate\\Foundation\\Bootstrap\\HandleExceptions->fatalErrorFromPhpError(error: '['type' => 1, '...', traceOffset: '0')
#2 D:\\Project\\Techsense\\vendor\\laravel\\framework\\src\\Illuminate\\Foundation\\Bootstrap\\HandleExceptions.php(270): Illuminate\\Foundation\\Bootstrap\\HandleExceptions->handleShutdown()
#3 D:\\Project\\Techsense\\vendor\\laravel\\framework\\src\\Illuminate\\Foundation\\Bootstrap\\HandleExceptions.php(0): Illuminate\\Foundation\\Bootstrap\\HandleExceptions->Illuminate\\Foundation\\Bootstrap\\{closure:D:\\Project\\Techsense\\vendor\\laravel\\framework\\src\\Illuminate\\Foundation\\Bootstrap\\HandleExceptions.php:269-271}()
#4 {main}
"} 
[2025-09-21 12:39:01] live.ERROR: Uncaught Symfony\Component\Finder\Exception\DirectoryNotFoundException: The "D:\Project\Techsense\custom_views" directory does not exist. in D:\Project\Techsense\vendor\symfony\finder\Finder.php:649
Stack trace:
#0 D:\Project\Techsense\vendor\laravel\framework\src\Illuminate\Filesystem\Filesystem.php(569): Symfony\Component\Finder\Finder->in('D:\\Project\\Tech...')
#1 Command line code(1): Illuminate\Filesystem\Filesystem->files('D:\\Project\\Tech...')
#2 Command line code(1): getViews('D:\\Project\\Tech...', Object(Illuminate\Filesystem\Filesystem))
#3 {main}
  thrown {"exception":"[object] (Symfony\\Component\\ErrorHandler\\Error\\FatalError(code: 0): Uncaught Symfony\\Component\\Finder\\Exception\\DirectoryNotFoundException: The \"D:\\Project\\Techsense\\custom_views\" directory does not exist. in D:\\Project\\Techsense\\vendor\\symfony\\finder\\Finder.php:649
Stack trace:
#0 D:\\Project\\Techsense\\vendor\\laravel\\framework\\src\\Illuminate\\Filesystem\\Filesystem.php(569): Symfony\\Component\\Finder\\Finder->in('D:\\\\Project\\\\Tech...')
#1 Command line code(1): Illuminate\\Filesystem\\Filesystem->files('D:\\\\Project\\\\Tech...')
#2 Command line code(1): getViews('D:\\\\Project\\\\Tech...', Object(Illuminate\\Filesystem\\Filesystem))
#3 {main}
  thrown at D:\\Project\\Techsense\\vendor\\symfony\\finder\\Finder.php:649)
[stacktrace]
#0 D:\\Project\\Techsense\\vendor\\laravel\\framework\\src\\Illuminate\\Foundation\\Bootstrap\\HandleExceptions.php(259): Symfony\\Component\\ErrorHandler\\Error\\FatalError->__construct(message: ''Uncaught Symfo...', code: '0', error: '['type' => 1, '...', traceOffset: '0', traceArgs: '???', trace: '???')
#1 D:\\Project\\Techsense\\vendor\\laravel\\framework\\src\\Illuminate\\Foundation\\Bootstrap\\HandleExceptions.php(246): Illuminate\\Foundation\\Bootstrap\\HandleExceptions->fatalErrorFromPhpError(error: '['type' => 1, '...', traceOffset: '0')
#2 D:\\Project\\Techsense\\vendor\\laravel\\framework\\src\\Illuminate\\Foundation\\Bootstrap\\HandleExceptions.php(270): Illuminate\\Foundation\\Bootstrap\\HandleExceptions->handleShutdown()
#3 D:\\Project\\Techsense\\vendor\\laravel\\framework\\src\\Illuminate\\Foundation\\Bootstrap\\HandleExceptions.php(0): Illuminate\\Foundation\\Bootstrap\\HandleExceptions->Illuminate\\Foundation\\Bootstrap\\{closure:D:\\Project\\Techsense\\vendor\\laravel\\framework\\src\\Illuminate\\Foundation\\Bootstrap\\HandleExceptions.php:269-271}()
#4 {main}
"} 
[2025-09-21 12:39:04] live.ERROR: Uncaught Symfony\Component\Finder\Exception\DirectoryNotFoundException: The "D:\Project\Techsense\custom_views" directory does not exist. in D:\Project\Techsense\vendor\symfony\finder\Finder.php:649
Stack trace:
#0 D:\Project\Techsense\vendor\laravel\framework\src\Illuminate\Filesystem\Filesystem.php(569): Symfony\Component\Finder\Finder->in('D:\\Project\\Tech...')
#1 Command line code(1): Illuminate\Filesystem\Filesystem->files('D:\\Project\\Tech...')
#2 Command line code(1): getViews('D:\\Project\\Tech...', Object(Illuminate\Filesystem\Filesystem))
#3 {main}
  thrown {"exception":"[object] (Symfony\\Component\\ErrorHandler\\Error\\FatalError(code: 0): Uncaught Symfony\\Component\\Finder\\Exception\\DirectoryNotFoundException: The \"D:\\Project\\Techsense\\custom_views\" directory does not exist. in D:\\Project\\Techsense\\vendor\\symfony\\finder\\Finder.php:649
Stack trace:
#0 D:\\Project\\Techsense\\vendor\\laravel\\framework\\src\\Illuminate\\Filesystem\\Filesystem.php(569): Symfony\\Component\\Finder\\Finder->in('D:\\\\Project\\\\Tech...')
#1 Command line code(1): Illuminate\\Filesystem\\Filesystem->files('D:\\\\Project\\\\Tech...')
#2 Command line code(1): getViews('D:\\\\Project\\\\Tech...', Object(Illuminate\\Filesystem\\Filesystem))
#3 {main}
  thrown at D:\\Project\\Techsense\\vendor\\symfony\\finder\\Finder.php:649)
[stacktrace]
#0 D:\\Project\\Techsense\\vendor\\laravel\\framework\\src\\Illuminate\\Foundation\\Bootstrap\\HandleExceptions.php(259): Symfony\\Component\\ErrorHandler\\Error\\FatalError->__construct(message: ''Uncaught Symfo...', code: '0', error: '['type' => 1, '...', traceOffset: '0', traceArgs: '???', trace: '???')
#1 D:\\Project\\Techsense\\vendor\\laravel\\framework\\src\\Illuminate\\Foundation\\Bootstrap\\HandleExceptions.php(246): Illuminate\\Foundation\\Bootstrap\\HandleExceptions->fatalErrorFromPhpError(error: '['type' => 1, '...', traceOffset: '0')
#2 D:\\Project\\Techsense\\vendor\\laravel\\framework\\src\\Illuminate\\Foundation\\Bootstrap\\HandleExceptions.php(270): Illuminate\\Foundation\\Bootstrap\\HandleExceptions->handleShutdown()
#3 D:\\Project\\Techsense\\vendor\\laravel\\framework\\src\\Illuminate\\Foundation\\Bootstrap\\HandleExceptions.php(0): Illuminate\\Foundation\\Bootstrap\\HandleExceptions->Illuminate\\Foundation\\Bootstrap\\{closure:D:\\Project\\Techsense\\vendor\\laravel\\framework\\src\\Illuminate\\Foundation\\Bootstrap\\HandleExceptions.php:269-271}()
#4 {main}
"} 
[2025-09-21 12:39:06] live.ERROR: Uncaught Symfony\Component\Finder\Exception\DirectoryNotFoundException: The "D:\Project\Techsense\custom_views" directory does not exist. in D:\Project\Techsense\vendor\symfony\finder\Finder.php:649
Stack trace:
#0 D:\Project\Techsense\vendor\laravel\framework\src\Illuminate\Filesystem\Filesystem.php(569): Symfony\Component\Finder\Finder->in('D:\\Project\\Tech...')
#1 Command line code(1): Illuminate\Filesystem\Filesystem->files('D:\\Project\\Tech...')
#2 Command line code(1): getViews('D:\\Project\\Tech...', Object(Illuminate\Filesystem\Filesystem))
#3 {main}
  thrown {"exception":"[object] (Symfony\\Component\\ErrorHandler\\Error\\FatalError(code: 0): Uncaught Symfony\\Component\\Finder\\Exception\\DirectoryNotFoundException: The \"D:\\Project\\Techsense\\custom_views\" directory does not exist. in D:\\Project\\Techsense\\vendor\\symfony\\finder\\Finder.php:649
Stack trace:
#0 D:\\Project\\Techsense\\vendor\\laravel\\framework\\src\\Illuminate\\Filesystem\\Filesystem.php(569): Symfony\\Component\\Finder\\Finder->in('D:\\\\Project\\\\Tech...')
#1 Command line code(1): Illuminate\\Filesystem\\Filesystem->files('D:\\\\Project\\\\Tech...')
#2 Command line code(1): getViews('D:\\\\Project\\\\Tech...', Object(Illuminate\\Filesystem\\Filesystem))
#3 {main}
  thrown at D:\\Project\\Techsense\\vendor\\symfony\\finder\\Finder.php:649)
[stacktrace]
#0 D:\\Project\\Techsense\\vendor\\laravel\\framework\\src\\Illuminate\\Foundation\\Bootstrap\\HandleExceptions.php(259): Symfony\\Component\\ErrorHandler\\Error\\FatalError->__construct(message: ''Uncaught Symfo...', code: '0', error: '['type' => 1, '...', traceOffset: '0', traceArgs: '???', trace: '???')
#1 D:\\Project\\Techsense\\vendor\\laravel\\framework\\src\\Illuminate\\Foundation\\Bootstrap\\HandleExceptions.php(246): Illuminate\\Foundation\\Bootstrap\\HandleExceptions->fatalErrorFromPhpError(error: '['type' => 1, '...', traceOffset: '0')
#2 D:\\Project\\Techsense\\vendor\\laravel\\framework\\src\\Illuminate\\Foundation\\Bootstrap\\HandleExceptions.php(270): Illuminate\\Foundation\\Bootstrap\\HandleExceptions->handleShutdown()
#3 D:\\Project\\Techsense\\vendor\\laravel\\framework\\src\\Illuminate\\Foundation\\Bootstrap\\HandleExceptions.php(0): Illuminate\\Foundation\\Bootstrap\\HandleExceptions->Illuminate\\Foundation\\Bootstrap\\{closure:D:\\Project\\Techsense\\vendor\\laravel\\framework\\src\\Illuminate\\Foundation\\Bootstrap\\HandleExceptions.php:269-271}()
#4 {main}
"} 
[2025-09-21 12:39:07] live.ERROR: Uncaught Symfony\Component\Finder\Exception\DirectoryNotFoundException: The "D:\Project\Techsense\custom_views" directory does not exist. in D:\Project\Techsense\vendor\symfony\finder\Finder.php:649
Stack trace:
#0 D:\Project\Techsense\vendor\laravel\framework\src\Illuminate\Filesystem\Filesystem.php(569): Symfony\Component\Finder\Finder->in('D:\\Project\\Tech...')
#1 Command line code(1): Illuminate\Filesystem\Filesystem->files('D:\\Project\\Tech...')
#2 Command line code(1): getViews('D:\\Project\\Tech...', Object(Illuminate\Filesystem\Filesystem))
#3 {main}
  thrown {"exception":"[object] (Symfony\\Component\\ErrorHandler\\Error\\FatalError(code: 0): Uncaught Symfony\\Component\\Finder\\Exception\\DirectoryNotFoundException: The \"D:\\Project\\Techsense\\custom_views\" directory does not exist. in D:\\Project\\Techsense\\vendor\\symfony\\finder\\Finder.php:649
Stack trace:
#0 D:\\Project\\Techsense\\vendor\\laravel\\framework\\src\\Illuminate\\Filesystem\\Filesystem.php(569): Symfony\\Component\\Finder\\Finder->in('D:\\\\Project\\\\Tech...')
#1 Command line code(1): Illuminate\\Filesystem\\Filesystem->files('D:\\\\Project\\\\Tech...')
#2 Command line code(1): getViews('D:\\\\Project\\\\Tech...', Object(Illuminate\\Filesystem\\Filesystem))
#3 {main}
  thrown at D:\\Project\\Techsense\\vendor\\symfony\\finder\\Finder.php:649)
[stacktrace]
#0 D:\\Project\\Techsense\\vendor\\laravel\\framework\\src\\Illuminate\\Foundation\\Bootstrap\\HandleExceptions.php(259): Symfony\\Component\\ErrorHandler\\Error\\FatalError->__construct(message: ''Uncaught Symfo...', code: '0', error: '['type' => 1, '...', traceOffset: '0', traceArgs: '???', trace: '???')
#1 D:\\Project\\Techsense\\vendor\\laravel\\framework\\src\\Illuminate\\Foundation\\Bootstrap\\HandleExceptions.php(246): Illuminate\\Foundation\\Bootstrap\\HandleExceptions->fatalErrorFromPhpError(error: '['type' => 1, '...', traceOffset: '0')
#2 D:\\Project\\Techsense\\vendor\\laravel\\framework\\src\\Illuminate\\Foundation\\Bootstrap\\HandleExceptions.php(270): Illuminate\\Foundation\\Bootstrap\\HandleExceptions->handleShutdown()
#3 D:\\Project\\Techsense\\vendor\\laravel\\framework\\src\\Illuminate\\Foundation\\Bootstrap\\HandleExceptions.php(0): Illuminate\\Foundation\\Bootstrap\\HandleExceptions->Illuminate\\Foundation\\Bootstrap\\{closure:D:\\Project\\Techsense\\vendor\\laravel\\framework\\src\\Illuminate\\Foundation\\Bootstrap\\HandleExceptions.php:269-271}()
#4 {main}
"} 
[2025-09-21 12:39:08] live.ERROR: Uncaught Symfony\Component\Finder\Exception\DirectoryNotFoundException: The "D:\Project\Techsense\custom_views" directory does not exist. in D:\Project\Techsense\vendor\symfony\finder\Finder.php:649
Stack trace:
#0 D:\Project\Techsense\vendor\laravel\framework\src\Illuminate\Filesystem\Filesystem.php(569): Symfony\Component\Finder\Finder->in('D:\\Project\\Tech...')
#1 Command line code(1): Illuminate\Filesystem\Filesystem->files('D:\\Project\\Tech...')
#2 Command line code(1): getViews('D:\\Project\\Tech...', Object(Illuminate\Filesystem\Filesystem))
#3 {main}
  thrown {"exception":"[object] (Symfony\\Component\\ErrorHandler\\Error\\FatalError(code: 0): Uncaught Symfony\\Component\\Finder\\Exception\\DirectoryNotFoundException: The \"D:\\Project\\Techsense\\custom_views\" directory does not exist. in D:\\Project\\Techsense\\vendor\\symfony\\finder\\Finder.php:649
Stack trace:
#0 D:\\Project\\Techsense\\vendor\\laravel\\framework\\src\\Illuminate\\Filesystem\\Filesystem.php(569): Symfony\\Component\\Finder\\Finder->in('D:\\\\Project\\\\Tech...')
#1 Command line code(1): Illuminate\\Filesystem\\Filesystem->files('D:\\\\Project\\\\Tech...')
#2 Command line code(1): getViews('D:\\\\Project\\\\Tech...', Object(Illuminate\\Filesystem\\Filesystem))
#3 {main}
  thrown at D:\\Project\\Techsense\\vendor\\symfony\\finder\\Finder.php:649)
[stacktrace]
#0 D:\\Project\\Techsense\\vendor\\laravel\\framework\\src\\Illuminate\\Foundation\\Bootstrap\\HandleExceptions.php(259): Symfony\\Component\\ErrorHandler\\Error\\FatalError->__construct(message: ''Uncaught Symfo...', code: '0', error: '['type' => 1, '...', traceOffset: '0', traceArgs: '???', trace: '???')
#1 D:\\Project\\Techsense\\vendor\\laravel\\framework\\src\\Illuminate\\Foundation\\Bootstrap\\HandleExceptions.php(246): Illuminate\\Foundation\\Bootstrap\\HandleExceptions->fatalErrorFromPhpError(error: '['type' => 1, '...', traceOffset: '0')
#2 D:\\Project\\Techsense\\vendor\\laravel\\framework\\src\\Illuminate\\Foundation\\Bootstrap\\HandleExceptions.php(270): Illuminate\\Foundation\\Bootstrap\\HandleExceptions->handleShutdown()
#3 D:\\Project\\Techsense\\vendor\\laravel\\framework\\src\\Illuminate\\Foundation\\Bootstrap\\HandleExceptions.php(0): Illuminate\\Foundation\\Bootstrap\\HandleExceptions->Illuminate\\Foundation\\Bootstrap\\{closure:D:\\Project\\Techsense\\vendor\\laravel\\framework\\src\\Illuminate\\Foundation\\Bootstrap\\HandleExceptions.php:269-271}()
#4 {main}
"} 
[2025-09-21 12:39:10] live.ERROR: Uncaught Symfony\Component\Finder\Exception\DirectoryNotFoundException: The "D:\Project\Techsense\custom_views" directory does not exist. in D:\Project\Techsense\vendor\symfony\finder\Finder.php:649
Stack trace:
#0 D:\Project\Techsense\vendor\laravel\framework\src\Illuminate\Filesystem\Filesystem.php(569): Symfony\Component\Finder\Finder->in('D:\\Project\\Tech...')
#1 Command line code(1): Illuminate\Filesystem\Filesystem->files('D:\\Project\\Tech...')
#2 Command line code(1): getViews('D:\\Project\\Tech...', Object(Illuminate\Filesystem\Filesystem))
#3 {main}
  thrown {"exception":"[object] (Symfony\\Component\\ErrorHandler\\Error\\FatalError(code: 0): Uncaught Symfony\\Component\\Finder\\Exception\\DirectoryNotFoundException: The \"D:\\Project\\Techsense\\custom_views\" directory does not exist. in D:\\Project\\Techsense\\vendor\\symfony\\finder\\Finder.php:649
Stack trace:
#0 D:\\Project\\Techsense\\vendor\\laravel\\framework\\src\\Illuminate\\Filesystem\\Filesystem.php(569): Symfony\\Component\\Finder\\Finder->in('D:\\\\Project\\\\Tech...')
#1 Command line code(1): Illuminate\\Filesystem\\Filesystem->files('D:\\\\Project\\\\Tech...')
#2 Command line code(1): getViews('D:\\\\Project\\\\Tech...', Object(Illuminate\\Filesystem\\Filesystem))
#3 {main}
  thrown at D:\\Project\\Techsense\\vendor\\symfony\\finder\\Finder.php:649)
[stacktrace]
#0 D:\\Project\\Techsense\\vendor\\laravel\\framework\\src\\Illuminate\\Foundation\\Bootstrap\\HandleExceptions.php(259): Symfony\\Component\\ErrorHandler\\Error\\FatalError->__construct(message: ''Uncaught Symfo...', code: '0', error: '['type' => 1, '...', traceOffset: '0', traceArgs: '???', trace: '???')
#1 D:\\Project\\Techsense\\vendor\\laravel\\framework\\src\\Illuminate\\Foundation\\Bootstrap\\HandleExceptions.php(246): Illuminate\\Foundation\\Bootstrap\\HandleExceptions->fatalErrorFromPhpError(error: '['type' => 1, '...', traceOffset: '0')
#2 D:\\Project\\Techsense\\vendor\\laravel\\framework\\src\\Illuminate\\Foundation\\Bootstrap\\HandleExceptions.php(270): Illuminate\\Foundation\\Bootstrap\\HandleExceptions->handleShutdown()
#3 D:\\Project\\Techsense\\vendor\\laravel\\framework\\src\\Illuminate\\Foundation\\Bootstrap\\HandleExceptions.php(0): Illuminate\\Foundation\\Bootstrap\\HandleExceptions->Illuminate\\Foundation\\Bootstrap\\{closure:D:\\Project\\Techsense\\vendor\\laravel\\framework\\src\\Illuminate\\Foundation\\Bootstrap\\HandleExceptions.php:269-271}()
#4 {main}
"} 
[2025-09-21 12:39:12] live.ERROR: Uncaught Symfony\Component\Finder\Exception\DirectoryNotFoundException: The "D:\Project\Techsense\custom_views" directory does not exist. in D:\Project\Techsense\vendor\symfony\finder\Finder.php:649
Stack trace:
#0 D:\Project\Techsense\vendor\laravel\framework\src\Illuminate\Filesystem\Filesystem.php(569): Symfony\Component\Finder\Finder->in('D:\\Project\\Tech...')
#1 Command line code(1): Illuminate\Filesystem\Filesystem->files('D:\\Project\\Tech...')
#2 Command line code(1): getViews('D:\\Project\\Tech...', Object(Illuminate\Filesystem\Filesystem))
#3 {main}
  thrown {"exception":"[object] (Symfony\\Component\\ErrorHandler\\Error\\FatalError(code: 0): Uncaught Symfony\\Component\\Finder\\Exception\\DirectoryNotFoundException: The \"D:\\Project\\Techsense\\custom_views\" directory does not exist. in D:\\Project\\Techsense\\vendor\\symfony\\finder\\Finder.php:649
Stack trace:
#0 D:\\Project\\Techsense\\vendor\\laravel\\framework\\src\\Illuminate\\Filesystem\\Filesystem.php(569): Symfony\\Component\\Finder\\Finder->in('D:\\\\Project\\\\Tech...')
#1 Command line code(1): Illuminate\\Filesystem\\Filesystem->files('D:\\\\Project\\\\Tech...')
#2 Command line code(1): getViews('D:\\\\Project\\\\Tech...', Object(Illuminate\\Filesystem\\Filesystem))
#3 {main}
  thrown at D:\\Project\\Techsense\\vendor\\symfony\\finder\\Finder.php:649)
[stacktrace]
#0 D:\\Project\\Techsense\\vendor\\laravel\\framework\\src\\Illuminate\\Foundation\\Bootstrap\\HandleExceptions.php(259): Symfony\\Component\\ErrorHandler\\Error\\FatalError->__construct(message: ''Uncaught Symfo...', code: '0', error: '['type' => 1, '...', traceOffset: '0', traceArgs: '???', trace: '???')
#1 D:\\Project\\Techsense\\vendor\\laravel\\framework\\src\\Illuminate\\Foundation\\Bootstrap\\HandleExceptions.php(246): Illuminate\\Foundation\\Bootstrap\\HandleExceptions->fatalErrorFromPhpError(error: '['type' => 1, '...', traceOffset: '0')
#2 D:\\Project\\Techsense\\vendor\\laravel\\framework\\src\\Illuminate\\Foundation\\Bootstrap\\HandleExceptions.php(270): Illuminate\\Foundation\\Bootstrap\\HandleExceptions->handleShutdown()
#3 D:\\Project\\Techsense\\vendor\\laravel\\framework\\src\\Illuminate\\Foundation\\Bootstrap\\HandleExceptions.php(0): Illuminate\\Foundation\\Bootstrap\\HandleExceptions->Illuminate\\Foundation\\Bootstrap\\{closure:D:\\Project\\Techsense\\vendor\\laravel\\framework\\src\\Illuminate\\Foundation\\Bootstrap\\HandleExceptions.php:269-271}()
#4 {main}
"} 
[2025-09-21 12:39:13] live.ERROR: Uncaught Symfony\Component\Finder\Exception\DirectoryNotFoundException: The "D:\Project\Techsense\custom_views" directory does not exist. in D:\Project\Techsense\vendor\symfony\finder\Finder.php:649
Stack trace:
#0 D:\Project\Techsense\vendor\laravel\framework\src\Illuminate\Filesystem\Filesystem.php(569): Symfony\Component\Finder\Finder->in('D:\\Project\\Tech...')
#1 Command line code(1): Illuminate\Filesystem\Filesystem->files('D:\\Project\\Tech...')
#2 Command line code(1): getViews('D:\\Project\\Tech...', Object(Illuminate\Filesystem\Filesystem))
#3 {main}
  thrown {"exception":"[object] (Symfony\\Component\\ErrorHandler\\Error\\FatalError(code: 0): Uncaught Symfony\\Component\\Finder\\Exception\\DirectoryNotFoundException: The \"D:\\Project\\Techsense\\custom_views\" directory does not exist. in D:\\Project\\Techsense\\vendor\\symfony\\finder\\Finder.php:649
Stack trace:
#0 D:\\Project\\Techsense\\vendor\\laravel\\framework\\src\\Illuminate\\Filesystem\\Filesystem.php(569): Symfony\\Component\\Finder\\Finder->in('D:\\\\Project\\\\Tech...')
#1 Command line code(1): Illuminate\\Filesystem\\Filesystem->files('D:\\\\Project\\\\Tech...')
#2 Command line code(1): getViews('D:\\\\Project\\\\Tech...', Object(Illuminate\\Filesystem\\Filesystem))
#3 {main}
  thrown at D:\\Project\\Techsense\\vendor\\symfony\\finder\\Finder.php:649)
[stacktrace]
#0 D:\\Project\\Techsense\\vendor\\laravel\\framework\\src\\Illuminate\\Foundation\\Bootstrap\\HandleExceptions.php(259): Symfony\\Component\\ErrorHandler\\Error\\FatalError->__construct(message: ''Uncaught Symfo...', code: '0', error: '['type' => 1, '...', traceOffset: '0', traceArgs: '???', trace: '???')
#1 D:\\Project\\Techsense\\vendor\\laravel\\framework\\src\\Illuminate\\Foundation\\Bootstrap\\HandleExceptions.php(246): Illuminate\\Foundation\\Bootstrap\\HandleExceptions->fatalErrorFromPhpError(error: '['type' => 1, '...', traceOffset: '0')
#2 D:\\Project\\Techsense\\vendor\\laravel\\framework\\src\\Illuminate\\Foundation\\Bootstrap\\HandleExceptions.php(270): Illuminate\\Foundation\\Bootstrap\\HandleExceptions->handleShutdown()
#3 D:\\Project\\Techsense\\vendor\\laravel\\framework\\src\\Illuminate\\Foundation\\Bootstrap\\HandleExceptions.php(0): Illuminate\\Foundation\\Bootstrap\\HandleExceptions->Illuminate\\Foundation\\Bootstrap\\{closure:D:\\Project\\Techsense\\vendor\\laravel\\framework\\src\\Illuminate\\Foundation\\Bootstrap\\HandleExceptions.php:269-271}()
#4 {main}
"} 
[2025-09-21 12:39:15] live.ERROR: Uncaught Symfony\Component\Finder\Exception\DirectoryNotFoundException: The "D:\Project\Techsense\custom_views" directory does not exist. in D:\Project\Techsense\vendor\symfony\finder\Finder.php:649
Stack trace:
#0 D:\Project\Techsense\vendor\laravel\framework\src\Illuminate\Filesystem\Filesystem.php(569): Symfony\Component\Finder\Finder->in('D:\\Project\\Tech...')
#1 Command line code(1): Illuminate\Filesystem\Filesystem->files('D:\\Project\\Tech...')
#2 Command line code(1): getViews('D:\\Project\\Tech...', Object(Illuminate\Filesystem\Filesystem))
#3 {main}
  thrown {"exception":"[object] (Symfony\\Component\\ErrorHandler\\Error\\FatalError(code: 0): Uncaught Symfony\\Component\\Finder\\Exception\\DirectoryNotFoundException: The \"D:\\Project\\Techsense\\custom_views\" directory does not exist. in D:\\Project\\Techsense\\vendor\\symfony\\finder\\Finder.php:649
Stack trace:
#0 D:\\Project\\Techsense\\vendor\\laravel\\framework\\src\\Illuminate\\Filesystem\\Filesystem.php(569): Symfony\\Component\\Finder\\Finder->in('D:\\\\Project\\\\Tech...')
#1 Command line code(1): Illuminate\\Filesystem\\Filesystem->files('D:\\\\Project\\\\Tech...')
#2 Command line code(1): getViews('D:\\\\Project\\\\Tech...', Object(Illuminate\\Filesystem\\Filesystem))
#3 {main}
  thrown at D:\\Project\\Techsense\\vendor\\symfony\\finder\\Finder.php:649)
[stacktrace]
#0 D:\\Project\\Techsense\\vendor\\laravel\\framework\\src\\Illuminate\\Foundation\\Bootstrap\\HandleExceptions.php(259): Symfony\\Component\\ErrorHandler\\Error\\FatalError->__construct(message: ''Uncaught Symfo...', code: '0', error: '['type' => 1, '...', traceOffset: '0', traceArgs: '???', trace: '???')
#1 D:\\Project\\Techsense\\vendor\\laravel\\framework\\src\\Illuminate\\Foundation\\Bootstrap\\HandleExceptions.php(246): Illuminate\\Foundation\\Bootstrap\\HandleExceptions->fatalErrorFromPhpError(error: '['type' => 1, '...', traceOffset: '0')
#2 D:\\Project\\Techsense\\vendor\\laravel\\framework\\src\\Illuminate\\Foundation\\Bootstrap\\HandleExceptions.php(270): Illuminate\\Foundation\\Bootstrap\\HandleExceptions->handleShutdown()
#3 D:\\Project\\Techsense\\vendor\\laravel\\framework\\src\\Illuminate\\Foundation\\Bootstrap\\HandleExceptions.php(0): Illuminate\\Foundation\\Bootstrap\\HandleExceptions->Illuminate\\Foundation\\Bootstrap\\{closure:D:\\Project\\Techsense\\vendor\\laravel\\framework\\src\\Illuminate\\Foundation\\Bootstrap\\HandleExceptions.php:269-271}()
#4 {main}
"} 
[2025-09-21 12:39:17] live.ERROR: Uncaught Symfony\Component\Finder\Exception\DirectoryNotFoundException: The "D:\Project\Techsense\custom_views" directory does not exist. in D:\Project\Techsense\vendor\symfony\finder\Finder.php:649
Stack trace:
#0 D:\Project\Techsense\vendor\laravel\framework\src\Illuminate\Filesystem\Filesystem.php(569): Symfony\Component\Finder\Finder->in('D:\\Project\\Tech...')
#1 Command line code(1): Illuminate\Filesystem\Filesystem->files('D:\\Project\\Tech...')
#2 Command line code(1): getViews('D:\\Project\\Tech...', Object(Illuminate\Filesystem\Filesystem))
#3 {main}
  thrown {"exception":"[object] (Symfony\\Component\\ErrorHandler\\Error\\FatalError(code: 0): Uncaught Symfony\\Component\\Finder\\Exception\\DirectoryNotFoundException: The \"D:\\Project\\Techsense\\custom_views\" directory does not exist. in D:\\Project\\Techsense\\vendor\\symfony\\finder\\Finder.php:649
Stack trace:
#0 D:\\Project\\Techsense\\vendor\\laravel\\framework\\src\\Illuminate\\Filesystem\\Filesystem.php(569): Symfony\\Component\\Finder\\Finder->in('D:\\\\Project\\\\Tech...')
#1 Command line code(1): Illuminate\\Filesystem\\Filesystem->files('D:\\\\Project\\\\Tech...')
#2 Command line code(1): getViews('D:\\\\Project\\\\Tech...', Object(Illuminate\\Filesystem\\Filesystem))
#3 {main}
  thrown at D:\\Project\\Techsense\\vendor\\symfony\\finder\\Finder.php:649)
[stacktrace]
#0 D:\\Project\\Techsense\\vendor\\laravel\\framework\\src\\Illuminate\\Foundation\\Bootstrap\\HandleExceptions.php(259): Symfony\\Component\\ErrorHandler\\Error\\FatalError->__construct(message: ''Uncaught Symfo...', code: '0', error: '['type' => 1, '...', traceOffset: '0', traceArgs: '???', trace: '???')
#1 D:\\Project\\Techsense\\vendor\\laravel\\framework\\src\\Illuminate\\Foundation\\Bootstrap\\HandleExceptions.php(246): Illuminate\\Foundation\\Bootstrap\\HandleExceptions->fatalErrorFromPhpError(error: '['type' => 1, '...', traceOffset: '0')
#2 D:\\Project\\Techsense\\vendor\\laravel\\framework\\src\\Illuminate\\Foundation\\Bootstrap\\HandleExceptions.php(270): Illuminate\\Foundation\\Bootstrap\\HandleExceptions->handleShutdown()
#3 D:\\Project\\Techsense\\vendor\\laravel\\framework\\src\\Illuminate\\Foundation\\Bootstrap\\HandleExceptions.php(0): Illuminate\\Foundation\\Bootstrap\\HandleExceptions->Illuminate\\Foundation\\Bootstrap\\{closure:D:\\Project\\Techsense\\vendor\\laravel\\framework\\src\\Illuminate\\Foundation\\Bootstrap\\HandleExceptions.php:269-271}()
#4 {main}
"} 
[2025-09-21 12:39:19] live.ERROR: Uncaught Symfony\Component\Finder\Exception\DirectoryNotFoundException: The "D:\Project\Techsense\custom_views" directory does not exist. in D:\Project\Techsense\vendor\symfony\finder\Finder.php:649
Stack trace:
#0 D:\Project\Techsense\vendor\laravel\framework\src\Illuminate\Filesystem\Filesystem.php(569): Symfony\Component\Finder\Finder->in('D:\\Project\\Tech...')
#1 Command line code(1): Illuminate\Filesystem\Filesystem->files('D:\\Project\\Tech...')
#2 Command line code(1): getViews('D:\\Project\\Tech...', Object(Illuminate\Filesystem\Filesystem))
#3 {main}
  thrown {"exception":"[object] (Symfony\\Component\\ErrorHandler\\Error\\FatalError(code: 0): Uncaught Symfony\\Component\\Finder\\Exception\\DirectoryNotFoundException: The \"D:\\Project\\Techsense\\custom_views\" directory does not exist. in D:\\Project\\Techsense\\vendor\\symfony\\finder\\Finder.php:649
Stack trace:
#0 D:\\Project\\Techsense\\vendor\\laravel\\framework\\src\\Illuminate\\Filesystem\\Filesystem.php(569): Symfony\\Component\\Finder\\Finder->in('D:\\\\Project\\\\Tech...')
#1 Command line code(1): Illuminate\\Filesystem\\Filesystem->files('D:\\\\Project\\\\Tech...')
#2 Command line code(1): getViews('D:\\\\Project\\\\Tech...', Object(Illuminate\\Filesystem\\Filesystem))
#3 {main}
  thrown at D:\\Project\\Techsense\\vendor\\symfony\\finder\\Finder.php:649)
[stacktrace]
#0 D:\\Project\\Techsense\\vendor\\laravel\\framework\\src\\Illuminate\\Foundation\\Bootstrap\\HandleExceptions.php(259): Symfony\\Component\\ErrorHandler\\Error\\FatalError->__construct(message: ''Uncaught Symfo...', code: '0', error: '['type' => 1, '...', traceOffset: '0', traceArgs: '???', trace: '???')
#1 D:\\Project\\Techsense\\vendor\\laravel\\framework\\src\\Illuminate\\Foundation\\Bootstrap\\HandleExceptions.php(246): Illuminate\\Foundation\\Bootstrap\\HandleExceptions->fatalErrorFromPhpError(error: '['type' => 1, '...', traceOffset: '0')
#2 D:\\Project\\Techsense\\vendor\\laravel\\framework\\src\\Illuminate\\Foundation\\Bootstrap\\HandleExceptions.php(270): Illuminate\\Foundation\\Bootstrap\\HandleExceptions->handleShutdown()
#3 D:\\Project\\Techsense\\vendor\\laravel\\framework\\src\\Illuminate\\Foundation\\Bootstrap\\HandleExceptions.php(0): Illuminate\\Foundation\\Bootstrap\\HandleExceptions->Illuminate\\Foundation\\Bootstrap\\{closure:D:\\Project\\Techsense\\vendor\\laravel\\framework\\src\\Illuminate\\Foundation\\Bootstrap\\HandleExceptions.php:269-271}()
#4 {main}
"} 
[2025-09-21 12:39:22] live.ERROR: Uncaught Symfony\Component\Finder\Exception\DirectoryNotFoundException: The "D:\Project\Techsense\custom_views" directory does not exist. in D:\Project\Techsense\vendor\symfony\finder\Finder.php:649
Stack trace:
#0 D:\Project\Techsense\vendor\laravel\framework\src\Illuminate\Filesystem\Filesystem.php(569): Symfony\Component\Finder\Finder->in('D:\\Project\\Tech...')
#1 Command line code(1): Illuminate\Filesystem\Filesystem->files('D:\\Project\\Tech...')
#2 Command line code(1): getViews('D:\\Project\\Tech...', Object(Illuminate\Filesystem\Filesystem))
#3 {main}
  thrown {"exception":"[object] (Symfony\\Component\\ErrorHandler\\Error\\FatalError(code: 0): Uncaught Symfony\\Component\\Finder\\Exception\\DirectoryNotFoundException: The \"D:\\Project\\Techsense\\custom_views\" directory does not exist. in D:\\Project\\Techsense\\vendor\\symfony\\finder\\Finder.php:649
Stack trace:
#0 D:\\Project\\Techsense\\vendor\\laravel\\framework\\src\\Illuminate\\Filesystem\\Filesystem.php(569): Symfony\\Component\\Finder\\Finder->in('D:\\\\Project\\\\Tech...')
#1 Command line code(1): Illuminate\\Filesystem\\Filesystem->files('D:\\\\Project\\\\Tech...')
#2 Command line code(1): getViews('D:\\\\Project\\\\Tech...', Object(Illuminate\\Filesystem\\Filesystem))
#3 {main}
  thrown at D:\\Project\\Techsense\\vendor\\symfony\\finder\\Finder.php:649)
[stacktrace]
#0 D:\\Project\\Techsense\\vendor\\laravel\\framework\\src\\Illuminate\\Foundation\\Bootstrap\\HandleExceptions.php(259): Symfony\\Component\\ErrorHandler\\Error\\FatalError->__construct(message: ''Uncaught Symfo...', code: '0', error: '['type' => 1, '...', traceOffset: '0', traceArgs: '???', trace: '???')
#1 D:\\Project\\Techsense\\vendor\\laravel\\framework\\src\\Illuminate\\Foundation\\Bootstrap\\HandleExceptions.php(246): Illuminate\\Foundation\\Bootstrap\\HandleExceptions->fatalErrorFromPhpError(error: '['type' => 1, '...', traceOffset: '0')
#2 D:\\Project\\Techsense\\vendor\\laravel\\framework\\src\\Illuminate\\Foundation\\Bootstrap\\HandleExceptions.php(270): Illuminate\\Foundation\\Bootstrap\\HandleExceptions->handleShutdown()
#3 D:\\Project\\Techsense\\vendor\\laravel\\framework\\src\\Illuminate\\Foundation\\Bootstrap\\HandleExceptions.php(0): Illuminate\\Foundation\\Bootstrap\\HandleExceptions->Illuminate\\Foundation\\Bootstrap\\{closure:D:\\Project\\Techsense\\vendor\\laravel\\framework\\src\\Illuminate\\Foundation\\Bootstrap\\HandleExceptions.php:269-271}()
#4 {main}
"} 
[2025-09-21 12:39:24] live.ERROR: Uncaught Symfony\Component\Finder\Exception\DirectoryNotFoundException: The "D:\Project\Techsense\custom_views" directory does not exist. in D:\Project\Techsense\vendor\symfony\finder\Finder.php:649
Stack trace:
#0 D:\Project\Techsense\vendor\laravel\framework\src\Illuminate\Filesystem\Filesystem.php(569): Symfony\Component\Finder\Finder->in('D:\\Project\\Tech...')
#1 Command line code(1): Illuminate\Filesystem\Filesystem->files('D:\\Project\\Tech...')
#2 Command line code(1): getViews('D:\\Project\\Tech...', Object(Illuminate\Filesystem\Filesystem))
#3 {main}
  thrown {"exception":"[object] (Symfony\\Component\\ErrorHandler\\Error\\FatalError(code: 0): Uncaught Symfony\\Component\\Finder\\Exception\\DirectoryNotFoundException: The \"D:\\Project\\Techsense\\custom_views\" directory does not exist. in D:\\Project\\Techsense\\vendor\\symfony\\finder\\Finder.php:649
Stack trace:
#0 D:\\Project\\Techsense\\vendor\\laravel\\framework\\src\\Illuminate\\Filesystem\\Filesystem.php(569): Symfony\\Component\\Finder\\Finder->in('D:\\\\Project\\\\Tech...')
#1 Command line code(1): Illuminate\\Filesystem\\Filesystem->files('D:\\\\Project\\\\Tech...')
#2 Command line code(1): getViews('D:\\\\Project\\\\Tech...', Object(Illuminate\\Filesystem\\Filesystem))
#3 {main}
  thrown at D:\\Project\\Techsense\\vendor\\symfony\\finder\\Finder.php:649)
[stacktrace]
#0 D:\\Project\\Techsense\\vendor\\laravel\\framework\\src\\Illuminate\\Foundation\\Bootstrap\\HandleExceptions.php(259): Symfony\\Component\\ErrorHandler\\Error\\FatalError->__construct(message: ''Uncaught Symfo...', code: '0', error: '['type' => 1, '...', traceOffset: '0', traceArgs: '???', trace: '???')
#1 D:\\Project\\Techsense\\vendor\\laravel\\framework\\src\\Illuminate\\Foundation\\Bootstrap\\HandleExceptions.php(246): Illuminate\\Foundation\\Bootstrap\\HandleExceptions->fatalErrorFromPhpError(error: '['type' => 1, '...', traceOffset: '0')
#2 D:\\Project\\Techsense\\vendor\\laravel\\framework\\src\\Illuminate\\Foundation\\Bootstrap\\HandleExceptions.php(270): Illuminate\\Foundation\\Bootstrap\\HandleExceptions->handleShutdown()
#3 D:\\Project\\Techsense\\vendor\\laravel\\framework\\src\\Illuminate\\Foundation\\Bootstrap\\HandleExceptions.php(0): Illuminate\\Foundation\\Bootstrap\\HandleExceptions->Illuminate\\Foundation\\Bootstrap\\{closure:D:\\Project\\Techsense\\vendor\\laravel\\framework\\src\\Illuminate\\Foundation\\Bootstrap\\HandleExceptions.php:269-271}()
#4 {main}
"} 
